date,category,name,price,availability,url
2026-05-17,Dysk,ADATA Dysk SSD External SD810 2TB USB3.2C 20Gb/s Srebrny,1349.0,,https://www.x-kom.pl/p/1211896-dysk-zewnetrzny-ssd-adata-dysk-ssd-external-sd810-2tb-usb32c-20gb-s-srebrny.html
2026-05-17,Dysk,Lexar 1TB M.2 PCIe Gen4 NVMe NM790,699.0,,https://www.x-kom.pl/p/1146134-dysk-ssd-lexar-1tb-m2-pcie-gen4-nvme-nm790.html
2026-05-17,Dysk,Samsung 2TB M.2 PCIe Gen5 NVMe 9100 PRO,2199.0,,https://www.x-kom.pl/p/1322624-dysk-ssd-samsung-2tb-m2-pcie-gen5-nvme-9100-pro.html
2026-05-17,Dysk,Seagate BARRACUDA 2TB 7200obr. 256MB,525.0,,https://www.x-kom.pl/p/461759-dysk-hdd-seagate-barracuda-2tb-7200obr-256mb.html
2026-05-17,Dysk,Synology HAT3320-8T 8TB Plus,1749.0,,https://www.x-kom.pl/p/1418298-dysk-hdd-synology-hat3320-8t-8tb-plus.html
2026-05-17,Karta graficzna,Gigabyte GeForce RTX 5070 Windforce OC 12GB GDDR7 DLSS4,2899.0,Zobacz produkty,https://www.x-kom.pl/p/1318534-karta-graficzna-nvidia-gigabyte-geforce-rtx-5070-windforce-oc-12gb-gddr7-dlss4.html
2026-05-17,Karta graficzna,Gigabyte GeForce RTX 5080 Windforce OC 16GB GDDR7 DLSS4,5999.0,,https://www.x-kom.pl/p/1309189-karta-graficzna-nvidia-gigabyte-geforce-rtx-5080-windforce-oc-16gb-gddr7-dlss4.html
2026-05-17,Karta graficzna,Gigabyte Radeon RX 9060 XT Gaming OC 16GB GDDR6,2099.0,Zobacz produkty,https://www.x-kom.pl/p/1339802-karta-graficzna-amd-gigabyte-radeon-rx-9060-xt-gaming-oc-16gb-gddr6.html
2026-05-17,Karta graficzna,MSI GeForce RTX 5090 Gaming Trio OC 32GB GDDR7 DLSS4,18999.0,Zobacz produkty,https://www.x-kom.pl/p/1314559-karta-graficzna-nvidia-msi-geforce-rtx-5090-gaming-trio-oc-32gb-gddr7-dlss4.html
2026-05-17,Karta graficzna,PowerColor Radeon RX 7600 Fighter 8GB V2 GDDR6,999.0,,https://www.x-kom.pl/p/1368326-karta-graficzna-amd-powercolor-radeon-rx-7600-fighter-8gb-v2-gddr6.html
2026-05-17,Pamięć RAM,Corsair 16GB (2x8GB) 5600 CL40 Vengeance RGB,1259.0,,https://www.x-kom.pl/p/1486220-pamiec-ram-ddr5-corsair-16gb-2x8gb-5600-cl40-vengeance-rgb.html
2026-05-17,Pamięć RAM,G.SKILL 32GB (2x16GB) 3200MHz CL16 Aegis,1169.0,,https://www.x-kom.pl/p/539275-pamiec-ram-ddr4-gskill-32gb-2x16gb-3200mhz-cl16-aegis.html
2026-05-17,Pamięć RAM,GOODRAM 8GB (1x8GB) 1600MHz CL11,199.0,,https://www.x-kom.pl/p/420909-pamiec-ram-sodimm-ddr3-goodram-8gb-1x8gb-1600mhz-cl11.html
2026-05-17,Pamięć RAM,Kingston FURY 16GB (2x8GB) 3200MHz CL16 Beast Black,699.0,,https://www.x-kom.pl/p/667295-pamiec-ram-ddr4-kingston-fury-16gb-2x8gb-3200mhz-cl16-beast-black.html
2026-05-17,Pamięć RAM,Patriot 32GB (2x16GB) 6000MT/s CL30 Venom,1649.0,,https://www.x-kom.pl/p/1258925-pamiec-ram-ddr5-patriot-32gb-2x16gb-6000mt-s-cl30-venom.html
2026-05-17,Procesor,AMD Ryzen 7 5800X,879.0,,https://www.x-kom.pl/p/597430-procesor-amd-ryzen-7-amd-ryzen-7-5800x.html
2026-05-17,Procesor,AMD Ryzen 7 9800X3D,1799.0,,https://www.x-kom.pl/p/1292320-procesor-amd-ryzen-7-amd-ryzen-7-9800x3d.html
2026-05-17,Procesor,AMD Ryzen Threadripper PRO 9995WX,51399.0,,https://www.x-kom.pl/p/1352192-procesor-amd-threadripper-amd-ryzen-threadripper-pro-9995wx.html
2026-05-17,Procesor,Intel Core i5-12400F,669.0,,https://www.x-kom.pl/p/702238-procesory-intel-core-i5-intel-core-i5-12400f.html
2026-05-17,Procesor,Intel Core i7-12700KF,1099.0,,https://www.x-kom.pl/p/689604-procesor-intel-core-i7-intel-core-i7-12700kf.html
2026-05-17,Płyta główna,ASRock A520M-ITX/AC,429.0,,https://www.x-kom.pl/p/613677-plyta-glowna-socket-am4-asrock-a520m-itx-ac.html
2026-05-17,Płyta główna,ASUS TUF GAMING B850-PLUS WIFI,809.0,,https://www.x-kom.pl/p/1306481-plyta-glowna-socket-am5-asus-tuf-gaming-b850-plus-wifi.html
2026-05-17,Płyta główna,Gigabyte B650 EAGLE AX,539.0,,https://www.x-kom.pl/p/1226980-plyta-glowna-socket-am5-gigabyte-b650-eagle-ax.html
2026-05-17,Płyta główna,Gigabyte X870 AORUS ELITE WIFI7 ICE,1119.0,,https://www.x-kom.pl/p/1282691-plyta-glowna-socket-am5-gigabyte-x870-aorus-elite-wifi7-ice.html
2026-05-17,Płyta główna,MSI B550 GAMING WIFI,575.0,,https://www.x-kom.pl/p/1480681-plyta-glowna-socket-am4-msi-b550-gaming-wifi.html
2026-05-18,Dysk,ADATA Dysk SSD External SD810 2TB USB3.2C 20Gb/s Srebrny,1349.0,,https://www.x-kom.pl/p/1211896-dysk-zewnetrzny-ssd-adata-dysk-ssd-external-sd810-2tb-usb32c-20gb-s-srebrny.html
2026-05-18,Dysk,Lexar 1TB M.2 PCIe Gen4 NVMe NM790,699.0,,https://www.x-kom.pl/p/1146134-dysk-ssd-lexar-1tb-m2-pcie-gen4-nvme-nm790.html
2026-05-18,Dysk,Samsung 2TB M.2 PCIe Gen5 NVMe 9100 PRO,2199.0,,https://www.x-kom.pl/p/1322624-dysk-ssd-samsung-2tb-m2-pcie-gen5-nvme-9100-pro.html
2026-05-18,Dysk,Seagate BARRACUDA 2TB 7200obr. 256MB,525.0,,https://www.x-kom.pl/p/461759-dysk-hdd-seagate-barracuda-2tb-7200obr-256mb.html
2026-05-18,Dysk,Synology HAT3320-8T 8TB Plus,1749.0,,https://www.x-kom.pl/p/1418298-dysk-hdd-synology-hat3320-8t-8tb-plus.html
2026-05-18,Karta graficzna,Gigabyte GeForce RTX 5070 Windforce OC 12GB GDDR7 DLSS4,2899.0,,https://www.x-kom.pl/p/1318534-karta-graficzna-nvidia-gigabyte-geforce-rtx-5070-windforce-oc-12gb-gddr7-dlss4.html
2026-05-18,Karta graficzna,Gigabyte GeForce RTX 5080 Windforce OC 16GB GDDR7 DLSS4,5999.0,,https://www.x-kom.pl/p/1309189-karta-graficzna-nvidia-gigabyte-geforce-rtx-5080-windforce-oc-16gb-gddr7-dlss4.html
2026-05-18,Karta graficzna,Gigabyte Radeon RX 9060 XT Gaming OC 16GB GDDR6,2099.0,,https://www.x-kom.pl/p/1339802-karta-graficzna-amd-gigabyte-radeon-rx-9060-xt-gaming-oc-16gb-gddr6.html
2026-05-18,Karta graficzna,MSI GeForce RTX 5090 Gaming Trio OC 32GB GDDR7 DLSS4,18999.0,,https://www.x-kom.pl/p/1314559-karta-graficzna-nvidia-msi-geforce-rtx-5090-gaming-trio-oc-32gb-gddr7-dlss4.html
2026-05-18,Karta graficzna,PowerColor Radeon RX 7600 Fighter 8GB V2 GDDR6,999.0,,https://www.x-kom.pl/p/1368326-karta-graficzna-amd-powercolor-radeon-rx-7600-fighter-8gb-v2-gddr6.html
2026-05-18,Pamięć RAM,Corsair 16GB (2x8GB) 5600 CL40 Vengeance RGB,1259.0,,https://www.x-kom.pl/p/1486220-pamiec-ram-ddr5-corsair-16gb-2x8gb-5600-cl40-vengeance-rgb.html
2026-05-18,Pamięć RAM,G.SKILL 32GB (2x16GB) 3200MHz CL16 Aegis,1169.0,,https://www.x-kom.pl/p/539275-pamiec-ram-ddr4-gskill-32gb-2x16gb-3200mhz-cl16-aegis.html
2026-05-18,Pamięć RAM,GOODRAM 8GB (1x8GB) 1600MHz CL11,199.0,,https://www.x-kom.pl/p/420909-pamiec-ram-sodimm-ddr3-goodram-8gb-1x8gb-1600mhz-cl11.html
2026-05-18,Pamięć RAM,Kingston FURY 16GB (2x8GB) 3200MHz CL16 Beast Black,699.0,,https://www.x-kom.pl/p/667295-pamiec-ram-ddr4-kingston-fury-16gb-2x8gb-3200mhz-cl16-beast-black.html
2026-05-18,Pamięć RAM,Patriot 32GB (2x16GB) 6000MT/s CL30 Venom,1649.0,,https://www.x-kom.pl/p/1258925-pamiec-ram-ddr5-patriot-32gb-2x16gb-6000mt-s-cl30-venom.html
2026-05-18,Procesor,AMD Ryzen 7 5800X,879.0,,https://www.x-kom.pl/p/597430-procesor-amd-ryzen-7-amd-ryzen-7-5800x.html
2026-05-18,Procesor,AMD Ryzen 7 9800X3D,1799.0,,https://www.x-kom.pl/p/1292320-procesor-amd-ryzen-7-amd-ryzen-7-9800x3d.html
2026-05-18,Procesor,AMD Ryzen Threadripper PRO 9995WX,51399.0,,https://www.x-kom.pl/p/1352192-procesor-amd-threadripper-amd-ryzen-threadripper-pro-9995wx.html
2026-05-18,Procesor,Intel Core i5-12400F,669.0,,https://www.x-kom.pl/p/702238-procesory-intel-core-i5-intel-core-i5-12400f.html
2026-05-18,Procesor,Intel Core i7-12700KF,1099.0,,https://www.x-kom.pl/p/689604-procesor-intel-core-i7-intel-core-i7-12700kf.html
2026-05-18,Płyta główna,ASRock A520M-ITX/AC,429.0,,https://www.x-kom.pl/p/613677-plyta-glowna-socket-am4-asrock-a520m-itx-ac.html
2026-05-18,Płyta główna,ASUS TUF GAMING B850-PLUS WIFI,809.0,,https://www.x-kom.pl/p/1306481-plyta-glowna-socket-am5-asus-tuf-gaming-b850-plus-wifi.html
2026-05-18,Płyta główna,Gigabyte B650 EAGLE AX,539.0,,https://www.x-kom.pl/p/1226980-plyta-glowna-socket-am5-gigabyte-b650-eagle-ax.html
2026-05-18,Płyta główna,Gigabyte X870 AORUS ELITE WIFI7 ICE,1119.0,,https://www.x-kom.pl/p/1282691-plyta-glowna-socket-am5-gigabyte-x870-aorus-elite-wifi7-ice.html
2026-05-18,Płyta główna,MSI B550 GAMING WIFI,575.0,,https://www.x-kom.pl/p/1480681-plyta-glowna-socket-am4-msi-b550-gaming-wifi.html
2026-05-19,Dysk,ADATA Dysk SSD External SD810 2TB USB3.2C 20Gb/s Srebrny,1349.0,,https://www.x-kom.pl/p/1211896-dysk-zewnetrzny-ssd-adata-dysk-ssd-external-sd810-2tb-usb32c-20gb-s-srebrny.html
2026-05-19,Dysk,Lexar 1TB M.2 PCIe Gen4 NVMe NM790,699.0,,https://www.x-kom.pl/p/1146134-dysk-ssd-lexar-1tb-m2-pcie-gen4-nvme-nm790.html
2026-05-19,Dysk,Samsung 2TB M.2 PCIe Gen5 NVMe 9100 PRO,2199.0,,https://www.x-kom.pl/p/1322624-dysk-ssd-samsung-2tb-m2-pcie-gen5-nvme-9100-pro.html
2026-05-19,Dysk,Seagate BARRACUDA 2TB 7200obr. 256MB,525.0,,https://www.x-kom.pl/p/461759-dysk-hdd-seagate-barracuda-2tb-7200obr-256mb.html
2026-05-19,Dysk,Synology HAT3320-8T 8TB Plus,1749.0,,https://www.x-kom.pl/p/1418298-dysk-hdd-synology-hat3320-8t-8tb-plus.html
2026-05-19,Karta graficzna,Gigabyte GeForce RTX 5070 Windforce OC 12GB GDDR7 DLSS4,2899.0,Zobacz produkty,https://www.x-kom.pl/p/1318534-karta-graficzna-nvidia-gigabyte-geforce-rtx-5070-windforce-oc-12gb-gddr7-dlss4.html
2026-05-19,Karta graficzna,Gigabyte GeForce RTX 5080 Windforce OC 16GB GDDR7 DLSS4,5999.0,,https://www.x-kom.pl/p/1309189-karta-graficzna-nvidia-gigabyte-geforce-rtx-5080-windforce-oc-16gb-gddr7-dlss4.html
2026-05-19,Karta graficzna,Gigabyte Radeon RX 9060 XT Gaming OC 16GB GDDR6,2099.0,Zobacz produkty,https://www.x-kom.pl/p/1339802-karta-graficzna-amd-gigabyte-radeon-rx-9060-xt-gaming-oc-16gb-gddr6.html
2026-05-19,Karta graficzna,MSI GeForce RTX 5090 Gaming Trio OC 32GB GDDR7 DLSS4,18999.0,Zobacz produkty,https://www.x-kom.pl/p/1314559-karta-graficzna-nvidia-msi-geforce-rtx-5090-gaming-trio-oc-32gb-gddr7-dlss4.html
2026-05-19,Karta graficzna,PowerColor Radeon RX 7600 Fighter 8GB V2 GDDR6,999.0,,https://www.x-kom.pl/p/1368326-karta-graficzna-amd-powercolor-radeon-rx-7600-fighter-8gb-v2-gddr6.html
2026-05-19,Pamięć RAM,Corsair 16GB (2x8GB) 5600 CL40 Vengeance RGB,1259.0,,https://www.x-kom.pl/p/1486220-pamiec-ram-ddr5-corsair-16gb-2x8gb-5600-cl40-vengeance-rgb.html
2026-05-19,Pamięć RAM,G.SKILL 32GB (2x16GB) 3200MHz CL16 Aegis,1169.0,,https://www.x-kom.pl/p/539275-pamiec-ram-ddr4-gskill-32gb-2x16gb-3200mhz-cl16-aegis.html
2026-05-19,Pamięć RAM,GOODRAM 8GB (1x8GB) 1600MHz CL11,199.0,,https://www.x-kom.pl/p/420909-pamiec-ram-sodimm-ddr3-goodram-8gb-1x8gb-1600mhz-cl11.html
2026-05-19,Pamięć RAM,Kingston FURY 16GB (2x8GB) 3200MHz CL16 Beast Black,699.0,,https://www.x-kom.pl/p/667295-pamiec-ram-ddr4-kingston-fury-16gb-2x8gb-3200mhz-cl16-beast-black.html
2026-05-19,Pamięć RAM,Patriot 32GB (2x16GB) 6000MT/s CL30 Venom,1645.0,,https://www.x-kom.pl/p/1258925-pamiec-ram-ddr5-patriot-32gb-2x16gb-6000mt-s-cl30-venom.html
2026-05-19,Procesor,AMD Ryzen 7 5800X,879.0,,https://www.x-kom.pl/p/597430-procesor-amd-ryzen-7-amd-ryzen-7-5800x.html
2026-05-19,Procesor,AMD Ryzen 7 9800X3D,1799.0,,https://www.x-kom.pl/p/1292320-procesor-amd-ryzen-7-amd-ryzen-7-9800x3d.html
2026-05-19,Procesor,AMD Ryzen Threadripper PRO 9995WX,51399.0,,https://www.x-kom.pl/p/1352192-procesor-amd-threadripper-amd-ryzen-threadripper-pro-9995wx.html
2026-05-19,Procesor,Intel Core i5-12400F,669.0,,https://www.x-kom.pl/p/702238-procesory-intel-core-i5-intel-core-i5-12400f.html
2026-05-19,Procesor,Intel Core i7-12700KF,1099.0,,https://www.x-kom.pl/p/689604-procesor-intel-core-i7-intel-core-i7-12700kf.html
2026-05-19,Płyta główna,ASRock A520M-ITX/AC,429.0,,https://www.x-kom.pl/p/613677-plyta-glowna-socket-am4-asrock-a520m-itx-ac.html
2026-05-19,Płyta główna,ASUS TUF GAMING B850-PLUS WIFI,809.0,,https://www.x-kom.pl/p/1306481-plyta-glowna-socket-am5-asus-tuf-gaming-b850-plus-wifi.html
2026-05-19,Płyta główna,Gigabyte B650 EAGLE AX,539.0,,https://www.x-kom.pl/p/1226980-plyta-glowna-socket-am5-gigabyte-b650-eagle-ax.html
2026-05-19,Płyta główna,Gigabyte X870 AORUS ELITE WIFI7 ICE,1119.0,,https://www.x-kom.pl/p/1282691-plyta-glowna-socket-am5-gigabyte-x870-aorus-elite-wifi7-ice.html
2026-05-19,Płyta główna,MSI B550 GAMING WIFI,575.0,,https://www.x-kom.pl/p/1480681-plyta-glowna-socket-am4-msi-b550-gaming-wifi.html
2026-05-20,Dysk,ADATA Dysk SSD External SD810 2TB USB3.2C 20Gb/s Srebrny,1349.0,,https://www.x-kom.pl/p/1211896-dysk-zewnetrzny-ssd-adata-dysk-ssd-external-sd810-2tb-usb32c-20gb-s-srebrny.html
2026-05-20,Dysk,Lexar 1TB M.2 PCIe Gen4 NVMe NM790,699.0,,https://www.x-kom.pl/p/1146134-dysk-ssd-lexar-1tb-m2-pcie-gen4-nvme-nm790.html
2026-05-20,Dysk,Samsung 2TB M.2 PCIe Gen5 NVMe 9100 PRO,2199.0,,https://www.x-kom.pl/p/1322624-dysk-ssd-samsung-2tb-m2-pcie-gen5-nvme-9100-pro.html
2026-05-20,Dysk,Seagate BARRACUDA 2TB 7200obr. 256MB,525.0,,https://www.x-kom.pl/p/461759-dysk-hdd-seagate-barracuda-2tb-7200obr-256mb.html
2026-05-20,Dysk,Synology HAT3320-8T 8TB Plus,1749.0,,https://www.x-kom.pl/p/1418298-dysk-hdd-synology-hat3320-8t-8tb-plus.html
2026-05-20,Karta graficzna,Gigabyte GeForce RTX 5070 Windforce OC 12GB GDDR7 DLSS4,2649.0,,https://www.x-kom.pl/p/1318534-karta-graficzna-nvidia-gigabyte-geforce-rtx-5070-windforce-oc-12gb-gddr7-dlss4.html
2026-05-20,Karta graficzna,Gigabyte GeForce RTX 5080 Windforce OC 16GB GDDR7 DLSS4,5999.0,Zobacz produkty,https://www.x-kom.pl/p/1309189-karta-graficzna-nvidia-gigabyte-geforce-rtx-5080-windforce-oc-16gb-gddr7-dlss4.html
2026-05-20,Karta graficzna,Gigabyte Radeon RX 9060 XT Gaming OC 16GB GDDR6,2099.0,Zobacz produkty,https://www.x-kom.pl/p/1339802-karta-graficzna-amd-gigabyte-radeon-rx-9060-xt-gaming-oc-16gb-gddr6.html
2026-05-20,Karta graficzna,MSI GeForce RTX 5090 Gaming Trio OC 32GB GDDR7 DLSS4,18999.0,Zobacz produkty,https://www.x-kom.pl/p/1314559-karta-graficzna-nvidia-msi-geforce-rtx-5090-gaming-trio-oc-32gb-gddr7-dlss4.html
2026-05-20,Karta graficzna,PowerColor Radeon RX 7600 Fighter 8GB V2 GDDR6,1249.0,,https://www.x-kom.pl/p/1368326-karta-graficzna-amd-powercolor-radeon-rx-7600-fighter-8gb-v2-gddr6.html
2026-05-20,Pamięć RAM,Corsair 16GB (2x8GB) 5600 CL40 Vengeance RGB,1259.0,,https://www.x-kom.pl/p/1486220-pamiec-ram-ddr5-corsair-16gb-2x8gb-5600-cl40-vengeance-rgb.html
2026-05-20,Pamięć RAM,G.SKILL 32GB (2x16GB) 3200MHz CL16 Aegis,1169.0,,https://www.x-kom.pl/p/539275-pamiec-ram-ddr4-gskill-32gb-2x16gb-3200mhz-cl16-aegis.html
2026-05-20,Pamięć RAM,GOODRAM 8GB (1x8GB) 1600MHz CL11,199.0,,https://www.x-kom.pl/p/420909-pamiec-ram-sodimm-ddr3-goodram-8gb-1x8gb-1600mhz-cl11.html
2026-05-20,Pamięć RAM,Kingston FURY 16GB (2x8GB) 3200MHz CL16 Beast Black,699.0,,https://www.x-kom.pl/p/667295-pamiec-ram-ddr4-kingston-fury-16gb-2x8gb-3200mhz-cl16-beast-black.html
2026-05-20,Pamięć RAM,Patriot 32GB (2x16GB) 6000MT/s CL30 Venom,1645.0,,https://www.x-kom.pl/p/1258925-pamiec-ram-ddr5-patriot-32gb-2x16gb-6000mt-s-cl30-venom.html
2026-05-20,Procesor,AMD Ryzen 7 5800X,879.0,,https://www.x-kom.pl/p/597430-procesor-amd-ryzen-7-amd-ryzen-7-5800x.html
2026-05-20,Procesor,AMD Ryzen 7 9800X3D,1799.0,,https://www.x-kom.pl/p/1292320-procesor-amd-ryzen-7-amd-ryzen-7-9800x3d.html
2026-05-20,Procesor,AMD Ryzen Threadripper PRO 9995WX,51399.0,,https://www.x-kom.pl/p/1352192-procesor-amd-threadripper-amd-ryzen-threadripper-pro-9995wx.html
2026-05-20,Procesor,Intel Core i5-12400F,669.0,,https://www.x-kom.pl/p/702238-procesory-intel-core-i5-intel-core-i5-12400f.html
2026-05-20,Procesor,Intel Core i7-12700KF,1099.0,,https://www.x-kom.pl/p/689604-procesor-intel-core-i7-intel-core-i7-12700kf.html
2026-05-20,Płyta główna,ASRock A520M-ITX/AC,429.0,,https://www.x-kom.pl/p/613677-plyta-glowna-socket-am4-asrock-a520m-itx-ac.html
2026-05-20,Płyta główna,ASUS TUF GAMING B850-PLUS WIFI,809.0,,https://www.x-kom.pl/p/1306481-plyta-glowna-socket-am5-asus-tuf-gaming-b850-plus-wifi.html
2026-05-20,Płyta główna,Gigabyte B650 EAGLE AX,539.0,,https://www.x-kom.pl/p/1226980-plyta-glowna-socket-am5-gigabyte-b650-eagle-ax.html
2026-05-20,Płyta główna,Gigabyte X870 AORUS ELITE WIFI7 ICE,1119.0,,https://www.x-kom.pl/p/1282691-plyta-glowna-socket-am5-gigabyte-x870-aorus-elite-wifi7-ice.html
2026-05-20,Płyta główna,MSI B550 GAMING WIFI,575.0,,https://www.x-kom.pl/p/1480681-plyta-glowna-socket-am4-msi-b550-gaming-wifi.html
2026-05-21,Dysk,ADATA Dysk SSD External SD810 2TB USB3.2C 20Gb/s Srebrny,1349.0,,https://www.x-kom.pl/p/1211896-dysk-zewnetrzny-ssd-adata-dysk-ssd-external-sd810-2tb-usb32c-20gb-s-srebrny.html
2026-05-21,Dysk,Lexar 1TB M.2 PCIe Gen4 NVMe NM790,699.0,,https://www.x-kom.pl/p/1146134-dysk-ssd-lexar-1tb-m2-pcie-gen4-nvme-nm790.html
2026-05-21,Dysk,Samsung 2TB M.2 PCIe Gen5 NVMe 9100 PRO,2199.0,,https://www.x-kom.pl/p/1322624-dysk-ssd-samsung-2tb-m2-pcie-gen5-nvme-9100-pro.html
2026-05-21,Dysk,Seagate BARRACUDA 2TB 7200obr. 256MB,525.0,,https://www.x-kom.pl/p/461759-dysk-hdd-seagate-barracuda-2tb-7200obr-256mb.html
2026-05-21,Dysk,Synology HAT3320-8T 8TB Plus,1749.0,,https://www.x-kom.pl/p/1418298-dysk-hdd-synology-hat3320-8t-8tb-plus.html
2026-05-21,Karta graficzna,Gigabyte GeForce RTX 5070 Windforce OC 12GB GDDR7 DLSS4,2649.0,,https://www.x-kom.pl/p/1318534-karta-graficzna-nvidia-gigabyte-geforce-rtx-5070-windforce-oc-12gb-gddr7-dlss4.html
2026-05-21,Karta graficzna,Gigabyte GeForce RTX 5080 Windforce OC 16GB GDDR7 DLSS4,5999.0,,https://www.x-kom.pl/p/1309189-karta-graficzna-nvidia-gigabyte-geforce-rtx-5080-windforce-oc-16gb-gddr7-dlss4.html
2026-05-21,Karta graficzna,Gigabyte Radeon RX 9060 XT Gaming OC 16GB GDDR6,2099.0,,https://www.x-kom.pl/p/1339802-karta-graficzna-amd-gigabyte-radeon-rx-9060-xt-gaming-oc-16gb-gddr6.html
2026-05-21,Karta graficzna,MSI GeForce RTX 5090 Gaming Trio OC 32GB GDDR7 DLSS4,18999.0,,https://www.x-kom.pl/p/1314559-karta-graficzna-nvidia-msi-geforce-rtx-5090-gaming-trio-oc-32gb-gddr7-dlss4.html
2026-05-21,Karta graficzna,PowerColor Radeon RX 7600 Fighter 8GB V2 GDDR6,1249.0,,https://www.x-kom.pl/p/1368326-karta-graficzna-amd-powercolor-radeon-rx-7600-fighter-8gb-v2-gddr6.html
2026-05-21,Pamięć RAM,Corsair 16GB (2x8GB) 5600 CL40 Vengeance RGB,1259.0,,https://www.x-kom.pl/p/1486220-pamiec-ram-ddr5-corsair-16gb-2x8gb-5600-cl40-vengeance-rgb.html
2026-05-21,Pamięć RAM,G.SKILL 32GB (2x16GB) 3200MHz CL16 Aegis,1169.0,,https://www.x-kom.pl/p/539275-pamiec-ram-ddr4-gskill-32gb-2x16gb-3200mhz-cl16-aegis.html
2026-05-21,Pamięć RAM,GOODRAM 8GB (1x8GB) 1600MHz CL11,199.0,,https://www.x-kom.pl/p/420909-pamiec-ram-sodimm-ddr3-goodram-8gb-1x8gb-1600mhz-cl11.html
2026-05-21,Pamięć RAM,Kingston FURY 16GB (2x8GB) 3200MHz CL16 Beast Black,699.0,,https://www.x-kom.pl/p/667295-pamiec-ram-ddr4-kingston-fury-16gb-2x8gb-3200mhz-cl16-beast-black.html
2026-05-21,Pamięć RAM,Patriot 32GB (2x16GB) 6000MT/s CL30 Venom,1645.0,,https://www.x-kom.pl/p/1258925-pamiec-ram-ddr5-patriot-32gb-2x16gb-6000mt-s-cl30-venom.html
2026-05-21,Procesor,AMD Ryzen 7 5800X,879.0,,https://www.x-kom.pl/p/597430-procesor-amd-ryzen-7-amd-ryzen-7-5800x.html
2026-05-21,Procesor,AMD Ryzen 7 9800X3D,1799.0,,https://www.x-kom.pl/p/1292320-procesor-amd-ryzen-7-amd-ryzen-7-9800x3d.html
2026-05-21,Procesor,AMD Ryzen Threadripper PRO 9995WX,51399.0,,https://www.x-kom.pl/p/1352192-procesor-amd-threadripper-amd-ryzen-threadripper-pro-9995wx.html
2026-05-21,Procesor,Intel Core i5-12400F,669.0,,https://www.x-kom.pl/p/702238-procesory-intel-core-i5-intel-core-i5-12400f.html
2026-05-21,Procesor,Intel Core i7-12700KF,1099.0,,https://www.x-kom.pl/p/689604-procesor-intel-core-i7-intel-core-i7-12700kf.html
2026-05-21,Płyta główna,ASRock A520M-ITX/AC,429.0,,https://www.x-kom.pl/p/613677-plyta-glowna-socket-am4-asrock-a520m-itx-ac.html
2026-05-21,Płyta główna,ASUS TUF GAMING B850-PLUS WIFI,809.0,,https://www.x-kom.pl/p/1306481-plyta-glowna-socket-am5-asus-tuf-gaming-b850-plus-wifi.html
2026-05-21,Płyta główna,Gigabyte B650 EAGLE AX,539.0,,https://www.x-kom.pl/p/1226980-plyta-glowna-socket-am5-gigabyte-b650-eagle-ax.html
2026-05-21,Płyta główna,Gigabyte X870 AORUS ELITE WIFI7 ICE,1119.0,,https://www.x-kom.pl/p/1282691-plyta-glowna-socket-am5-gigabyte-x870-aorus-elite-wifi7-ice.html
2026-05-21,Płyta główna,MSI B550 GAMING WIFI,575.0,,https://www.x-kom.pl/p/1480681-plyta-glowna-socket-am4-msi-b550-gaming-wifi.html
2026-05-22,Dysk,ADATA Dysk SSD External SD810 2TB USB3.2C 20Gb/s Srebrny,1349.0,,https://www.x-kom.pl/p/1211896-dysk-zewnetrzny-ssd-adata-dysk-ssd-external-sd810-2tb-usb32c-20gb-s-srebrny.html
2026-05-22,Dysk,Lexar 1TB M.2 PCIe Gen4 NVMe NM790,699.0,,https://www.x-kom.pl/p/1146134-dysk-ssd-lexar-1tb-m2-pcie-gen4-nvme-nm790.html
2026-05-22,Dysk,Samsung 2TB M.2 PCIe Gen5 NVMe 9100 PRO,2199.0,,https://www.x-kom.pl/p/1322624-dysk-ssd-samsung-2tb-m2-pcie-gen5-nvme-9100-pro.html
2026-05-22,Dysk,Seagate BARRACUDA 2TB 7200obr. 256MB,525.0,,https://www.x-kom.pl/p/461759-dysk-hdd-seagate-barracuda-2tb-7200obr-256mb.html
2026-05-22,Dysk,Synology HAT3320-8T 8TB Plus,1749.0,,https://www.x-kom.pl/p/1418298-dysk-hdd-synology-hat3320-8t-8tb-plus.html
2026-05-22,Karta graficzna,Gigabyte GeForce RTX 5070 Windforce OC 12GB GDDR7 DLSS4,2649.0,Zobacz produkty,https://www.x-kom.pl/p/1318534-karta-graficzna-nvidia-gigabyte-geforce-rtx-5070-windforce-oc-12gb-gddr7-dlss4.html
2026-05-22,Karta graficzna,Gigabyte GeForce RTX 5080 Windforce OC 16GB GDDR7 DLSS4,5999.0,,https://www.x-kom.pl/p/1309189-karta-graficzna-nvidia-gigabyte-geforce-rtx-5080-windforce-oc-16gb-gddr7-dlss4.html
2026-05-22,Karta graficzna,Gigabyte Radeon RX 9060 XT Gaming OC 16GB GDDR6,2099.0,Zobacz produkty,https://www.x-kom.pl/p/1339802-karta-graficzna-amd-gigabyte-radeon-rx-9060-xt-gaming-oc-16gb-gddr6.html
2026-05-22,Karta graficzna,MSI GeForce RTX 5090 Gaming Trio OC 32GB GDDR7 DLSS4,18999.0,Zobacz produkty,https://www.x-kom.pl/p/1314559-karta-graficzna-nvidia-msi-geforce-rtx-5090-gaming-trio-oc-32gb-gddr7-dlss4.html
2026-05-22,Karta graficzna,PowerColor Radeon RX 7600 Fighter 8GB V2 GDDR6,1249.0,,https://www.x-kom.pl/p/1368326-karta-graficzna-amd-powercolor-radeon-rx-7600-fighter-8gb-v2-gddr6.html
2026-05-22,Pamięć RAM,Corsair 16GB (2x8GB) 5600 CL40 Vengeance RGB,1259.0,,https://www.x-kom.pl/p/1486220-pamiec-ram-ddr5-corsair-16gb-2x8gb-5600-cl40-vengeance-rgb.html
2026-05-22,Pamięć RAM,G.SKILL 32GB (2x16GB) 3200MHz CL16 Aegis,1169.0,,https://www.x-kom.pl/p/539275-pamiec-ram-ddr4-gskill-32gb-2x16gb-3200mhz-cl16-aegis.html
2026-05-22,Pamięć RAM,GOODRAM 8GB (1x8GB) 1600MHz CL11,199.0,,https://www.x-kom.pl/p/420909-pamiec-ram-sodimm-ddr3-goodram-8gb-1x8gb-1600mhz-cl11.html
2026-05-22,Pamięć RAM,Kingston FURY 16GB (2x8GB) 3200MHz CL16 Beast Black,699.0,,https://www.x-kom.pl/p/667295-pamiec-ram-ddr4-kingston-fury-16gb-2x8gb-3200mhz-cl16-beast-black.html
2026-05-22,Pamięć RAM,Patriot 32GB (2x16GB) 6000MT/s CL30 Venom,1645.0,,https://www.x-kom.pl/p/1258925-pamiec-ram-ddr5-patriot-32gb-2x16gb-6000mt-s-cl30-venom.html
2026-05-22,Procesor,AMD Ryzen 7 5800X,879.0,,https://www.x-kom.pl/p/597430-procesor-amd-ryzen-7-amd-ryzen-7-5800x.html
2026-05-22,Procesor,AMD Ryzen 7 9800X3D,1799.0,,https://www.x-kom.pl/p/1292320-procesor-amd-ryzen-7-amd-ryzen-7-9800x3d.html
2026-05-22,Procesor,AMD Ryzen Threadripper PRO 9995WX,51399.0,,https://www.x-kom.pl/p/1352192-procesor-amd-threadripper-amd-ryzen-threadripper-pro-9995wx.html
2026-05-22,Procesor,Intel Core i5-12400F,669.0,,https://www.x-kom.pl/p/702238-procesory-intel-core-i5-intel-core-i5-12400f.html
2026-05-22,Procesor,Intel Core i7-12700KF,1099.0,,https://www.x-kom.pl/p/689604-procesor-intel-core-i7-intel-core-i7-12700kf.html
2026-05-22,Płyta główna,ASRock A520M-ITX/AC,429.0,,https://www.x-kom.pl/p/613677-plyta-glowna-socket-am4-asrock-a520m-itx-ac.html
2026-05-22,Płyta główna,ASUS TUF GAMING B850-PLUS WIFI,809.0,,https://www.x-kom.pl/p/1306481-plyta-glowna-socket-am5-asus-tuf-gaming-b850-plus-wifi.html
2026-05-22,Płyta główna,Gigabyte B650 EAGLE AX,539.0,,https://www.x-kom.pl/p/1226980-plyta-glowna-socket-am5-gigabyte-b650-eagle-ax.html
2026-05-22,Płyta główna,Gigabyte X870 AORUS ELITE WIFI7 ICE,1119.0,,https://www.x-kom.pl/p/1282691-plyta-glowna-socket-am5-gigabyte-x870-aorus-elite-wifi7-ice.html
2026-05-22,Płyta główna,MSI B550 GAMING WIFI,575.0,,https://www.x-kom.pl/p/1480681-plyta-glowna-socket-am4-msi-b550-gaming-wifi.html
2026-05-23,Dysk,ADATA Dysk SSD External SD810 2TB USB3.2C 20Gb/s Srebrny,1349.0,,https://www.x-kom.pl/p/1211896-dysk-zewnetrzny-ssd-adata-dysk-ssd-external-sd810-2tb-usb32c-20gb-s-srebrny.html
2026-05-23,Dysk,Lexar 1TB M.2 PCIe Gen4 NVMe NM790,699.0,,https://www.x-kom.pl/p/1146134-dysk-ssd-lexar-1tb-m2-pcie-gen4-nvme-nm790.html
2026-05-23,Dysk,Samsung 2TB M.2 PCIe Gen5 NVMe 9100 PRO,2199.0,,https://www.x-kom.pl/p/1322624-dysk-ssd-samsung-2tb-m2-pcie-gen5-nvme-9100-pro.html
2026-05-23,Dysk,Seagate BARRACUDA 2TB 7200obr. 256MB,525.0,,https://www.x-kom.pl/p/461759-dysk-hdd-seagate-barracuda-2tb-7200obr-256mb.html
2026-05-23,Dysk,Synology HAT3320-8T 8TB Plus,1749.0,,https://www.x-kom.pl/p/1418298-dysk-hdd-synology-hat3320-8t-8tb-plus.html
2026-05-23,Karta graficzna,Gigabyte GeForce RTX 5070 Windforce OC 12GB GDDR7 DLSS4,2649.0,Zobacz produkty,https://www.x-kom.pl/p/1318534-karta-graficzna-nvidia-gigabyte-geforce-rtx-5070-windforce-oc-12gb-gddr7-dlss4.html
2026-05-23,Karta graficzna,Gigabyte GeForce RTX 5080 Windforce OC 16GB GDDR7 DLSS4,5999.0,,https://www.x-kom.pl/p/1309189-karta-graficzna-nvidia-gigabyte-geforce-rtx-5080-windforce-oc-16gb-gddr7-dlss4.html
2026-05-23,Karta graficzna,Gigabyte Radeon RX 9060 XT Gaming OC 16GB GDDR6,2099.0,Zobacz produkty,https://www.x-kom.pl/p/1339802-karta-graficzna-amd-gigabyte-radeon-rx-9060-xt-gaming-oc-16gb-gddr6.html
2026-05-23,Karta graficzna,MSI GeForce RTX 5090 Gaming Trio OC 32GB GDDR7 DLSS4,18999.0,Zobacz produkty,https://www.x-kom.pl/p/1314559-karta-graficzna-nvidia-msi-geforce-rtx-5090-gaming-trio-oc-32gb-gddr7-dlss4.html
2026-05-23,Karta graficzna,PowerColor Radeon RX 7600 Fighter 8GB V2 GDDR6,1249.0,,https://www.x-kom.pl/p/1368326-karta-graficzna-amd-powercolor-radeon-rx-7600-fighter-8gb-v2-gddr6.html
2026-05-23,Pamięć RAM,Corsair 16GB (2x8GB) 5600 CL40 Vengeance RGB,1259.0,,https://www.x-kom.pl/p/1486220-pamiec-ram-ddr5-corsair-16gb-2x8gb-5600-cl40-vengeance-rgb.html
2026-05-23,Pamięć RAM,G.SKILL 32GB (2x16GB) 3200MHz CL16 Aegis,1169.0,,https://www.x-kom.pl/p/539275-pamiec-ram-ddr4-gskill-32gb-2x16gb-3200mhz-cl16-aegis.html
2026-05-23,Pamięć RAM,GOODRAM 8GB (1x8GB) 1600MHz CL11,199.0,,https://www.x-kom.pl/p/420909-pamiec-ram-sodimm-ddr3-goodram-8gb-1x8gb-1600mhz-cl11.html
2026-05-23,Pamięć RAM,Kingston FURY 16GB (2x8GB) 3200MHz CL16 Beast Black,699.0,,https://www.x-kom.pl/p/667295-pamiec-ram-ddr4-kingston-fury-16gb-2x8gb-3200mhz-cl16-beast-black.html
2026-05-23,Pamięć RAM,Patriot 32GB (2x16GB) 6000MT/s CL30 Venom,1645.0,,https://www.x-kom.pl/p/1258925-pamiec-ram-ddr5-patriot-32gb-2x16gb-6000mt-s-cl30-venom.html
2026-05-23,Procesor,AMD Ryzen 7 5800X,879.0,,https://www.x-kom.pl/p/597430-procesor-amd-ryzen-7-amd-ryzen-7-5800x.html
2026-05-23,Procesor,AMD Ryzen 7 9800X3D,1799.0,,https://www.x-kom.pl/p/1292320-procesor-amd-ryzen-7-amd-ryzen-7-9800x3d.html
2026-05-23,Procesor,AMD Ryzen Threadripper PRO 9995WX,51399.0,,https://www.x-kom.pl/p/1352192-procesor-amd-threadripper-amd-ryzen-threadripper-pro-9995wx.html
2026-05-23,Procesor,Intel Core i5-12400F,669.0,,https://www.x-kom.pl/p/702238-procesory-intel-core-i5-intel-core-i5-12400f.html
2026-05-23,Procesor,Intel Core i7-12700KF,1099.0,,https://www.x-kom.pl/p/689604-procesor-intel-core-i7-intel-core-i7-12700kf.html
2026-05-23,Płyta główna,ASRock A520M-ITX/AC,429.0,,https://www.x-kom.pl/p/613677-plyta-glowna-socket-am4-asrock-a520m-itx-ac.html
2026-05-23,Płyta główna,ASUS TUF GAMING B850-PLUS WIFI,809.0,,https://www.x-kom.pl/p/1306481-plyta-glowna-socket-am5-asus-tuf-gaming-b850-plus-wifi.html
2026-05-23,Płyta główna,Gigabyte B650 EAGLE AX,539.0,,https://www.x-kom.pl/p/1226980-plyta-glowna-socket-am5-gigabyte-b650-eagle-ax.html
2026-05-23,Płyta główna,Gigabyte X870 AORUS ELITE WIFI7 ICE,1119.0,,https://www.x-kom.pl/p/1282691-plyta-glowna-socket-am5-gigabyte-x870-aorus-elite-wifi7-ice.html
2026-05-23,Płyta główna,MSI B550 GAMING WIFI,575.0,,https://www.x-kom.pl/p/1480681-plyta-glowna-socket-am4-msi-b550-gaming-wifi.html
2026-05-24,Dysk,ADATA Dysk SSD External SD810 2TB USB3.2C 20Gb/s Srebrny,1349.0,,https://www.x-kom.pl/p/1211896-dysk-zewnetrzny-ssd-adata-dysk-ssd-external-sd810-2tb-usb32c-20gb-s-srebrny.html
2026-05-24,Dysk,Lexar 1TB M.2 PCIe Gen4 NVMe NM790,699.0,,https://www.x-kom.pl/p/1146134-dysk-ssd-lexar-1tb-m2-pcie-gen4-nvme-nm790.html
2026-05-24,Dysk,Samsung 2TB M.2 PCIe Gen5 NVMe 9100 PRO,2199.0,,https://www.x-kom.pl/p/1322624-dysk-ssd-samsung-2tb-m2-pcie-gen5-nvme-9100-pro.html
2026-05-24,Dysk,Seagate BARRACUDA 2TB 7200obr. 256MB,525.0,,https://www.x-kom.pl/p/461759-dysk-hdd-seagate-barracuda-2tb-7200obr-256mb.html
2026-05-24,Dysk,Synology HAT3320-8T 8TB Plus,1749.0,,https://www.x-kom.pl/p/1418298-dysk-hdd-synology-hat3320-8t-8tb-plus.html
2026-05-24,Karta graficzna,Gigabyte GeForce RTX 5070 Windforce OC 12GB GDDR7 DLSS4,2649.0,Zobacz produkty,https://www.x-kom.pl/p/1318534-karta-graficzna-nvidia-gigabyte-geforce-rtx-5070-windforce-oc-12gb-gddr7-dlss4.html
2026-05-24,Karta graficzna,Gigabyte GeForce RTX 5080 Windforce OC 16GB GDDR7 DLSS4,5999.0,,https://www.x-kom.pl/p/1309189-karta-graficzna-nvidia-gigabyte-geforce-rtx-5080-windforce-oc-16gb-gddr7-dlss4.html
2026-05-24,Karta graficzna,Gigabyte Radeon RX 9060 XT Gaming OC 16GB GDDR6,2099.0,Zobacz produkty,https://www.x-kom.pl/p/1339802-karta-graficzna-amd-gigabyte-radeon-rx-9060-xt-gaming-oc-16gb-gddr6.html
2026-05-24,Karta graficzna,MSI GeForce RTX 5090 Gaming Trio OC 32GB GDDR7 DLSS4,18999.0,Zobacz produkty,https://www.x-kom.pl/p/1314559-karta-graficzna-nvidia-msi-geforce-rtx-5090-gaming-trio-oc-32gb-gddr7-dlss4.html
2026-05-24,Karta graficzna,PowerColor Radeon RX 7600 Fighter 8GB V2 GDDR6,1249.0,,https://www.x-kom.pl/p/1368326-karta-graficzna-amd-powercolor-radeon-rx-7600-fighter-8gb-v2-gddr6.html
2026-05-24,Pamięć RAM,Corsair 16GB (2x8GB) 5600 CL40 Vengeance RGB,1259.0,,https://www.x-kom.pl/p/1486220-pamiec-ram-ddr5-corsair-16gb-2x8gb-5600-cl40-vengeance-rgb.html
2026-05-24,Pamięć RAM,G.SKILL 32GB (2x16GB) 3200MHz CL16 Aegis,1169.0,,https://www.x-kom.pl/p/539275-pamiec-ram-ddr4-gskill-32gb-2x16gb-3200mhz-cl16-aegis.html
2026-05-24,Pamięć RAM,GOODRAM 8GB (1x8GB) 1600MHz CL11,199.0,,https://www.x-kom.pl/p/420909-pamiec-ram-sodimm-ddr3-goodram-8gb-1x8gb-1600mhz-cl11.html
2026-05-24,Pamięć RAM,Kingston FURY 16GB (2x8GB) 3200MHz CL16 Beast Black,699.0,,https://www.x-kom.pl/p/667295-pamiec-ram-ddr4-kingston-fury-16gb-2x8gb-3200mhz-cl16-beast-black.html
2026-05-24,Pamięć RAM,Patriot 32GB (2x16GB) 6000MT/s CL30 Venom,1649.0,,https://www.x-kom.pl/p/1258925-pamiec-ram-ddr5-patriot-32gb-2x16gb-6000mt-s-cl30-venom.html
2026-05-24,Procesor,AMD Ryzen 7 5800X,879.0,,https://www.x-kom.pl/p/597430-procesor-amd-ryzen-7-amd-ryzen-7-5800x.html
2026-05-24,Procesor,AMD Ryzen 7 9800X3D,1799.0,,https://www.x-kom.pl/p/1292320-procesor-amd-ryzen-7-amd-ryzen-7-9800x3d.html
2026-05-24,Procesor,AMD Ryzen Threadripper PRO 9995WX,51399.0,,https://www.x-kom.pl/p/1352192-procesor-amd-threadripper-amd-ryzen-threadripper-pro-9995wx.html
2026-05-24,Procesor,Intel Core i5-12400F,669.0,,https://www.x-kom.pl/p/702238-procesory-intel-core-i5-intel-core-i5-12400f.html
2026-05-24,Procesor,Intel Core i7-12700KF,1099.0,,https://www.x-kom.pl/p/689604-procesor-intel-core-i7-intel-core-i7-12700kf.html
2026-05-24,Płyta główna,ASRock A520M-ITX/AC,429.0,,https://www.x-kom.pl/p/613677-plyta-glowna-socket-am4-asrock-a520m-itx-ac.html
2026-05-24,Płyta główna,ASUS TUF GAMING B850-PLUS WIFI,809.0,,https://www.x-kom.pl/p/1306481-plyta-glowna-socket-am5-asus-tuf-gaming-b850-plus-wifi.html
2026-05-24,Płyta główna,Gigabyte B650 EAGLE AX,539.0,,https://www.x-kom.pl/p/1226980-plyta-glowna-socket-am5-gigabyte-b650-eagle-ax.html
2026-05-24,Płyta główna,Gigabyte X870 AORUS ELITE WIFI7 ICE,1119.0,,https://www.x-kom.pl/p/1282691-plyta-glowna-socket-am5-gigabyte-x870-aorus-elite-wifi7-ice.html
2026-05-24,Płyta główna,MSI B550 GAMING WIFI,575.0,,https://www.x-kom.pl/p/1480681-plyta-glowna-socket-am4-msi-b550-gaming-wifi.html
2026-05-25,Dysk,ADATA Dysk SSD External SD810 2TB USB3.2C 20Gb/s Srebrny,1349.0,,https://www.x-kom.pl/p/1211896-dysk-zewnetrzny-ssd-adata-dysk-ssd-external-sd810-2tb-usb32c-20gb-s-srebrny.html
2026-05-25,Dysk,Lexar 1TB M.2 PCIe Gen4 NVMe NM790,699.0,,https://www.x-kom.pl/p/1146134-dysk-ssd-lexar-1tb-m2-pcie-gen4-nvme-nm790.html
2026-05-25,Dysk,Samsung 2TB M.2 PCIe Gen5 NVMe 9100 PRO,2199.0,,https://www.x-kom.pl/p/1322624-dysk-ssd-samsung-2tb-m2-pcie-gen5-nvme-9100-pro.html
2026-05-25,Dysk,Seagate BARRACUDA 2TB 7200obr. 256MB,525.0,,https://www.x-kom.pl/p/461759-dysk-hdd-seagate-barracuda-2tb-7200obr-256mb.html
2026-05-25,Dysk,Synology HAT3320-8T 8TB Plus,1749.0,,https://www.x-kom.pl/p/1418298-dysk-hdd-synology-hat3320-8t-8tb-plus.html
2026-05-25,Karta graficzna,Gigabyte GeForce RTX 5070 Windforce OC 12GB GDDR7 DLSS4,2649.0,Zobacz produkty,https://www.x-kom.pl/p/1318534-karta-graficzna-nvidia-gigabyte-geforce-rtx-5070-windforce-oc-12gb-gddr7-dlss4.html
2026-05-25,Karta graficzna,Gigabyte GeForce RTX 5080 Windforce OC 16GB GDDR7 DLSS4,5999.0,,https://www.x-kom.pl/p/1309189-karta-graficzna-nvidia-gigabyte-geforce-rtx-5080-windforce-oc-16gb-gddr7-dlss4.html
2026-05-25,Karta graficzna,Gigabyte Radeon RX 9060 XT Gaming OC 16GB GDDR6,2099.0,Zobacz produkty,https://www.x-kom.pl/p/1339802-karta-graficzna-amd-gigabyte-radeon-rx-9060-xt-gaming-oc-16gb-gddr6.html
2026-05-25,Karta graficzna,MSI GeForce RTX 5090 Gaming Trio OC 32GB GDDR7 DLSS4,18999.0,Zobacz produkty,https://www.x-kom.pl/p/1314559-karta-graficzna-nvidia-msi-geforce-rtx-5090-gaming-trio-oc-32gb-gddr7-dlss4.html
2026-05-25,Karta graficzna,PowerColor Radeon RX 7600 Fighter 8GB V2 GDDR6,1249.0,,https://www.x-kom.pl/p/1368326-karta-graficzna-amd-powercolor-radeon-rx-7600-fighter-8gb-v2-gddr6.html
2026-05-25,Pamięć RAM,Corsair 16GB (2x8GB) 5600 CL40 Vengeance RGB,1259.0,,https://www.x-kom.pl/p/1486220-pamiec-ram-ddr5-corsair-16gb-2x8gb-5600-cl40-vengeance-rgb.html
2026-05-25,Pamięć RAM,G.SKILL 32GB (2x16GB) 3200MHz CL16 Aegis,1169.0,,https://www.x-kom.pl/p/539275-pamiec-ram-ddr4-gskill-32gb-2x16gb-3200mhz-cl16-aegis.html
2026-05-25,Pamięć RAM,GOODRAM 8GB (1x8GB) 1600MHz CL11,199.0,,https://www.x-kom.pl/p/420909-pamiec-ram-sodimm-ddr3-goodram-8gb-1x8gb-1600mhz-cl11.html
2026-05-25,Pamięć RAM,Kingston FURY 16GB (2x8GB) 3200MHz CL16 Beast Black,699.0,,https://www.x-kom.pl/p/667295-pamiec-ram-ddr4-kingston-fury-16gb-2x8gb-3200mhz-cl16-beast-black.html
2026-05-25,Pamięć RAM,Patriot 32GB (2x16GB) 6000MT/s CL30 Venom,1649.0,,https://www.x-kom.pl/p/1258925-pamiec-ram-ddr5-patriot-32gb-2x16gb-6000mt-s-cl30-venom.html
2026-05-25,Procesor,AMD Ryzen 7 5800X,879.0,,https://www.x-kom.pl/p/597430-procesor-amd-ryzen-7-amd-ryzen-7-5800x.html
2026-05-25,Procesor,AMD Ryzen 7 9800X3D,1799.0,,https://www.x-kom.pl/p/1292320-procesor-amd-ryzen-7-amd-ryzen-7-9800x3d.html
2026-05-25,Procesor,AMD Ryzen Threadripper PRO 9995WX,51399.0,,https://www.x-kom.pl/p/1352192-procesor-amd-threadripper-amd-ryzen-threadripper-pro-9995wx.html
2026-05-25,Procesor,Intel Core i5-12400F,669.0,,https://www.x-kom.pl/p/702238-procesory-intel-core-i5-intel-core-i5-12400f.html
2026-05-25,Procesor,Intel Core i7-12700KF,1099.0,,https://www.x-kom.pl/p/689604-procesor-intel-core-i7-intel-core-i7-12700kf.html
2026-05-25,Płyta główna,ASRock A520M-ITX/AC,429.0,,https://www.x-kom.pl/p/613677-plyta-glowna-socket-am4-asrock-a520m-itx-ac.html
2026-05-25,Płyta główna,ASUS TUF GAMING B850-PLUS WIFI,809.0,,https://www.x-kom.pl/p/1306481-plyta-glowna-socket-am5-asus-tuf-gaming-b850-plus-wifi.html
2026-05-25,Płyta główna,Gigabyte B650 EAGLE AX,539.0,,https://www.x-kom.pl/p/1226980-plyta-glowna-socket-am5-gigabyte-b650-eagle-ax.html
2026-05-25,Płyta główna,Gigabyte X870 AORUS ELITE WIFI7 ICE,1119.0,,https://www.x-kom.pl/p/1282691-plyta-glowna-socket-am5-gigabyte-x870-aorus-elite-wifi7-ice.html
2026-05-25,Płyta główna,MSI B550 GAMING WIFI,575.0,,https://www.x-kom.pl/p/1480681-plyta-glowna-socket-am4-msi-b550-gaming-wifi.html
2026-05-26,Dysk,ADATA Dysk SSD External SD810 2TB USB3.2C 20Gb/s Srebrny,1349.0,,https://www.x-kom.pl/p/1211896-dysk-zewnetrzny-ssd-adata-dysk-ssd-external-sd810-2tb-usb32c-20gb-s-srebrny.html
2026-05-26,Dysk,Lexar 1TB M.2 PCIe Gen4 NVMe NM790,699.0,,https://www.x-kom.pl/p/1146134-dysk-ssd-lexar-1tb-m2-pcie-gen4-nvme-nm790.html
2026-05-26,Dysk,Samsung 2TB M.2 PCIe Gen5 NVMe 9100 PRO,2199.0,,https://www.x-kom.pl/p/1322624-dysk-ssd-samsung-2tb-m2-pcie-gen5-nvme-9100-pro.html
2026-05-26,Dysk,Seagate BARRACUDA 2TB 7200obr. 256MB,609.0,,https://www.x-kom.pl/p/461759-dysk-hdd-seagate-barracuda-2tb-7200obr-256mb.html
2026-05-26,Dysk,Synology HAT3320-8T 8TB Plus,1749.0,,https://www.x-kom.pl/p/1418298-dysk-hdd-synology-hat3320-8t-8tb-plus.html
2026-05-26,Karta graficzna,Gigabyte GeForce RTX 5070 Windforce OC 12GB GDDR7 DLSS4,2649.0,,https://www.x-kom.pl/p/1318534-karta-graficzna-nvidia-gigabyte-geforce-rtx-5070-windforce-oc-12gb-gddr7-dlss4.html
2026-05-26,Karta graficzna,Gigabyte GeForce RTX 5080 Windforce OC 16GB GDDR7 DLSS4,5999.0,Zobacz produkty,https://www.x-kom.pl/p/1309189-karta-graficzna-nvidia-gigabyte-geforce-rtx-5080-windforce-oc-16gb-gddr7-dlss4.html
2026-05-26,Karta graficzna,Gigabyte Radeon RX 9060 XT Gaming OC 16GB GDDR6,2099.0,,https://www.x-kom.pl/p/1339802-karta-graficzna-amd-gigabyte-radeon-rx-9060-xt-gaming-oc-16gb-gddr6.html
2026-05-26,Karta graficzna,MSI GeForce RTX 5090 Gaming Trio OC 32GB GDDR7 DLSS4,18999.0,,https://www.x-kom.pl/p/1314559-karta-graficzna-nvidia-msi-geforce-rtx-5090-gaming-trio-oc-32gb-gddr7-dlss4.html
2026-05-26,Karta graficzna,PowerColor Radeon RX 7600 Fighter 8GB V2 GDDR6,1249.0,Zobacz produkty,https://www.x-kom.pl/p/1368326-karta-graficzna-amd-powercolor-radeon-rx-7600-fighter-8gb-v2-gddr6.html
2026-05-26,Pamięć RAM,Corsair 16GB (2x8GB) 5600 CL40 Vengeance RGB,1259.0,,https://www.x-kom.pl/p/1486220-pamiec-ram-ddr5-corsair-16gb-2x8gb-5600-cl40-vengeance-rgb.html
2026-05-26,Pamięć RAM,G.SKILL 32GB (2x16GB) 3200MHz CL16 Aegis,1169.0,,https://www.x-kom.pl/p/539275-pamiec-ram-ddr4-gskill-32gb-2x16gb-3200mhz-cl16-aegis.html
2026-05-26,Pamięć RAM,GOODRAM 8GB (1x8GB) 1600MHz CL11,199.0,,https://www.x-kom.pl/p/420909-pamiec-ram-sodimm-ddr3-goodram-8gb-1x8gb-1600mhz-cl11.html
2026-05-26,Pamięć RAM,Kingston FURY 16GB (2x8GB) 3200MHz CL16 Beast Black,699.0,,https://www.x-kom.pl/p/667295-pamiec-ram-ddr4-kingston-fury-16gb-2x8gb-3200mhz-cl16-beast-black.html
2026-05-26,Pamięć RAM,Patriot 32GB (2x16GB) 6000MT/s CL30 Venom,1649.0,,https://www.x-kom.pl/p/1258925-pamiec-ram-ddr5-patriot-32gb-2x16gb-6000mt-s-cl30-venom.html
2026-05-26,Procesor,AMD Ryzen 7 5800X,879.0,,https://www.x-kom.pl/p/597430-procesor-amd-ryzen-7-amd-ryzen-7-5800x.html
2026-05-26,Procesor,AMD Ryzen 7 9800X3D,1799.0,Zobacz produkty,https://www.x-kom.pl/p/1292320-procesor-amd-ryzen-7-amd-ryzen-7-9800x3d.html
2026-05-26,Procesor,AMD Ryzen Threadripper PRO 9995WX,51399.0,,https://www.x-kom.pl/p/1352192-procesor-amd-threadripper-amd-ryzen-threadripper-pro-9995wx.html
2026-05-26,Procesor,Intel Core i5-12400F,669.0,,https://www.x-kom.pl/p/702238-procesory-intel-core-i5-intel-core-i5-12400f.html
2026-05-26,Procesor,Intel Core i7-12700KF,1099.0,,https://www.x-kom.pl/p/689604-procesor-intel-core-i7-intel-core-i7-12700kf.html
2026-05-26,Płyta główna,ASRock A520M-ITX/AC,429.0,,https://www.x-kom.pl/p/613677-plyta-glowna-socket-am4-asrock-a520m-itx-ac.html
2026-05-26,Płyta główna,ASUS TUF GAMING B850-PLUS WIFI,805.0,,https://www.x-kom.pl/p/1306481-plyta-glowna-socket-am5-asus-tuf-gaming-b850-plus-wifi.html
2026-05-26,Płyta główna,Gigabyte B650 EAGLE AX,539.0,,https://www.x-kom.pl/p/1226980-plyta-glowna-socket-am5-gigabyte-b650-eagle-ax.html
2026-05-26,Płyta główna,Gigabyte X870 AORUS ELITE WIFI7 ICE,1119.0,,https://www.x-kom.pl/p/1282691-plyta-glowna-socket-am5-gigabyte-x870-aorus-elite-wifi7-ice.html
2026-05-26,Płyta główna,MSI B550 GAMING WIFI,575.0,,https://www.x-kom.pl/p/1480681-plyta-glowna-socket-am4-msi-b550-gaming-wifi.html
2026-05-27,Dysk,ADATA Dysk SSD External SD810 2TB USB3.2C 20Gb/s Srebrny,1349.0,,https://www.x-kom.pl/p/1211896-dysk-zewnetrzny-ssd-adata-dysk-ssd-external-sd810-2tb-usb32c-20gb-s-srebrny.html
2026-05-27,Dysk,Lexar 1TB M.2 PCIe Gen4 NVMe NM790,699.0,,https://www.x-kom.pl/p/1146134-dysk-ssd-lexar-1tb-m2-pcie-gen4-nvme-nm790.html
2026-05-27,Dysk,Samsung 2TB M.2 PCIe Gen5 NVMe 9100 PRO,2199.0,,https://www.x-kom.pl/p/1322624-dysk-ssd-samsung-2tb-m2-pcie-gen5-nvme-9100-pro.html
2026-05-27,Dysk,Seagate BARRACUDA 2TB 7200obr. 256MB,609.0,,https://www.x-kom.pl/p/461759-dysk-hdd-seagate-barracuda-2tb-7200obr-256mb.html
2026-05-27,Dysk,Synology HAT3320-8T 8TB Plus,1749.0,,https://www.x-kom.pl/p/1418298-dysk-hdd-synology-hat3320-8t-8tb-plus.html
2026-05-27,Karta graficzna,Gigabyte GeForce RTX 5070 Windforce OC 12GB GDDR7 DLSS4,2649.0,,https://www.x-kom.pl/p/1318534-karta-graficzna-nvidia-gigabyte-geforce-rtx-5070-windforce-oc-12gb-gddr7-dlss4.html
2026-05-27,Karta graficzna,Gigabyte GeForce RTX 5080 Windforce OC 16GB GDDR7 DLSS4,5999.0,Zobacz produkty,https://www.x-kom.pl/p/1309189-karta-graficzna-nvidia-gigabyte-geforce-rtx-5080-windforce-oc-16gb-gddr7-dlss4.html
2026-05-27,Karta graficzna,Gigabyte Radeon RX 9060 XT Gaming OC 16GB GDDR6,2099.0,,https://www.x-kom.pl/p/1339802-karta-graficzna-amd-gigabyte-radeon-rx-9060-xt-gaming-oc-16gb-gddr6.html
2026-05-27,Karta graficzna,MSI GeForce RTX 5090 Gaming Trio OC 32GB GDDR7 DLSS4,18999.0,,https://www.x-kom.pl/p/1314559-karta-graficzna-nvidia-msi-geforce-rtx-5090-gaming-trio-oc-32gb-gddr7-dlss4.html
2026-05-27,Karta graficzna,PowerColor Radeon RX 7600 Fighter 8GB V2 GDDR6,1249.0,Zobacz produkty,https://www.x-kom.pl/p/1368326-karta-graficzna-amd-powercolor-radeon-rx-7600-fighter-8gb-v2-gddr6.html
2026-05-27,Pamięć RAM,Corsair 16GB (2x8GB) 5600 CL40 Vengeance RGB,1259.0,,https://www.x-kom.pl/p/1486220-pamiec-ram-ddr5-corsair-16gb-2x8gb-5600-cl40-vengeance-rgb.html
2026-05-27,Pamięć RAM,G.SKILL 32GB (2x16GB) 3200MHz CL16 Aegis,1169.0,,https://www.x-kom.pl/p/539275-pamiec-ram-ddr4-gskill-32gb-2x16gb-3200mhz-cl16-aegis.html
2026-05-27,Pamięć RAM,GOODRAM 8GB (1x8GB) 1600MHz CL11,199.0,,https://www.x-kom.pl/p/420909-pamiec-ram-sodimm-ddr3-goodram-8gb-1x8gb-1600mhz-cl11.html
2026-05-27,Pamięć RAM,Kingston FURY 16GB (2x8GB) 3200MHz CL16 Beast Black,699.0,,https://www.x-kom.pl/p/667295-pamiec-ram-ddr4-kingston-fury-16gb-2x8gb-3200mhz-cl16-beast-black.html
2026-05-27,Pamięć RAM,Patriot 32GB (2x16GB) 6000MT/s CL30 Venom,1649.0,,https://www.x-kom.pl/p/1258925-pamiec-ram-ddr5-patriot-32gb-2x16gb-6000mt-s-cl30-venom.html
2026-05-27,Procesor,AMD Ryzen 7 5800X,879.0,,https://www.x-kom.pl/p/597430-procesor-amd-ryzen-7-amd-ryzen-7-5800x.html
2026-05-27,Procesor,AMD Ryzen 7 9800X3D,1799.0,Zobacz produkty,https://www.x-kom.pl/p/1292320-procesor-amd-ryzen-7-amd-ryzen-7-9800x3d.html
2026-05-27,Procesor,AMD Ryzen Threadripper PRO 9995WX,51399.0,,https://www.x-kom.pl/p/1352192-procesor-amd-threadripper-amd-ryzen-threadripper-pro-9995wx.html
2026-05-27,Procesor,Intel Core i5-12400F,669.0,,https://www.x-kom.pl/p/702238-procesory-intel-core-i5-intel-core-i5-12400f.html
2026-05-27,Procesor,Intel Core i7-12700KF,1099.0,,https://www.x-kom.pl/p/689604-procesor-intel-core-i7-intel-core-i7-12700kf.html
2026-05-27,Płyta główna,ASRock A520M-ITX/AC,429.0,,https://www.x-kom.pl/p/613677-plyta-glowna-socket-am4-asrock-a520m-itx-ac.html
2026-05-27,Płyta główna,ASUS TUF GAMING B850-PLUS WIFI,805.0,,https://www.x-kom.pl/p/1306481-plyta-glowna-socket-am5-asus-tuf-gaming-b850-plus-wifi.html
2026-05-27,Płyta główna,Gigabyte B650 EAGLE AX,539.0,,https://www.x-kom.pl/p/1226980-plyta-glowna-socket-am5-gigabyte-b650-eagle-ax.html
2026-05-27,Płyta główna,Gigabyte X870 AORUS ELITE WIFI7 ICE,1119.0,,https://www.x-kom.pl/p/1282691-plyta-glowna-socket-am5-gigabyte-x870-aorus-elite-wifi7-ice.html
2026-05-27,Płyta główna,MSI B550 GAMING WIFI,575.0,,https://www.x-kom.pl/p/1480681-plyta-glowna-socket-am4-msi-b550-gaming-wifi.html
2026-05-28,Dysk,ADATA Dysk SSD External SD810 2TB USB3.2C 20Gb/s Srebrny,1349.0,,https://www.x-kom.pl/p/1211896-dysk-zewnetrzny-ssd-adata-dysk-ssd-external-sd810-2tb-usb32c-20gb-s-srebrny.html
2026-05-28,Dysk,Lexar 1TB M.2 PCIe Gen4 NVMe NM790,699.0,,https://www.x-kom.pl/p/1146134-dysk-ssd-lexar-1tb-m2-pcie-gen4-nvme-nm790.html
2026-05-28,Dysk,Samsung 2TB M.2 PCIe Gen5 NVMe 9100 PRO,2199.0,,https://www.x-kom.pl/p/1322624-dysk-ssd-samsung-2tb-m2-pcie-gen5-nvme-9100-pro.html
2026-05-28,Dysk,Seagate BARRACUDA 2TB 7200obr. 256MB,609.0,,https://www.x-kom.pl/p/461759-dysk-hdd-seagate-barracuda-2tb-7200obr-256mb.html
2026-05-28,Dysk,Synology HAT3320-8T 8TB Plus,1749.0,,https://www.x-kom.pl/p/1418298-dysk-hdd-synology-hat3320-8t-8tb-plus.html
2026-05-28,Karta graficzna,Gigabyte GeForce RTX 5070 Windforce OC 12GB GDDR7 DLSS4,2649.0,Zobacz produkty,https://www.x-kom.pl/p/1318534-karta-graficzna-nvidia-gigabyte-geforce-rtx-5070-windforce-oc-12gb-gddr7-dlss4.html
2026-05-28,Karta graficzna,Gigabyte GeForce RTX 5080 Windforce OC 16GB GDDR7 DLSS4,5999.0,,https://www.x-kom.pl/p/1309189-karta-graficzna-nvidia-gigabyte-geforce-rtx-5080-windforce-oc-16gb-gddr7-dlss4.html
2026-05-28,Karta graficzna,Gigabyte Radeon RX 9060 XT Gaming OC 16GB GDDR6,2099.0,Zobacz produkty,https://www.x-kom.pl/p/1339802-karta-graficzna-amd-gigabyte-radeon-rx-9060-xt-gaming-oc-16gb-gddr6.html
2026-05-28,Karta graficzna,MSI GeForce RTX 5090 Gaming Trio OC 32GB GDDR7 DLSS4,18999.0,Zobacz produkty,https://www.x-kom.pl/p/1314559-karta-graficzna-nvidia-msi-geforce-rtx-5090-gaming-trio-oc-32gb-gddr7-dlss4.html
2026-05-28,Karta graficzna,PowerColor Radeon RX 7600 Fighter 8GB V2 GDDR6,1249.0,,https://www.x-kom.pl/p/1368326-karta-graficzna-amd-powercolor-radeon-rx-7600-fighter-8gb-v2-gddr6.html
2026-05-28,Pamięć RAM,Corsair 16GB (2x8GB) 5600 CL40 Vengeance RGB,1259.0,,https://www.x-kom.pl/p/1486220-pamiec-ram-ddr5-corsair-16gb-2x8gb-5600-cl40-vengeance-rgb.html
2026-05-28,Pamięć RAM,G.SKILL 32GB (2x16GB) 3200MHz CL16 Aegis,1169.0,,https://www.x-kom.pl/p/539275-pamiec-ram-ddr4-gskill-32gb-2x16gb-3200mhz-cl16-aegis.html
2026-05-28,Pamięć RAM,GOODRAM 8GB (1x8GB) 1600MHz CL11,199.0,,https://www.x-kom.pl/p/420909-pamiec-ram-sodimm-ddr3-goodram-8gb-1x8gb-1600mhz-cl11.html
2026-05-28,Pamięć RAM,Kingston FURY 16GB (2x8GB) 3200MHz CL16 Beast Black,699.0,,https://www.x-kom.pl/p/667295-pamiec-ram-ddr4-kingston-fury-16gb-2x8gb-3200mhz-cl16-beast-black.html
2026-05-28,Pamięć RAM,Patriot 32GB (2x16GB) 6000MT/s CL30 Venom,1649.0,,https://www.x-kom.pl/p/1258925-pamiec-ram-ddr5-patriot-32gb-2x16gb-6000mt-s-cl30-venom.html
2026-05-28,Procesor,AMD Ryzen 7 5800X,879.0,,https://www.x-kom.pl/p/597430-procesor-amd-ryzen-7-amd-ryzen-7-5800x.html
2026-05-28,Procesor,AMD Ryzen 7 9800X3D,1799.0,,https://www.x-kom.pl/p/1292320-procesor-amd-ryzen-7-amd-ryzen-7-9800x3d.html
2026-05-28,Procesor,AMD Ryzen Threadripper PRO 9995WX,51399.0,,https://www.x-kom.pl/p/1352192-procesor-amd-threadripper-amd-ryzen-threadripper-pro-9995wx.html
2026-05-28,Procesor,Intel Core i5-12400F,669.0,,https://www.x-kom.pl/p/702238-procesory-intel-core-i5-intel-core-i5-12400f.html
2026-05-28,Procesor,Intel Core i7-12700KF,1099.0,,https://www.x-kom.pl/p/689604-procesor-intel-core-i7-intel-core-i7-12700kf.html
2026-05-28,Płyta główna,ASRock A520M-ITX/AC,429.0,,https://www.x-kom.pl/p/613677-plyta-glowna-socket-am4-asrock-a520m-itx-ac.html
2026-05-28,Płyta główna,ASUS TUF GAMING B850-PLUS WIFI,805.0,,https://www.x-kom.pl/p/1306481-plyta-glowna-socket-am5-asus-tuf-gaming-b850-plus-wifi.html
2026-05-28,Płyta główna,Gigabyte B650 EAGLE AX,519.0,,https://www.x-kom.pl/p/1226980-plyta-glowna-socket-am5-gigabyte-b650-eagle-ax.html
2026-05-28,Płyta główna,Gigabyte X870 AORUS ELITE WIFI7 ICE,1119.0,,https://www.x-kom.pl/p/1282691-plyta-glowna-socket-am5-gigabyte-x870-aorus-elite-wifi7-ice.html
2026-05-28,Płyta główna,MSI B550 GAMING WIFI,575.0,,https://www.x-kom.pl/p/1480681-plyta-glowna-socket-am4-msi-b550-gaming-wifi.html
2026-05-29,Dysk,ADATA Dysk SSD External SD810 2TB USB3.2C 20Gb/s Srebrny,1349.0,,https://www.x-kom.pl/p/1211896-dysk-zewnetrzny-ssd-adata-dysk-ssd-external-sd810-2tb-usb32c-20gb-s-srebrny.html
2026-05-29,Dysk,Lexar 1TB M.2 PCIe Gen4 NVMe NM790,699.0,,https://www.x-kom.pl/p/1146134-dysk-ssd-lexar-1tb-m2-pcie-gen4-nvme-nm790.html
2026-05-29,Dysk,Samsung 2TB M.2 PCIe Gen5 NVMe 9100 PRO,2199.0,,https://www.x-kom.pl/p/1322624-dysk-ssd-samsung-2tb-m2-pcie-gen5-nvme-9100-pro.html
2026-05-29,Dysk,Seagate BARRACUDA 2TB 7200obr. 256MB,609.0,,https://www.x-kom.pl/p/461759-dysk-hdd-seagate-barracuda-2tb-7200obr-256mb.html
2026-05-29,Dysk,Synology HAT3320-8T 8TB Plus,1749.0,,https://www.x-kom.pl/p/1418298-dysk-hdd-synology-hat3320-8t-8tb-plus.html
2026-05-29,Karta graficzna,Gigabyte GeForce RTX 5070 Windforce OC 12GB GDDR7 DLSS4,2649.0,,https://www.x-kom.pl/p/1318534-karta-graficzna-nvidia-gigabyte-geforce-rtx-5070-windforce-oc-12gb-gddr7-dlss4.html
2026-05-29,Karta graficzna,Gigabyte GeForce RTX 5080 Windforce OC 16GB GDDR7 DLSS4,5999.0,,https://www.x-kom.pl/p/1309189-karta-graficzna-nvidia-gigabyte-geforce-rtx-5080-windforce-oc-16gb-gddr7-dlss4.html
2026-05-29,Karta graficzna,Gigabyte Radeon RX 9060 XT Gaming OC 16GB GDDR6,2099.0,,https://www.x-kom.pl/p/1339802-karta-graficzna-amd-gigabyte-radeon-rx-9060-xt-gaming-oc-16gb-gddr6.html
2026-05-29,Karta graficzna,MSI GeForce RTX 5090 Gaming Trio OC 32GB GDDR7 DLSS4,18999.0,,https://www.x-kom.pl/p/1314559-karta-graficzna-nvidia-msi-geforce-rtx-5090-gaming-trio-oc-32gb-gddr7-dlss4.html
2026-05-29,Karta graficzna,PowerColor Radeon RX 7600 Fighter 8GB V2 GDDR6,1249.0,,https://www.x-kom.pl/p/1368326-karta-graficzna-amd-powercolor-radeon-rx-7600-fighter-8gb-v2-gddr6.html
2026-05-29,Pamięć RAM,Corsair 16GB (2x8GB) 5600 CL40 Vengeance RGB,1259.0,,https://www.x-kom.pl/p/1486220-pamiec-ram-ddr5-corsair-16gb-2x8gb-5600-cl40-vengeance-rgb.html
2026-05-29,Pamięć RAM,G.SKILL 32GB (2x16GB) 3200MHz CL16 Aegis,1169.0,,https://www.x-kom.pl/p/539275-pamiec-ram-ddr4-gskill-32gb-2x16gb-3200mhz-cl16-aegis.html
2026-05-29,Pamięć RAM,GOODRAM 8GB (1x8GB) 1600MHz CL11,199.0,,https://www.x-kom.pl/p/420909-pamiec-ram-sodimm-ddr3-goodram-8gb-1x8gb-1600mhz-cl11.html
2026-05-29,Pamięć RAM,Kingston FURY 16GB (2x8GB) 3200MHz CL16 Beast Black,699.0,,https://www.x-kom.pl/p/667295-pamiec-ram-ddr4-kingston-fury-16gb-2x8gb-3200mhz-cl16-beast-black.html
2026-05-29,Pamięć RAM,Patriot 32GB (2x16GB) 6000MT/s CL30 Venom,1649.0,,https://www.x-kom.pl/p/1258925-pamiec-ram-ddr5-patriot-32gb-2x16gb-6000mt-s-cl30-venom.html
2026-05-29,Procesor,AMD Ryzen 7 5800X,879.0,,https://www.x-kom.pl/p/597430-procesor-amd-ryzen-7-amd-ryzen-7-5800x.html
2026-05-29,Procesor,AMD Ryzen 7 9800X3D,1799.0,,https://www.x-kom.pl/p/1292320-procesor-amd-ryzen-7-amd-ryzen-7-9800x3d.html
2026-05-29,Procesor,AMD Ryzen Threadripper PRO 9995WX,51399.0,,https://www.x-kom.pl/p/1352192-procesor-amd-threadripper-amd-ryzen-threadripper-pro-9995wx.html
2026-05-29,Procesor,Intel Core i5-12400F,669.0,,https://www.x-kom.pl/p/702238-procesory-intel-core-i5-intel-core-i5-12400f.html
2026-05-29,Procesor,Intel Core i7-12700KF,1099.0,,https://www.x-kom.pl/p/689604-procesor-intel-core-i7-intel-core-i7-12700kf.html
2026-05-29,Płyta główna,ASRock A520M-ITX/AC,429.0,,https://www.x-kom.pl/p/613677-plyta-glowna-socket-am4-asrock-a520m-itx-ac.html
2026-05-29,Płyta główna,ASUS TUF GAMING B850-PLUS WIFI,805.0,,https://www.x-kom.pl/p/1306481-plyta-glowna-socket-am5-asus-tuf-gaming-b850-plus-wifi.html
2026-05-29,Płyta główna,Gigabyte B650 EAGLE AX,519.0,,https://www.x-kom.pl/p/1226980-plyta-glowna-socket-am5-gigabyte-b650-eagle-ax.html
2026-05-29,Płyta główna,Gigabyte X870 AORUS ELITE WIFI7 ICE,1119.0,,https://www.x-kom.pl/p/1282691-plyta-glowna-socket-am5-gigabyte-x870-aorus-elite-wifi7-ice.html
2026-05-29,Płyta główna,MSI B550 GAMING WIFI,575.0,,https://www.x-kom.pl/p/1480681-plyta-glowna-socket-am4-msi-b550-gaming-wifi.html
2026-05-30,Dysk,ADATA Dysk SSD External SD810 2TB USB3.2C 20Gb/s Srebrny,1349.0,,https://www.x-kom.pl/p/1211896-dysk-zewnetrzny-ssd-adata-dysk-ssd-external-sd810-2tb-usb32c-20gb-s-srebrny.html
2026-05-30,Dysk,Lexar 1TB M.2 PCIe Gen4 NVMe NM790,699.0,,https://www.x-kom.pl/p/1146134-dysk-ssd-lexar-1tb-m2-pcie-gen4-nvme-nm790.html
2026-05-30,Dysk,Samsung 2TB M.2 PCIe Gen5 NVMe 9100 PRO,2199.0,,https://www.x-kom.pl/p/1322624-dysk-ssd-samsung-2tb-m2-pcie-gen5-nvme-9100-pro.html
2026-05-30,Dysk,Seagate BARRACUDA 2TB 7200obr. 256MB,609.0,,https://www.x-kom.pl/p/461759-dysk-hdd-seagate-barracuda-2tb-7200obr-256mb.html
2026-05-30,Dysk,Synology HAT3320-8T 8TB Plus,1749.0,,https://www.x-kom.pl/p/1418298-dysk-hdd-synology-hat3320-8t-8tb-plus.html
2026-05-30,Karta graficzna,Gigabyte GeForce RTX 5070 Windforce OC 12GB GDDR7 DLSS4,2649.0,,https://www.x-kom.pl/p/1318534-karta-graficzna-nvidia-gigabyte-geforce-rtx-5070-windforce-oc-12gb-gddr7-dlss4.html
2026-05-30,Karta graficzna,Gigabyte GeForce RTX 5080 Windforce OC 16GB GDDR7 DLSS4,5999.0,,https://www.x-kom.pl/p/1309189-karta-graficzna-nvidia-gigabyte-geforce-rtx-5080-windforce-oc-16gb-gddr7-dlss4.html
2026-05-30,Karta graficzna,Gigabyte Radeon RX 9060 XT Gaming OC 16GB GDDR6,2099.0,,https://www.x-kom.pl/p/1339802-karta-graficzna-amd-gigabyte-radeon-rx-9060-xt-gaming-oc-16gb-gddr6.html
2026-05-30,Karta graficzna,MSI GeForce RTX 5090 Gaming Trio OC 32GB GDDR7 DLSS4,18999.0,,https://www.x-kom.pl/p/1314559-karta-graficzna-nvidia-msi-geforce-rtx-5090-gaming-trio-oc-32gb-gddr7-dlss4.html
2026-05-30,Karta graficzna,PowerColor Radeon RX 7600 Fighter 8GB V2 GDDR6,1249.0,,https://www.x-kom.pl/p/1368326-karta-graficzna-amd-powercolor-radeon-rx-7600-fighter-8gb-v2-gddr6.html
2026-05-30,Pamięć RAM,Corsair 16GB (2x8GB) 5600 CL40 Vengeance RGB,1259.0,,https://www.x-kom.pl/p/1486220-pamiec-ram-ddr5-corsair-16gb-2x8gb-5600-cl40-vengeance-rgb.html
2026-05-30,Pamięć RAM,G.SKILL 32GB (2x16GB) 3200MHz CL16 Aegis,1169.0,,https://www.x-kom.pl/p/539275-pamiec-ram-ddr4-gskill-32gb-2x16gb-3200mhz-cl16-aegis.html
2026-05-30,Pamięć RAM,GOODRAM 8GB (1x8GB) 1600MHz CL11,199.0,,https://www.x-kom.pl/p/420909-pamiec-ram-sodimm-ddr3-goodram-8gb-1x8gb-1600mhz-cl11.html
2026-05-30,Pamięć RAM,Kingston FURY 16GB (2x8GB) 3200MHz CL16 Beast Black,699.0,,https://www.x-kom.pl/p/667295-pamiec-ram-ddr4-kingston-fury-16gb-2x8gb-3200mhz-cl16-beast-black.html
2026-05-30,Pamięć RAM,Patriot 32GB (2x16GB) 6000MT/s CL30 Venom,1649.0,,https://www.x-kom.pl/p/1258925-pamiec-ram-ddr5-patriot-32gb-2x16gb-6000mt-s-cl30-venom.html
2026-05-30,Procesor,AMD Ryzen 7 5800X,879.0,,https://www.x-kom.pl/p/597430-procesor-amd-ryzen-7-amd-ryzen-7-5800x.html
2026-05-30,Procesor,AMD Ryzen 7 9800X3D,1799.0,,https://www.x-kom.pl/p/1292320-procesor-amd-ryzen-7-amd-ryzen-7-9800x3d.html
2026-05-30,Procesor,AMD Ryzen Threadripper PRO 9995WX,51399.0,,https://www.x-kom.pl/p/1352192-procesor-amd-threadripper-amd-ryzen-threadripper-pro-9995wx.html
2026-05-30,Procesor,Intel Core i5-12400F,669.0,,https://www.x-kom.pl/p/702238-procesory-intel-core-i5-intel-core-i5-12400f.html
2026-05-30,Procesor,Intel Core i7-12700KF,1099.0,,https://www.x-kom.pl/p/689604-procesor-intel-core-i7-intel-core-i7-12700kf.html
2026-05-30,Płyta główna,ASRock A520M-ITX/AC,429.0,,https://www.x-kom.pl/p/613677-plyta-glowna-socket-am4-asrock-a520m-itx-ac.html
2026-05-30,Płyta główna,ASUS TUF GAMING B850-PLUS WIFI,805.0,,https://www.x-kom.pl/p/1306481-plyta-glowna-socket-am5-asus-tuf-gaming-b850-plus-wifi.html
2026-05-30,Płyta główna,Gigabyte B650 EAGLE AX,519.0,,https://www.x-kom.pl/p/1226980-plyta-glowna-socket-am5-gigabyte-b650-eagle-ax.html
2026-05-30,Płyta główna,Gigabyte X870 AORUS ELITE WIFI7 ICE,1119.0,,https://www.x-kom.pl/p/1282691-plyta-glowna-socket-am5-gigabyte-x870-aorus-elite-wifi7-ice.html
2026-05-30,Płyta główna,MSI B550 GAMING WIFI,575.0,,https://www.x-kom.pl/p/1480681-plyta-glowna-socket-am4-msi-b550-gaming-wifi.html
2026-06-01,Dysk,ADATA Dysk SSD External SD810 2TB USB3.2C 20Gb/s Srebrny,1349.0,,https://www.x-kom.pl/p/1211896-dysk-zewnetrzny-ssd-adata-dysk-ssd-external-sd810-2tb-usb32c-20gb-s-srebrny.html
2026-06-01,Dysk,Lexar 1TB M.2 PCIe Gen4 NVMe NM790,699.0,,https://www.x-kom.pl/p/1146134-dysk-ssd-lexar-1tb-m2-pcie-gen4-nvme-nm790.html
2026-06-01,Dysk,Samsung 2TB M.2 PCIe Gen5 NVMe 9100 PRO,2199.0,,https://www.x-kom.pl/p/1322624-dysk-ssd-samsung-2tb-m2-pcie-gen5-nvme-9100-pro.html
2026-06-01,Dysk,Seagate BARRACUDA 2TB 7200obr. 256MB,609.0,,https://www.x-kom.pl/p/461759-dysk-hdd-seagate-barracuda-2tb-7200obr-256mb.html
2026-06-01,Dysk,Synology HAT3320-8T 8TB Plus,1749.0,,https://www.x-kom.pl/p/1418298-dysk-hdd-synology-hat3320-8t-8tb-plus.html
2026-06-01,Karta graficzna,Gigabyte GeForce RTX 5070 Windforce OC 12GB GDDR7 DLSS4,2649.0,Zobacz produkty,https://www.x-kom.pl/p/1318534-karta-graficzna-nvidia-gigabyte-geforce-rtx-5070-windforce-oc-12gb-gddr7-dlss4.html
2026-06-01,Karta graficzna,Gigabyte GeForce RTX 5080 Windforce OC 16GB GDDR7 DLSS4,5999.0,,https://www.x-kom.pl/p/1309189-karta-graficzna-nvidia-gigabyte-geforce-rtx-5080-windforce-oc-16gb-gddr7-dlss4.html
2026-06-01,Karta graficzna,Gigabyte Radeon RX 9060 XT Gaming OC 16GB GDDR6,2099.0,Zobacz produkty,https://www.x-kom.pl/p/1339802-karta-graficzna-amd-gigabyte-radeon-rx-9060-xt-gaming-oc-16gb-gddr6.html
2026-06-01,Karta graficzna,MSI GeForce RTX 5090 Gaming Trio OC 32GB GDDR7 DLSS4,18999.0,Zobacz produkty,https://www.x-kom.pl/p/1314559-karta-graficzna-nvidia-msi-geforce-rtx-5090-gaming-trio-oc-32gb-gddr7-dlss4.html
2026-06-01,Karta graficzna,PowerColor Radeon RX 7600 Fighter 8GB V2 GDDR6,1249.0,,https://www.x-kom.pl/p/1368326-karta-graficzna-amd-powercolor-radeon-rx-7600-fighter-8gb-v2-gddr6.html
2026-06-01,Pamięć RAM,Corsair 16GB (2x8GB) 5600 CL40 Vengeance RGB,1259.0,,https://www.x-kom.pl/p/1486220-pamiec-ram-ddr5-corsair-16gb-2x8gb-5600-cl40-vengeance-rgb.html
2026-06-01,Pamięć RAM,G.SKILL 32GB (2x16GB) 3200MHz CL16 Aegis,1169.0,,https://www.x-kom.pl/p/539275-pamiec-ram-ddr4-gskill-32gb-2x16gb-3200mhz-cl16-aegis.html
2026-06-01,Pamięć RAM,GOODRAM 8GB (1x8GB) 1600MHz CL11,199.0,,https://www.x-kom.pl/p/420909-pamiec-ram-sodimm-ddr3-goodram-8gb-1x8gb-1600mhz-cl11.html
2026-06-01,Pamięć RAM,Kingston FURY 16GB (2x8GB) 3200MHz CL16 Beast Black,699.0,,https://www.x-kom.pl/p/667295-pamiec-ram-ddr4-kingston-fury-16gb-2x8gb-3200mhz-cl16-beast-black.html
2026-06-01,Pamięć RAM,Patriot 32GB (2x16GB) 6000MT/s CL30 Venom,1649.0,,https://www.x-kom.pl/p/1258925-pamiec-ram-ddr5-patriot-32gb-2x16gb-6000mt-s-cl30-venom.html
2026-06-01,Procesor,AMD Ryzen 7 5800X,879.0,,https://www.x-kom.pl/p/597430-procesor-amd-ryzen-7-amd-ryzen-7-5800x.html
2026-06-01,Procesor,AMD Ryzen 7 9800X3D,1799.0,,https://www.x-kom.pl/p/1292320-procesor-amd-ryzen-7-amd-ryzen-7-9800x3d.html
2026-06-01,Procesor,AMD Ryzen Threadripper PRO 9995WX,51399.0,,https://www.x-kom.pl/p/1352192-procesor-amd-threadripper-amd-ryzen-threadripper-pro-9995wx.html
2026-06-01,Procesor,Intel Core i5-12400F,669.0,,https://www.x-kom.pl/p/702238-procesory-intel-core-i5-intel-core-i5-12400f.html
2026-06-01,Procesor,Intel Core i7-12700KF,1099.0,,https://www.x-kom.pl/p/689604-procesor-intel-core-i7-intel-core-i7-12700kf.html
2026-06-01,Płyta główna,ASRock A520M-ITX/AC,429.0,,https://www.x-kom.pl/p/613677-plyta-glowna-socket-am4-asrock-a520m-itx-ac.html
2026-06-01,Płyta główna,ASUS TUF GAMING B850-PLUS WIFI,805.0,,https://www.x-kom.pl/p/1306481-plyta-glowna-socket-am5-asus-tuf-gaming-b850-plus-wifi.html
2026-06-01,Płyta główna,Gigabyte B650 EAGLE AX,519.0,,https://www.x-kom.pl/p/1226980-plyta-glowna-socket-am5-gigabyte-b650-eagle-ax.html
2026-06-01,Płyta główna,Gigabyte X870 AORUS ELITE WIFI7 ICE,1119.0,,https://www.x-kom.pl/p/1282691-plyta-glowna-socket-am5-gigabyte-x870-aorus-elite-wifi7-ice.html
2026-06-01,Płyta główna,MSI B550 GAMING WIFI,575.0,,https://www.x-kom.pl/p/1480681-plyta-glowna-socket-am4-msi-b550-gaming-wifi.html
2026-06-02,Dysk,ADATA Dysk SSD External SD810 2TB USB3.2C 20Gb/s Srebrny,1349.0,,https://www.x-kom.pl/p/1211896-dysk-zewnetrzny-ssd-adata-dysk-ssd-external-sd810-2tb-usb32c-20gb-s-srebrny.html
2026-06-02,Dysk,Lexar 1TB M.2 PCIe Gen4 NVMe NM790,699.0,,https://www.x-kom.pl/p/1146134-dysk-ssd-lexar-1tb-m2-pcie-gen4-nvme-nm790.html
2026-06-02,Dysk,Samsung 2TB M.2 PCIe Gen5 NVMe 9100 PRO,2199.0,,https://www.x-kom.pl/p/1322624-dysk-ssd-samsung-2tb-m2-pcie-gen5-nvme-9100-pro.html
2026-06-02,Dysk,Seagate BARRACUDA 2TB 7200obr. 256MB,609.0,,https://www.x-kom.pl/p/461759-dysk-hdd-seagate-barracuda-2tb-7200obr-256mb.html
2026-06-02,Dysk,Synology HAT3320-8T 8TB Plus,1749.0,,https://www.x-kom.pl/p/1418298-dysk-hdd-synology-hat3320-8t-8tb-plus.html
2026-06-02,Karta graficzna,Gigabyte GeForce RTX 5070 Windforce OC 12GB GDDR7 DLSS4,2649.0,Zobacz produkty,https://www.x-kom.pl/p/1318534-karta-graficzna-nvidia-gigabyte-geforce-rtx-5070-windforce-oc-12gb-gddr7-dlss4.html
2026-06-02,Karta graficzna,Gigabyte GeForce RTX 5080 Windforce OC 16GB GDDR7 DLSS4,5999.0,,https://www.x-kom.pl/p/1309189-karta-graficzna-nvidia-gigabyte-geforce-rtx-5080-windforce-oc-16gb-gddr7-dlss4.html
2026-06-02,Karta graficzna,Gigabyte Radeon RX 9060 XT Gaming OC 16GB GDDR6,2099.0,Zobacz produkty,https://www.x-kom.pl/p/1339802-karta-graficzna-amd-gigabyte-radeon-rx-9060-xt-gaming-oc-16gb-gddr6.html
2026-06-02,Karta graficzna,MSI GeForce RTX 5090 Gaming Trio OC 32GB GDDR7 DLSS4,18999.0,Zobacz produkty,https://www.x-kom.pl/p/1314559-karta-graficzna-nvidia-msi-geforce-rtx-5090-gaming-trio-oc-32gb-gddr7-dlss4.html
2026-06-02,Karta graficzna,PowerColor Radeon RX 7600 Fighter 8GB V2 GDDR6,1249.0,,https://www.x-kom.pl/p/1368326-karta-graficzna-amd-powercolor-radeon-rx-7600-fighter-8gb-v2-gddr6.html
2026-06-02,Pamięć RAM,Corsair 16GB (2x8GB) 5600 CL40 Vengeance RGB,1259.0,,https://www.x-kom.pl/p/1486220-pamiec-ram-ddr5-corsair-16gb-2x8gb-5600-cl40-vengeance-rgb.html
2026-06-02,Pamięć RAM,G.SKILL 32GB (2x16GB) 3200MHz CL16 Aegis,1169.0,,https://www.x-kom.pl/p/539275-pamiec-ram-ddr4-gskill-32gb-2x16gb-3200mhz-cl16-aegis.html
2026-06-02,Pamięć RAM,GOODRAM 8GB (1x8GB) 1600MHz CL11,199.0,,https://www.x-kom.pl/p/420909-pamiec-ram-sodimm-ddr3-goodram-8gb-1x8gb-1600mhz-cl11.html
2026-06-02,Pamięć RAM,Kingston FURY 16GB (2x8GB) 3200MHz CL16 Beast Black,699.0,,https://www.x-kom.pl/p/667295-pamiec-ram-ddr4-kingston-fury-16gb-2x8gb-3200mhz-cl16-beast-black.html
2026-06-02,Pamięć RAM,Patriot 32GB (2x16GB) 6000MT/s CL30 Venom,1649.0,,https://www.x-kom.pl/p/1258925-pamiec-ram-ddr5-patriot-32gb-2x16gb-6000mt-s-cl30-venom.html
2026-06-02,Procesor,AMD Ryzen 7 5800X,879.0,,https://www.x-kom.pl/p/597430-procesor-amd-ryzen-7-amd-ryzen-7-5800x.html
2026-06-02,Procesor,AMD Ryzen 7 9800X3D,1799.0,,https://www.x-kom.pl/p/1292320-procesor-amd-ryzen-7-amd-ryzen-7-9800x3d.html
2026-06-02,Procesor,AMD Ryzen Threadripper PRO 9995WX,51399.0,,https://www.x-kom.pl/p/1352192-procesor-amd-threadripper-amd-ryzen-threadripper-pro-9995wx.html
2026-06-02,Procesor,Intel Core i5-12400F,669.0,,https://www.x-kom.pl/p/702238-procesory-intel-core-i5-intel-core-i5-12400f.html
2026-06-02,Procesor,Intel Core i7-12700KF,1099.0,,https://www.x-kom.pl/p/689604-procesor-intel-core-i7-intel-core-i7-12700kf.html
2026-06-02,Płyta główna,ASRock A520M-ITX/AC,429.0,,https://www.x-kom.pl/p/613677-plyta-glowna-socket-am4-asrock-a520m-itx-ac.html
2026-06-02,Płyta główna,ASUS TUF GAMING B850-PLUS WIFI,805.0,,https://www.x-kom.pl/p/1306481-plyta-glowna-socket-am5-asus-tuf-gaming-b850-plus-wifi.html
2026-06-02,Płyta główna,Gigabyte B650 EAGLE AX,519.0,,https://www.x-kom.pl/p/1226980-plyta-glowna-socket-am5-gigabyte-b650-eagle-ax.html
2026-06-02,Płyta główna,Gigabyte X870 AORUS ELITE WIFI7 ICE,1119.0,,https://www.x-kom.pl/p/1282691-plyta-glowna-socket-am5-gigabyte-x870-aorus-elite-wifi7-ice.html
2026-06-02,Płyta główna,MSI B550 GAMING WIFI,575.0,,https://www.x-kom.pl/p/1480681-plyta-glowna-socket-am4-msi-b550-gaming-wifi.html
2026-06-03,Dysk,ADATA Dysk SSD External SD810 2TB USB3.2C 20Gb/s Srebrny,1349.0,,https://www.x-kom.pl/p/1211896-dysk-zewnetrzny-ssd-adata-dysk-ssd-external-sd810-2tb-usb32c-20gb-s-srebrny.html
2026-06-03,Dysk,Lexar 1TB M.2 PCIe Gen4 NVMe NM790,699.0,,https://www.x-kom.pl/p/1146134-dysk-ssd-lexar-1tb-m2-pcie-gen4-nvme-nm790.html
2026-06-03,Dysk,Samsung 2TB M.2 PCIe Gen5 NVMe 9100 PRO,2199.0,,https://www.x-kom.pl/p/1322624-dysk-ssd-samsung-2tb-m2-pcie-gen5-nvme-9100-pro.html
2026-06-03,Dysk,Seagate BARRACUDA 2TB 7200obr. 256MB,609.0,,https://www.x-kom.pl/p/461759-dysk-hdd-seagate-barracuda-2tb-7200obr-256mb.html
2026-06-03,Dysk,Synology HAT3320-8T 8TB Plus,1749.0,,https://www.x-kom.pl/p/1418298-dysk-hdd-synology-hat3320-8t-8tb-plus.html
2026-06-03,Karta graficzna,Gigabyte GeForce RTX 5070 Windforce OC 12GB GDDR7 DLSS4,2649.0,Zobacz produkty,https://www.x-kom.pl/p/1318534-karta-graficzna-nvidia-gigabyte-geforce-rtx-5070-windforce-oc-12gb-gddr7-dlss4.html
2026-06-03,Karta graficzna,Gigabyte GeForce RTX 5080 Windforce OC 16GB GDDR7 DLSS4,5999.0,,https://www.x-kom.pl/p/1309189-karta-graficzna-nvidia-gigabyte-geforce-rtx-5080-windforce-oc-16gb-gddr7-dlss4.html
2026-06-03,Karta graficzna,Gigabyte Radeon RX 9060 XT Gaming OC 16GB GDDR6,2099.0,Zobacz produkty,https://www.x-kom.pl/p/1339802-karta-graficzna-amd-gigabyte-radeon-rx-9060-xt-gaming-oc-16gb-gddr6.html
2026-06-03,Karta graficzna,MSI GeForce RTX 5090 Gaming Trio OC 32GB GDDR7 DLSS4,18999.0,Zobacz produkty,https://www.x-kom.pl/p/1314559-karta-graficzna-nvidia-msi-geforce-rtx-5090-gaming-trio-oc-32gb-gddr7-dlss4.html
2026-06-03,Karta graficzna,PowerColor Radeon RX 7600 Fighter 8GB V2 GDDR6,1249.0,,https://www.x-kom.pl/p/1368326-karta-graficzna-amd-powercolor-radeon-rx-7600-fighter-8gb-v2-gddr6.html
2026-06-03,Pamięć RAM,Corsair 16GB (2x8GB) 5600 CL40 Vengeance RGB,1259.0,,https://www.x-kom.pl/p/1486220-pamiec-ram-ddr5-corsair-16gb-2x8gb-5600-cl40-vengeance-rgb.html
2026-06-03,Pamięć RAM,G.SKILL 32GB (2x16GB) 3200MHz CL16 Aegis,1169.0,,https://www.x-kom.pl/p/539275-pamiec-ram-ddr4-gskill-32gb-2x16gb-3200mhz-cl16-aegis.html
2026-06-03,Pamięć RAM,GOODRAM 8GB (1x8GB) 1600MHz CL11,199.0,,https://www.x-kom.pl/p/420909-pamiec-ram-sodimm-ddr3-goodram-8gb-1x8gb-1600mhz-cl11.html
2026-06-03,Pamięć RAM,Kingston FURY 16GB (2x8GB) 3200MHz CL16 Beast Black,699.0,,https://www.x-kom.pl/p/667295-pamiec-ram-ddr4-kingston-fury-16gb-2x8gb-3200mhz-cl16-beast-black.html
2026-06-03,Pamięć RAM,Patriot 32GB (2x16GB) 6000MT/s CL30 Venom,1669.0,,https://www.x-kom.pl/p/1258925-pamiec-ram-ddr5-patriot-32gb-2x16gb-6000mt-s-cl30-venom.html
2026-06-03,Procesor,AMD Ryzen 7 5800X,879.0,,https://www.x-kom.pl/p/597430-procesor-amd-ryzen-7-amd-ryzen-7-5800x.html
2026-06-03,Procesor,AMD Ryzen 7 9800X3D,1799.0,,https://www.x-kom.pl/p/1292320-procesor-amd-ryzen-7-amd-ryzen-7-9800x3d.html
2026-06-03,Procesor,AMD Ryzen Threadripper PRO 9995WX,51399.0,,https://www.x-kom.pl/p/1352192-procesor-amd-threadripper-amd-ryzen-threadripper-pro-9995wx.html
2026-06-03,Procesor,Intel Core i5-12400F,669.0,,https://www.x-kom.pl/p/702238-procesory-intel-core-i5-intel-core-i5-12400f.html
2026-06-03,Procesor,Intel Core i7-12700KF,1099.0,,https://www.x-kom.pl/p/689604-procesor-intel-core-i7-intel-core-i7-12700kf.html
2026-06-03,Płyta główna,ASRock A520M-ITX/AC,429.0,,https://www.x-kom.pl/p/613677-plyta-glowna-socket-am4-asrock-a520m-itx-ac.html
2026-06-03,Płyta główna,ASUS TUF GAMING B850-PLUS WIFI,805.0,,https://www.x-kom.pl/p/1306481-plyta-glowna-socket-am5-asus-tuf-gaming-b850-plus-wifi.html
2026-06-03,Płyta główna,Gigabyte B650 EAGLE AX,519.0,,https://www.x-kom.pl/p/1226980-plyta-glowna-socket-am5-gigabyte-b650-eagle-ax.html
2026-06-03,Płyta główna,Gigabyte X870 AORUS ELITE WIFI7 ICE,1119.0,,https://www.x-kom.pl/p/1282691-plyta-glowna-socket-am5-gigabyte-x870-aorus-elite-wifi7-ice.html
2026-06-03,Płyta główna,MSI B550 GAMING WIFI,575.0,,https://www.x-kom.pl/p/1480681-plyta-glowna-socket-am4-msi-b550-gaming-wifi.html
2026-06-04,Dysk,ADATA Dysk SSD External SD810 2TB USB3.2C 20Gb/s Srebrny,1349.0,,https://www.x-kom.pl/p/1211896-dysk-zewnetrzny-ssd-adata-dysk-ssd-external-sd810-2tb-usb32c-20gb-s-srebrny.html
2026-06-04,Dysk,Lexar 1TB M.2 PCIe Gen4 NVMe NM790,699.0,,https://www.x-kom.pl/p/1146134-dysk-ssd-lexar-1tb-m2-pcie-gen4-nvme-nm790.html
2026-06-04,Dysk,Samsung 2TB M.2 PCIe Gen5 NVMe 9100 PRO,2199.0,,https://www.x-kom.pl/p/1322624-dysk-ssd-samsung-2tb-m2-pcie-gen5-nvme-9100-pro.html
2026-06-04,Dysk,Seagate BARRACUDA 2TB 7200obr. 256MB,609.0,,https://www.x-kom.pl/p/461759-dysk-hdd-seagate-barracuda-2tb-7200obr-256mb.html
2026-06-04,Dysk,Synology HAT3320-8T 8TB Plus,1749.0,,https://www.x-kom.pl/p/1418298-dysk-hdd-synology-hat3320-8t-8tb-plus.html
2026-06-04,Karta graficzna,Gigabyte GeForce RTX 5070 Windforce OC 12GB GDDR7 DLSS4,2649.0,,https://www.x-kom.pl/p/1318534-karta-graficzna-nvidia-gigabyte-geforce-rtx-5070-windforce-oc-12gb-gddr7-dlss4.html
2026-06-04,Karta graficzna,Gigabyte GeForce RTX 5080 Windforce OC 16GB GDDR7 DLSS4,5999.0,,https://www.x-kom.pl/p/1309189-karta-graficzna-nvidia-gigabyte-geforce-rtx-5080-windforce-oc-16gb-gddr7-dlss4.html
2026-06-04,Karta graficzna,Gigabyte Radeon RX 9060 XT Gaming OC 16GB GDDR6,2099.0,,https://www.x-kom.pl/p/1339802-karta-graficzna-amd-gigabyte-radeon-rx-9060-xt-gaming-oc-16gb-gddr6.html
2026-06-04,Karta graficzna,MSI GeForce RTX 5090 Gaming Trio OC 32GB GDDR7 DLSS4,18999.0,,https://www.x-kom.pl/p/1314559-karta-graficzna-nvidia-msi-geforce-rtx-5090-gaming-trio-oc-32gb-gddr7-dlss4.html
2026-06-04,Karta graficzna,PowerColor Radeon RX 7600 Fighter 8GB V2 GDDR6,1249.0,,https://www.x-kom.pl/p/1368326-karta-graficzna-amd-powercolor-radeon-rx-7600-fighter-8gb-v2-gddr6.html
2026-06-04,Pamięć RAM,Corsair 16GB (2x8GB) 5600 CL40 Vengeance RGB,1259.0,,https://www.x-kom.pl/p/1486220-pamiec-ram-ddr5-corsair-16gb-2x8gb-5600-cl40-vengeance-rgb.html
2026-06-04,Pamięć RAM,G.SKILL 32GB (2x16GB) 3200MHz CL16 Aegis,1169.0,,https://www.x-kom.pl/p/539275-pamiec-ram-ddr4-gskill-32gb-2x16gb-3200mhz-cl16-aegis.html
2026-06-04,Pamięć RAM,GOODRAM 8GB (1x8GB) 1600MHz CL11,199.0,,https://www.x-kom.pl/p/420909-pamiec-ram-sodimm-ddr3-goodram-8gb-1x8gb-1600mhz-cl11.html
2026-06-04,Pamięć RAM,Kingston FURY 16GB (2x8GB) 3200MHz CL16 Beast Black,699.0,,https://www.x-kom.pl/p/667295-pamiec-ram-ddr4-kingston-fury-16gb-2x8gb-3200mhz-cl16-beast-black.html
2026-06-04,Pamięć RAM,Patriot 32GB (2x16GB) 6000MT/s CL30 Venom,1669.0,,https://www.x-kom.pl/p/1258925-pamiec-ram-ddr5-patriot-32gb-2x16gb-6000mt-s-cl30-venom.html
2026-06-04,Procesor,AMD Ryzen 7 5800X,879.0,,https://www.x-kom.pl/p/597430-procesor-amd-ryzen-7-amd-ryzen-7-5800x.html
2026-06-04,Procesor,AMD Ryzen 7 9800X3D,1799.0,,https://www.x-kom.pl/p/1292320-procesor-amd-ryzen-7-amd-ryzen-7-9800x3d.html
2026-06-04,Procesor,AMD Ryzen Threadripper PRO 9995WX,51399.0,,https://www.x-kom.pl/p/1352192-procesor-amd-threadripper-amd-ryzen-threadripper-pro-9995wx.html
2026-06-04,Procesor,Intel Core i5-12400F,669.0,,https://www.x-kom.pl/p/702238-procesory-intel-core-i5-intel-core-i5-12400f.html
2026-06-04,Procesor,Intel Core i7-12700KF,1099.0,,https://www.x-kom.pl/p/689604-procesor-intel-core-i7-intel-core-i7-12700kf.html
2026-06-04,Płyta główna,ASRock A520M-ITX/AC,429.0,,https://www.x-kom.pl/p/613677-plyta-glowna-socket-am4-asrock-a520m-itx-ac.html
2026-06-04,Płyta główna,ASUS TUF GAMING B850-PLUS WIFI,805.0,,https://www.x-kom.pl/p/1306481-plyta-glowna-socket-am5-asus-tuf-gaming-b850-plus-wifi.html
2026-06-04,Płyta główna,Gigabyte B650 EAGLE AX,519.0,,https://www.x-kom.pl/p/1226980-plyta-glowna-socket-am5-gigabyte-b650-eagle-ax.html
2026-06-04,Płyta główna,Gigabyte X870 AORUS ELITE WIFI7 ICE,1119.0,,https://www.x-kom.pl/p/1282691-plyta-glowna-socket-am5-gigabyte-x870-aorus-elite-wifi7-ice.html
2026-06-04,Płyta główna,MSI B550 GAMING WIFI,575.0,,https://www.x-kom.pl/p/1480681-plyta-glowna-socket-am4-msi-b550-gaming-wifi.html
2026-06-05,Dysk,ADATA Dysk SSD External SD810 2TB USB3.2C 20Gb/s Srebrny,1349.0,,https://www.x-kom.pl/p/1211896-dysk-zewnetrzny-ssd-adata-dysk-ssd-external-sd810-2tb-usb32c-20gb-s-srebrny.html
2026-06-05,Dysk,Lexar 1TB M.2 PCIe Gen4 NVMe NM790,699.0,,https://www.x-kom.pl/p/1146134-dysk-ssd-lexar-1tb-m2-pcie-gen4-nvme-nm790.html
2026-06-05,Dysk,Samsung 2TB M.2 PCIe Gen5 NVMe 9100 PRO,2199.0,,https://www.x-kom.pl/p/1322624-dysk-ssd-samsung-2tb-m2-pcie-gen5-nvme-9100-pro.html
2026-06-05,Dysk,Seagate BARRACUDA 2TB 7200obr. 256MB,609.0,,https://www.x-kom.pl/p/461759-dysk-hdd-seagate-barracuda-2tb-7200obr-256mb.html
2026-06-05,Dysk,Synology HAT3320-8T 8TB Plus,1749.0,,https://www.x-kom.pl/p/1418298-dysk-hdd-synology-hat3320-8t-8tb-plus.html
2026-06-05,Karta graficzna,Gigabyte GeForce RTX 5070 Windforce OC 12GB GDDR7 DLSS4,2649.0,Zobacz produkty,https://www.x-kom.pl/p/1318534-karta-graficzna-nvidia-gigabyte-geforce-rtx-5070-windforce-oc-12gb-gddr7-dlss4.html
2026-06-05,Karta graficzna,Gigabyte GeForce RTX 5080 Windforce OC 16GB GDDR7 DLSS4,5999.0,,https://www.x-kom.pl/p/1309189-karta-graficzna-nvidia-gigabyte-geforce-rtx-5080-windforce-oc-16gb-gddr7-dlss4.html
2026-06-05,Karta graficzna,Gigabyte Radeon RX 9060 XT Gaming OC 16GB GDDR6,2099.0,Zobacz produkty,https://www.x-kom.pl/p/1339802-karta-graficzna-amd-gigabyte-radeon-rx-9060-xt-gaming-oc-16gb-gddr6.html
2026-06-05,Karta graficzna,MSI GeForce RTX 5090 Gaming Trio OC 32GB GDDR7 DLSS4,18999.0,Zobacz produkty,https://www.x-kom.pl/p/1314559-karta-graficzna-nvidia-msi-geforce-rtx-5090-gaming-trio-oc-32gb-gddr7-dlss4.html
2026-06-05,Karta graficzna,PowerColor Radeon RX 7600 Fighter 8GB V2 GDDR6,1249.0,,https://www.x-kom.pl/p/1368326-karta-graficzna-amd-powercolor-radeon-rx-7600-fighter-8gb-v2-gddr6.html
2026-06-05,Pamięć RAM,Corsair 16GB (2x8GB) 5600 CL40 Vengeance RGB,1259.0,,https://www.x-kom.pl/p/1486220-pamiec-ram-ddr5-corsair-16gb-2x8gb-5600-cl40-vengeance-rgb.html
2026-06-05,Pamięć RAM,G.SKILL 32GB (2x16GB) 3200MHz CL16 Aegis,1169.0,,https://www.x-kom.pl/p/539275-pamiec-ram-ddr4-gskill-32gb-2x16gb-3200mhz-cl16-aegis.html
2026-06-05,Pamięć RAM,GOODRAM 8GB (1x8GB) 1600MHz CL11,199.0,,https://www.x-kom.pl/p/420909-pamiec-ram-sodimm-ddr3-goodram-8gb-1x8gb-1600mhz-cl11.html
2026-06-05,Pamięć RAM,Kingston FURY 16GB (2x8GB) 3200MHz CL16 Beast Black,699.0,,https://www.x-kom.pl/p/667295-pamiec-ram-ddr4-kingston-fury-16gb-2x8gb-3200mhz-cl16-beast-black.html
2026-06-05,Pamięć RAM,Patriot 32GB (2x16GB) 6000MT/s CL30 Venom,1669.0,,https://www.x-kom.pl/p/1258925-pamiec-ram-ddr5-patriot-32gb-2x16gb-6000mt-s-cl30-venom.html
2026-06-05,Procesor,AMD Ryzen 7 5800X,879.0,,https://www.x-kom.pl/p/597430-procesor-amd-ryzen-7-amd-ryzen-7-5800x.html
2026-06-05,Procesor,AMD Ryzen 7 9800X3D,1799.0,,https://www.x-kom.pl/p/1292320-procesor-amd-ryzen-7-amd-ryzen-7-9800x3d.html
2026-06-05,Procesor,AMD Ryzen Threadripper PRO 9995WX,51399.0,,https://www.x-kom.pl/p/1352192-procesor-amd-threadripper-amd-ryzen-threadripper-pro-9995wx.html
2026-06-05,Procesor,Intel Core i5-12400F,669.0,,https://www.x-kom.pl/p/702238-procesory-intel-core-i5-intel-core-i5-12400f.html
2026-06-05,Procesor,Intel Core i7-12700KF,1099.0,,https://www.x-kom.pl/p/689604-procesor-intel-core-i7-intel-core-i7-12700kf.html
2026-06-05,Płyta główna,ASRock A520M-ITX/AC,429.0,,https://www.x-kom.pl/p/613677-plyta-glowna-socket-am4-asrock-a520m-itx-ac.html
2026-06-05,Płyta główna,ASUS TUF GAMING B850-PLUS WIFI,805.0,,https://www.x-kom.pl/p/1306481-plyta-glowna-socket-am5-asus-tuf-gaming-b850-plus-wifi.html
2026-06-05,Płyta główna,Gigabyte B650 EAGLE AX,519.0,,https://www.x-kom.pl/p/1226980-plyta-glowna-socket-am5-gigabyte-b650-eagle-ax.html
2026-06-05,Płyta główna,Gigabyte X870 AORUS ELITE WIFI7 ICE,1119.0,,https://www.x-kom.pl/p/1282691-plyta-glowna-socket-am5-gigabyte-x870-aorus-elite-wifi7-ice.html
2026-06-05,Płyta główna,MSI B550 GAMING WIFI,575.0,,https://www.x-kom.pl/p/1480681-plyta-glowna-socket-am4-msi-b550-gaming-wifi.html
2026-06-06,Dysk,ADATA Dysk SSD External SD810 2TB USB3.2C 20Gb/s Srebrny,1349.0,,https://www.x-kom.pl/p/1211896-dysk-zewnetrzny-ssd-adata-dysk-ssd-external-sd810-2tb-usb32c-20gb-s-srebrny.html
2026-06-06,Dysk,Lexar 1TB M.2 PCIe Gen4 NVMe NM790,699.0,,https://www.x-kom.pl/p/1146134-dysk-ssd-lexar-1tb-m2-pcie-gen4-nvme-nm790.html
2026-06-06,Dysk,Samsung 2TB M.2 PCIe Gen5 NVMe 9100 PRO,2199.0,,https://www.x-kom.pl/p/1322624-dysk-ssd-samsung-2tb-m2-pcie-gen5-nvme-9100-pro.html
2026-06-06,Dysk,Seagate BARRACUDA 2TB 7200obr. 256MB,609.0,,https://www.x-kom.pl/p/461759-dysk-hdd-seagate-barracuda-2tb-7200obr-256mb.html
2026-06-06,Dysk,Synology HAT3320-8T 8TB Plus,1749.0,,https://www.x-kom.pl/p/1418298-dysk-hdd-synology-hat3320-8t-8tb-plus.html
2026-06-06,Karta graficzna,Gigabyte GeForce RTX 5070 Windforce OC 12GB GDDR7 DLSS4,2649.0,Zobacz produkty,https://www.x-kom.pl/p/1318534-karta-graficzna-nvidia-gigabyte-geforce-rtx-5070-windforce-oc-12gb-gddr7-dlss4.html
2026-06-06,Karta graficzna,Gigabyte GeForce RTX 5080 Windforce OC 16GB GDDR7 DLSS4,5999.0,,https://www.x-kom.pl/p/1309189-karta-graficzna-nvidia-gigabyte-geforce-rtx-5080-windforce-oc-16gb-gddr7-dlss4.html
2026-06-06,Karta graficzna,Gigabyte Radeon RX 9060 XT Gaming OC 16GB GDDR6,2099.0,Zobacz produkty,https://www.x-kom.pl/p/1339802-karta-graficzna-amd-gigabyte-radeon-rx-9060-xt-gaming-oc-16gb-gddr6.html
2026-06-06,Karta graficzna,MSI GeForce RTX 5090 Gaming Trio OC 32GB GDDR7 DLSS4,18999.0,Zobacz produkty,https://www.x-kom.pl/p/1314559-karta-graficzna-nvidia-msi-geforce-rtx-5090-gaming-trio-oc-32gb-gddr7-dlss4.html
2026-06-06,Karta graficzna,PowerColor Radeon RX 7600 Fighter 8GB V2 GDDR6,1249.0,,https://www.x-kom.pl/p/1368326-karta-graficzna-amd-powercolor-radeon-rx-7600-fighter-8gb-v2-gddr6.html
2026-06-06,Pamięć RAM,Corsair 16GB (2x8GB) 5600 CL40 Vengeance RGB,1259.0,,https://www.x-kom.pl/p/1486220-pamiec-ram-ddr5-corsair-16gb-2x8gb-5600-cl40-vengeance-rgb.html
2026-06-06,Pamięć RAM,G.SKILL 32GB (2x16GB) 3200MHz CL16 Aegis,1169.0,,https://www.x-kom.pl/p/539275-pamiec-ram-ddr4-gskill-32gb-2x16gb-3200mhz-cl16-aegis.html
2026-06-06,Pamięć RAM,GOODRAM 8GB (1x8GB) 1600MHz CL11,199.0,,https://www.x-kom.pl/p/420909-pamiec-ram-sodimm-ddr3-goodram-8gb-1x8gb-1600mhz-cl11.html
2026-06-06,Pamięć RAM,Kingston FURY 16GB (2x8GB) 3200MHz CL16 Beast Black,699.0,,https://www.x-kom.pl/p/667295-pamiec-ram-ddr4-kingston-fury-16gb-2x8gb-3200mhz-cl16-beast-black.html
2026-06-06,Pamięć RAM,Patriot 32GB (2x16GB) 6000MT/s CL30 Venom,1669.0,,https://www.x-kom.pl/p/1258925-pamiec-ram-ddr5-patriot-32gb-2x16gb-6000mt-s-cl30-venom.html
2026-06-06,Procesor,AMD Ryzen 7 5800X,879.0,,https://www.x-kom.pl/p/597430-procesor-amd-ryzen-7-amd-ryzen-7-5800x.html
2026-06-06,Procesor,AMD Ryzen 7 9800X3D,1799.0,,https://www.x-kom.pl/p/1292320-procesor-amd-ryzen-7-amd-ryzen-7-9800x3d.html
2026-06-06,Procesor,AMD Ryzen Threadripper PRO 9995WX,51399.0,,https://www.x-kom.pl/p/1352192-procesor-amd-threadripper-amd-ryzen-threadripper-pro-9995wx.html
2026-06-06,Procesor,Intel Core i5-12400F,669.0,,https://www.x-kom.pl/p/702238-procesory-intel-core-i5-intel-core-i5-12400f.html
2026-06-06,Procesor,Intel Core i7-12700KF,1099.0,,https://www.x-kom.pl/p/689604-procesor-intel-core-i7-intel-core-i7-12700kf.html
2026-06-06,Płyta główna,ASRock A520M-ITX/AC,429.0,,https://www.x-kom.pl/p/613677-plyta-glowna-socket-am4-asrock-a520m-itx-ac.html
2026-06-06,Płyta główna,ASUS TUF GAMING B850-PLUS WIFI,805.0,,https://www.x-kom.pl/p/1306481-plyta-glowna-socket-am5-asus-tuf-gaming-b850-plus-wifi.html
2026-06-06,Płyta główna,Gigabyte B650 EAGLE AX,519.0,,https://www.x-kom.pl/p/1226980-plyta-glowna-socket-am5-gigabyte-b650-eagle-ax.html
2026-06-06,Płyta główna,Gigabyte X870 AORUS ELITE WIFI7 ICE,1119.0,,https://www.x-kom.pl/p/1282691-plyta-glowna-socket-am5-gigabyte-x870-aorus-elite-wifi7-ice.html
2026-06-06,Płyta główna,MSI B550 GAMING WIFI,575.0,,https://www.x-kom.pl/p/1480681-plyta-glowna-socket-am4-msi-b550-gaming-wifi.html
2026-06-07,Dysk,ADATA Dysk SSD External SD810 2TB USB3.2C 20Gb/s Srebrny,1349.0,,https://www.x-kom.pl/p/1211896-dysk-zewnetrzny-ssd-adata-dysk-ssd-external-sd810-2tb-usb32c-20gb-s-srebrny.html
2026-06-07,Dysk,Lexar 1TB M.2 PCIe Gen4 NVMe NM790,699.0,,https://www.x-kom.pl/p/1146134-dysk-ssd-lexar-1tb-m2-pcie-gen4-nvme-nm790.html
2026-06-07,Dysk,Samsung 2TB M.2 PCIe Gen5 NVMe 9100 PRO,2199.0,,https://www.x-kom.pl/p/1322624-dysk-ssd-samsung-2tb-m2-pcie-gen5-nvme-9100-pro.html
2026-06-07,Dysk,Seagate BARRACUDA 2TB 7200obr. 256MB,609.0,,https://www.x-kom.pl/p/461759-dysk-hdd-seagate-barracuda-2tb-7200obr-256mb.html
2026-06-07,Dysk,Synology HAT3320-8T 8TB Plus,1749.0,,https://www.x-kom.pl/p/1418298-dysk-hdd-synology-hat3320-8t-8tb-plus.html
2026-06-07,Karta graficzna,Gigabyte GeForce RTX 5070 Windforce OC 12GB GDDR7 DLSS4,2649.0,Zobacz produkty,https://www.x-kom.pl/p/1318534-karta-graficzna-nvidia-gigabyte-geforce-rtx-5070-windforce-oc-12gb-gddr7-dlss4.html
2026-06-07,Karta graficzna,Gigabyte GeForce RTX 5080 Windforce OC 16GB GDDR7 DLSS4,5999.0,,https://www.x-kom.pl/p/1309189-karta-graficzna-nvidia-gigabyte-geforce-rtx-5080-windforce-oc-16gb-gddr7-dlss4.html
2026-06-07,Karta graficzna,Gigabyte Radeon RX 9060 XT Gaming OC 16GB GDDR6,2099.0,Zobacz produkty,https://www.x-kom.pl/p/1339802-karta-graficzna-amd-gigabyte-radeon-rx-9060-xt-gaming-oc-16gb-gddr6.html
2026-06-07,Karta graficzna,MSI GeForce RTX 5090 Gaming Trio OC 32GB GDDR7 DLSS4,18999.0,Zobacz produkty,https://www.x-kom.pl/p/1314559-karta-graficzna-nvidia-msi-geforce-rtx-5090-gaming-trio-oc-32gb-gddr7-dlss4.html
2026-06-07,Karta graficzna,PowerColor Radeon RX 7600 Fighter 8GB V2 GDDR6,1249.0,,https://www.x-kom.pl/p/1368326-karta-graficzna-amd-powercolor-radeon-rx-7600-fighter-8gb-v2-gddr6.html
2026-06-07,Pamięć RAM,Corsair 16GB (2x8GB) 5600 CL40 Vengeance RGB,1259.0,,https://www.x-kom.pl/p/1486220-pamiec-ram-ddr5-corsair-16gb-2x8gb-5600-cl40-vengeance-rgb.html
2026-06-07,Pamięć RAM,G.SKILL 32GB (2x16GB) 3200MHz CL16 Aegis,1169.0,,https://www.x-kom.pl/p/539275-pamiec-ram-ddr4-gskill-32gb-2x16gb-3200mhz-cl16-aegis.html
2026-06-07,Pamięć RAM,GOODRAM 8GB (1x8GB) 1600MHz CL11,199.0,,https://www.x-kom.pl/p/420909-pamiec-ram-sodimm-ddr3-goodram-8gb-1x8gb-1600mhz-cl11.html
2026-06-07,Pamięć RAM,Kingston FURY 16GB (2x8GB) 3200MHz CL16 Beast Black,699.0,,https://www.x-kom.pl/p/667295-pamiec-ram-ddr4-kingston-fury-16gb-2x8gb-3200mhz-cl16-beast-black.html
2026-06-07,Pamięć RAM,Patriot 32GB (2x16GB) 6000MT/s CL30 Venom,1669.0,,https://www.x-kom.pl/p/1258925-pamiec-ram-ddr5-patriot-32gb-2x16gb-6000mt-s-cl30-venom.html
2026-06-07,Procesor,AMD Ryzen 7 5800X,879.0,,https://www.x-kom.pl/p/597430-procesor-amd-ryzen-7-amd-ryzen-7-5800x.html
2026-06-07,Procesor,AMD Ryzen 7 9800X3D,1799.0,,https://www.x-kom.pl/p/1292320-procesor-amd-ryzen-7-amd-ryzen-7-9800x3d.html
2026-06-07,Procesor,AMD Ryzen Threadripper PRO 9995WX,51399.0,,https://www.x-kom.pl/p/1352192-procesor-amd-threadripper-amd-ryzen-threadripper-pro-9995wx.html
2026-06-07,Procesor,Intel Core i5-12400F,669.0,,https://www.x-kom.pl/p/702238-procesory-intel-core-i5-intel-core-i5-12400f.html
2026-06-07,Procesor,Intel Core i7-12700KF,1099.0,,https://www.x-kom.pl/p/689604-procesor-intel-core-i7-intel-core-i7-12700kf.html
2026-06-07,Płyta główna,ASRock A520M-ITX/AC,429.0,,https://www.x-kom.pl/p/613677-plyta-glowna-socket-am4-asrock-a520m-itx-ac.html
2026-06-07,Płyta główna,ASUS TUF GAMING B850-PLUS WIFI,805.0,,https://www.x-kom.pl/p/1306481-plyta-glowna-socket-am5-asus-tuf-gaming-b850-plus-wifi.html
2026-06-07,Płyta główna,Gigabyte B650 EAGLE AX,519.0,,https://www.x-kom.pl/p/1226980-plyta-glowna-socket-am5-gigabyte-b650-eagle-ax.html
2026-06-07,Płyta główna,Gigabyte X870 AORUS ELITE WIFI7 ICE,1119.0,,https://www.x-kom.pl/p/1282691-plyta-glowna-socket-am5-gigabyte-x870-aorus-elite-wifi7-ice.html
2026-06-07,Płyta główna,MSI B550 GAMING WIFI,575.0,,https://www.x-kom.pl/p/1480681-plyta-glowna-socket-am4-msi-b550-gaming-wifi.html
2026-06-08,Dysk,ADATA Dysk SSD External SD810 2TB USB3.2C 20Gb/s Srebrny,1349.0,,https://www.x-kom.pl/p/1211896-dysk-zewnetrzny-ssd-adata-dysk-ssd-external-sd810-2tb-usb32c-20gb-s-srebrny.html
2026-06-08,Dysk,Lexar 1TB M.2 PCIe Gen4 NVMe NM790,699.0,,https://www.x-kom.pl/p/1146134-dysk-ssd-lexar-1tb-m2-pcie-gen4-nvme-nm790.html
2026-06-08,Dysk,Samsung 2TB M.2 PCIe Gen5 NVMe 9100 PRO,2499.0,,https://www.x-kom.pl/p/1322624-dysk-ssd-samsung-2tb-m2-pcie-gen5-nvme-9100-pro.html
2026-06-08,Dysk,Seagate BARRACUDA 2TB 7200obr. 256MB,609.0,,https://www.x-kom.pl/p/461759-dysk-hdd-seagate-barracuda-2tb-7200obr-256mb.html
2026-06-08,Dysk,Synology HAT3320-8T 8TB Plus,1749.0,,https://www.x-kom.pl/p/1418298-dysk-hdd-synology-hat3320-8t-8tb-plus.html
2026-06-08,Karta graficzna,Gigabyte GeForce RTX 5070 Windforce OC 12GB GDDR7 DLSS4,2649.0,Zobacz produkty,https://www.x-kom.pl/p/1318534-karta-graficzna-nvidia-gigabyte-geforce-rtx-5070-windforce-oc-12gb-gddr7-dlss4.html
2026-06-08,Karta graficzna,Gigabyte GeForce RTX 5080 Windforce OC 16GB GDDR7 DLSS4,5999.0,,https://www.x-kom.pl/p/1309189-karta-graficzna-nvidia-gigabyte-geforce-rtx-5080-windforce-oc-16gb-gddr7-dlss4.html
2026-06-08,Karta graficzna,Gigabyte Radeon RX 9060 XT Gaming OC 16GB GDDR6,2099.0,Zobacz produkty,https://www.x-kom.pl/p/1339802-karta-graficzna-amd-gigabyte-radeon-rx-9060-xt-gaming-oc-16gb-gddr6.html
2026-06-08,Karta graficzna,MSI GeForce RTX 5090 Gaming Trio OC 32GB GDDR7 DLSS4,18999.0,Zobacz produkty,https://www.x-kom.pl/p/1314559-karta-graficzna-nvidia-msi-geforce-rtx-5090-gaming-trio-oc-32gb-gddr7-dlss4.html
2026-06-08,Karta graficzna,PowerColor Radeon RX 7600 Fighter 8GB V2 GDDR6,1249.0,,https://www.x-kom.pl/p/1368326-karta-graficzna-amd-powercolor-radeon-rx-7600-fighter-8gb-v2-gddr6.html
2026-06-08,Pamięć RAM,Corsair 16GB (2x8GB) 5600 CL40 Vengeance RGB,1259.0,,https://www.x-kom.pl/p/1486220-pamiec-ram-ddr5-corsair-16gb-2x8gb-5600-cl40-vengeance-rgb.html
2026-06-08,Pamięć RAM,G.SKILL 32GB (2x16GB) 3200MHz CL16 Aegis,1169.0,,https://www.x-kom.pl/p/539275-pamiec-ram-ddr4-gskill-32gb-2x16gb-3200mhz-cl16-aegis.html
2026-06-08,Pamięć RAM,GOODRAM 8GB (1x8GB) 1600MHz CL11,199.0,,https://www.x-kom.pl/p/420909-pamiec-ram-sodimm-ddr3-goodram-8gb-1x8gb-1600mhz-cl11.html
2026-06-08,Pamięć RAM,Kingston FURY 16GB (2x8GB) 3200MHz CL16 Beast Black,699.0,,https://www.x-kom.pl/p/667295-pamiec-ram-ddr4-kingston-fury-16gb-2x8gb-3200mhz-cl16-beast-black.html
2026-06-08,Pamięć RAM,Patriot 32GB (2x16GB) 6000MT/s CL30 Venom,1709.0,,https://www.x-kom.pl/p/1258925-pamiec-ram-ddr5-patriot-32gb-2x16gb-6000mt-s-cl30-venom.html
2026-06-08,Procesor,AMD Ryzen 7 5800X,879.0,,https://www.x-kom.pl/p/597430-procesor-amd-ryzen-7-amd-ryzen-7-5800x.html
2026-06-08,Procesor,AMD Ryzen 7 9800X3D,1799.0,,https://www.x-kom.pl/p/1292320-procesor-amd-ryzen-7-amd-ryzen-7-9800x3d.html
2026-06-08,Procesor,AMD Ryzen Threadripper PRO 9995WX,51399.0,,https://www.x-kom.pl/p/1352192-procesor-amd-threadripper-amd-ryzen-threadripper-pro-9995wx.html
2026-06-08,Procesor,Intel Core i5-12400F,779.0,,https://www.x-kom.pl/p/702238-procesory-intel-core-i5-intel-core-i5-12400f.html
2026-06-08,Procesor,Intel Core i7-12700KF,1099.0,,https://www.x-kom.pl/p/689604-procesor-intel-core-i7-intel-core-i7-12700kf.html
2026-06-08,Płyta główna,ASRock A520M-ITX/AC,429.0,,https://www.x-kom.pl/p/613677-plyta-glowna-socket-am4-asrock-a520m-itx-ac.html
2026-06-08,Płyta główna,ASUS TUF GAMING B850-PLUS WIFI,805.0,,https://www.x-kom.pl/p/1306481-plyta-glowna-socket-am5-asus-tuf-gaming-b850-plus-wifi.html
2026-06-08,Płyta główna,Gigabyte B650 EAGLE AX,519.0,,https://www.x-kom.pl/p/1226980-plyta-glowna-socket-am5-gigabyte-b650-eagle-ax.html
2026-06-08,Płyta główna,Gigabyte X870 AORUS ELITE WIFI7 ICE,1159.0,,https://www.x-kom.pl/p/1282691-plyta-glowna-socket-am5-gigabyte-x870-aorus-elite-wifi7-ice.html
2026-06-08,Płyta główna,MSI B550 GAMING WIFI,575.0,,https://www.x-kom.pl/p/1480681-plyta-glowna-socket-am4-msi-b550-gaming-wifi.html
2026-06-09,Dysk,ADATA Dysk SSD External SD810 2TB USB3.2C 20Gb/s Srebrny,1349.0,,https://www.x-kom.pl/p/1211896-dysk-zewnetrzny-ssd-adata-dysk-ssd-external-sd810-2tb-usb32c-20gb-s-srebrny.html
2026-06-09,Dysk,Lexar 1TB M.2 PCIe Gen4 NVMe NM790,699.0,,https://www.x-kom.pl/p/1146134-dysk-ssd-lexar-1tb-m2-pcie-gen4-nvme-nm790.html
2026-06-09,Dysk,Samsung 2TB M.2 PCIe Gen5 NVMe 9100 PRO,2499.0,,https://www.x-kom.pl/p/1322624-dysk-ssd-samsung-2tb-m2-pcie-gen5-nvme-9100-pro.html
2026-06-09,Dysk,Seagate BARRACUDA 2TB 7200obr. 256MB,609.0,,https://www.x-kom.pl/p/461759-dysk-hdd-seagate-barracuda-2tb-7200obr-256mb.html
2026-06-09,Dysk,Synology HAT3320-8T 8TB Plus,1749.0,,https://www.x-kom.pl/p/1418298-dysk-hdd-synology-hat3320-8t-8tb-plus.html
2026-06-09,Karta graficzna,Gigabyte GeForce RTX 5070 Windforce OC 12GB GDDR7 DLSS4,2649.0,Zobacz produkty,https://www.x-kom.pl/p/1318534-karta-graficzna-nvidia-gigabyte-geforce-rtx-5070-windforce-oc-12gb-gddr7-dlss4.html
2026-06-09,Karta graficzna,Gigabyte GeForce RTX 5080 Windforce OC 16GB GDDR7 DLSS4,5999.0,,https://www.x-kom.pl/p/1309189-karta-graficzna-nvidia-gigabyte-geforce-rtx-5080-windforce-oc-16gb-gddr7-dlss4.html
2026-06-09,Karta graficzna,Gigabyte Radeon RX 9060 XT Gaming OC 16GB GDDR6,2099.0,Zobacz produkty,https://www.x-kom.pl/p/1339802-karta-graficzna-amd-gigabyte-radeon-rx-9060-xt-gaming-oc-16gb-gddr6.html
2026-06-09,Karta graficzna,MSI GeForce RTX 5090 Gaming Trio OC 32GB GDDR7 DLSS4,18999.0,Zobacz produkty,https://www.x-kom.pl/p/1314559-karta-graficzna-nvidia-msi-geforce-rtx-5090-gaming-trio-oc-32gb-gddr7-dlss4.html
2026-06-09,Karta graficzna,PowerColor Radeon RX 7600 Fighter 8GB V2 GDDR6,1249.0,,https://www.x-kom.pl/p/1368326-karta-graficzna-amd-powercolor-radeon-rx-7600-fighter-8gb-v2-gddr6.html
2026-06-09,Pamięć RAM,Corsair 16GB (2x8GB) 5600 CL40 Vengeance RGB,1259.0,,https://www.x-kom.pl/p/1486220-pamiec-ram-ddr5-corsair-16gb-2x8gb-5600-cl40-vengeance-rgb.html
2026-06-09,Pamięć RAM,G.SKILL 32GB (2x16GB) 3200MHz CL16 Aegis,1169.0,,https://www.x-kom.pl/p/539275-pamiec-ram-ddr4-gskill-32gb-2x16gb-3200mhz-cl16-aegis.html
2026-06-09,Pamięć RAM,GOODRAM 8GB (1x8GB) 1600MHz CL11,199.0,,https://www.x-kom.pl/p/420909-pamiec-ram-sodimm-ddr3-goodram-8gb-1x8gb-1600mhz-cl11.html
2026-06-09,Pamięć RAM,Kingston FURY 16GB (2x8GB) 3200MHz CL16 Beast Black,699.0,,https://www.x-kom.pl/p/667295-pamiec-ram-ddr4-kingston-fury-16gb-2x8gb-3200mhz-cl16-beast-black.html
2026-06-09,Pamięć RAM,Patriot 32GB (2x16GB) 6000MT/s CL30 Venom,1709.0,,https://www.x-kom.pl/p/1258925-pamiec-ram-ddr5-patriot-32gb-2x16gb-6000mt-s-cl30-venom.html
2026-06-09,Procesor,AMD Ryzen 7 5800X,879.0,,https://www.x-kom.pl/p/597430-procesor-amd-ryzen-7-amd-ryzen-7-5800x.html
2026-06-09,Procesor,AMD Ryzen 7 9800X3D,1799.0,,https://www.x-kom.pl/p/1292320-procesor-amd-ryzen-7-amd-ryzen-7-9800x3d.html
2026-06-09,Procesor,AMD Ryzen Threadripper PRO 9995WX,51399.0,,https://www.x-kom.pl/p/1352192-procesor-amd-threadripper-amd-ryzen-threadripper-pro-9995wx.html
2026-06-09,Procesor,Intel Core i5-12400F,779.0,,https://www.x-kom.pl/p/702238-procesory-intel-core-i5-intel-core-i5-12400f.html
2026-06-09,Procesor,Intel Core i7-12700KF,1099.0,,https://www.x-kom.pl/p/689604-procesor-intel-core-i7-intel-core-i7-12700kf.html
2026-06-09,Płyta główna,ASRock A520M-ITX/AC,429.0,,https://www.x-kom.pl/p/613677-plyta-glowna-socket-am4-asrock-a520m-itx-ac.html
2026-06-09,Płyta główna,ASUS TUF GAMING B850-PLUS WIFI,805.0,,https://www.x-kom.pl/p/1306481-plyta-glowna-socket-am5-asus-tuf-gaming-b850-plus-wifi.html
2026-06-09,Płyta główna,Gigabyte B650 EAGLE AX,519.0,,https://www.x-kom.pl/p/1226980-plyta-glowna-socket-am5-gigabyte-b650-eagle-ax.html
2026-06-09,Płyta główna,Gigabyte X870 AORUS ELITE WIFI7 ICE,1159.0,,https://www.x-kom.pl/p/1282691-plyta-glowna-socket-am5-gigabyte-x870-aorus-elite-wifi7-ice.html
2026-06-09,Płyta główna,MSI B550 GAMING WIFI,575.0,,https://www.x-kom.pl/p/1480681-plyta-glowna-socket-am4-msi-b550-gaming-wifi.html
2026-06-10,Dysk,ADATA Dysk SSD External SD810 2TB USB3.2C 20Gb/s Srebrny,1349.0,,https://www.x-kom.pl/p/1211896-dysk-zewnetrzny-ssd-adata-dysk-ssd-external-sd810-2tb-usb32c-20gb-s-srebrny.html
2026-06-10,Dysk,Lexar 1TB M.2 PCIe Gen4 NVMe NM790,699.0,,https://www.x-kom.pl/p/1146134-dysk-ssd-lexar-1tb-m2-pcie-gen4-nvme-nm790.html
2026-06-10,Dysk,Samsung 2TB M.2 PCIe Gen5 NVMe 9100 PRO,2499.0,,https://www.x-kom.pl/p/1322624-dysk-ssd-samsung-2tb-m2-pcie-gen5-nvme-9100-pro.html
2026-06-10,Dysk,Seagate BARRACUDA 2TB 7200obr. 256MB,609.0,,https://www.x-kom.pl/p/461759-dysk-hdd-seagate-barracuda-2tb-7200obr-256mb.html
2026-06-10,Dysk,Synology HAT3320-8T 8TB Plus,2149.0,,https://www.x-kom.pl/p/1418298-dysk-hdd-synology-hat3320-8t-8tb-plus.html
2026-06-10,Karta graficzna,Gigabyte GeForce RTX 5070 Windforce OC 12GB GDDR7 DLSS4,2649.0,Zobacz produkty,https://www.x-kom.pl/p/1318534-karta-graficzna-nvidia-gigabyte-geforce-rtx-5070-windforce-oc-12gb-gddr7-dlss4.html
2026-06-10,Karta graficzna,Gigabyte GeForce RTX 5080 Windforce OC 16GB GDDR7 DLSS4,5999.0,,https://www.x-kom.pl/p/1309189-karta-graficzna-nvidia-gigabyte-geforce-rtx-5080-windforce-oc-16gb-gddr7-dlss4.html
2026-06-10,Karta graficzna,Gigabyte Radeon RX 9060 XT Gaming OC 16GB GDDR6,2099.0,Zobacz produkty,https://www.x-kom.pl/p/1339802-karta-graficzna-amd-gigabyte-radeon-rx-9060-xt-gaming-oc-16gb-gddr6.html
2026-06-10,Karta graficzna,MSI GeForce RTX 5090 Gaming Trio OC 32GB GDDR7 DLSS4,18999.0,Zobacz produkty,https://www.x-kom.pl/p/1314559-karta-graficzna-nvidia-msi-geforce-rtx-5090-gaming-trio-oc-32gb-gddr7-dlss4.html
2026-06-10,Karta graficzna,PowerColor Radeon RX 7600 Fighter 8GB V2 GDDR6,1249.0,,https://www.x-kom.pl/p/1368326-karta-graficzna-amd-powercolor-radeon-rx-7600-fighter-8gb-v2-gddr6.html
2026-06-10,Pamięć RAM,Corsair 16GB (2x8GB) 5600 CL40 Vengeance RGB,1259.0,,https://www.x-kom.pl/p/1486220-pamiec-ram-ddr5-corsair-16gb-2x8gb-5600-cl40-vengeance-rgb.html
2026-06-10,Pamięć RAM,G.SKILL 32GB (2x16GB) 3200MHz CL16 Aegis,1169.0,,https://www.x-kom.pl/p/539275-pamiec-ram-ddr4-gskill-32gb-2x16gb-3200mhz-cl16-aegis.html
2026-06-10,Pamięć RAM,GOODRAM 8GB (1x8GB) 1600MHz CL11,199.0,,https://www.x-kom.pl/p/420909-pamiec-ram-sodimm-ddr3-goodram-8gb-1x8gb-1600mhz-cl11.html
2026-06-10,Pamięć RAM,Kingston FURY 16GB (2x8GB) 3200MHz CL16 Beast Black,699.0,,https://www.x-kom.pl/p/667295-pamiec-ram-ddr4-kingston-fury-16gb-2x8gb-3200mhz-cl16-beast-black.html
2026-06-10,Pamięć RAM,Patriot 32GB (2x16GB) 6000MT/s CL30 Venom,1739.0,,https://www.x-kom.pl/p/1258925-pamiec-ram-ddr5-patriot-32gb-2x16gb-6000mt-s-cl30-venom.html
2026-06-10,Procesor,AMD Ryzen 7 5800X,879.0,,https://www.x-kom.pl/p/597430-procesor-amd-ryzen-7-amd-ryzen-7-5800x.html
2026-06-10,Procesor,AMD Ryzen 7 9800X3D,1799.0,,https://www.x-kom.pl/p/1292320-procesor-amd-ryzen-7-amd-ryzen-7-9800x3d.html
2026-06-10,Procesor,AMD Ryzen Threadripper PRO 9995WX,51399.0,,https://www.x-kom.pl/p/1352192-procesor-amd-threadripper-amd-ryzen-threadripper-pro-9995wx.html
2026-06-10,Procesor,Intel Core i5-12400F,779.0,,https://www.x-kom.pl/p/702238-procesory-intel-core-i5-intel-core-i5-12400f.html
2026-06-10,Procesor,Intel Core i7-12700KF,1099.0,,https://www.x-kom.pl/p/689604-procesor-intel-core-i7-intel-core-i7-12700kf.html
2026-06-10,Płyta główna,ASRock A520M-ITX/AC,429.0,,https://www.x-kom.pl/p/613677-plyta-glowna-socket-am4-asrock-a520m-itx-ac.html
2026-06-10,Płyta główna,ASUS TUF GAMING B850-PLUS WIFI,805.0,,https://www.x-kom.pl/p/1306481-plyta-glowna-socket-am5-asus-tuf-gaming-b850-plus-wifi.html
2026-06-10,Płyta główna,Gigabyte B650 EAGLE AX,529.0,,https://www.x-kom.pl/p/1226980-plyta-glowna-socket-am5-gigabyte-b650-eagle-ax.html
2026-06-10,Płyta główna,Gigabyte X870 AORUS ELITE WIFI7 ICE,1159.0,,https://www.x-kom.pl/p/1282691-plyta-glowna-socket-am5-gigabyte-x870-aorus-elite-wifi7-ice.html
2026-06-10,Płyta główna,MSI B550 GAMING WIFI,575.0,,https://www.x-kom.pl/p/1480681-plyta-glowna-socket-am4-msi-b550-gaming-wifi.html
2026-06-11,Dysk,ADATA Dysk SSD External SD810 2TB USB3.2C 20Gb/s Srebrny,1349.0,,https://www.x-kom.pl/p/1211896-dysk-zewnetrzny-ssd-adata-dysk-ssd-external-sd810-2tb-usb32c-20gb-s-srebrny.html
2026-06-11,Dysk,Lexar 1TB M.2 PCIe Gen4 NVMe NM790,699.0,,https://www.x-kom.pl/p/1146134-dysk-ssd-lexar-1tb-m2-pcie-gen4-nvme-nm790.html
2026-06-11,Dysk,Samsung 2TB M.2 PCIe Gen5 NVMe 9100 PRO,2499.0,,https://www.x-kom.pl/p/1322624-dysk-ssd-samsung-2tb-m2-pcie-gen5-nvme-9100-pro.html
2026-06-11,Dysk,Seagate BARRACUDA 2TB 7200obr. 256MB,609.0,,https://www.x-kom.pl/p/461759-dysk-hdd-seagate-barracuda-2tb-7200obr-256mb.html
2026-06-11,Dysk,Synology HAT3320-8T 8TB Plus,2149.0,,https://www.x-kom.pl/p/1418298-dysk-hdd-synology-hat3320-8t-8tb-plus.html
2026-06-11,Karta graficzna,Gigabyte GeForce RTX 5070 Windforce OC 12GB GDDR7 DLSS4,2649.0,Zobacz produkty,https://www.x-kom.pl/p/1318534-karta-graficzna-nvidia-gigabyte-geforce-rtx-5070-windforce-oc-12gb-gddr7-dlss4.html
2026-06-11,Karta graficzna,Gigabyte GeForce RTX 5080 Windforce OC 16GB GDDR7 DLSS4,5999.0,,https://www.x-kom.pl/p/1309189-karta-graficzna-nvidia-gigabyte-geforce-rtx-5080-windforce-oc-16gb-gddr7-dlss4.html
2026-06-11,Karta graficzna,Gigabyte Radeon RX 9060 XT Gaming OC 16GB GDDR6,2099.0,Zobacz produkty,https://www.x-kom.pl/p/1339802-karta-graficzna-amd-gigabyte-radeon-rx-9060-xt-gaming-oc-16gb-gddr6.html
2026-06-11,Karta graficzna,MSI GeForce RTX 5090 Gaming Trio OC 32GB GDDR7 DLSS4,18999.0,Zobacz produkty,https://www.x-kom.pl/p/1314559-karta-graficzna-nvidia-msi-geforce-rtx-5090-gaming-trio-oc-32gb-gddr7-dlss4.html
2026-06-11,Karta graficzna,PowerColor Radeon RX 7600 Fighter 8GB V2 GDDR6,1249.0,,https://www.x-kom.pl/p/1368326-karta-graficzna-amd-powercolor-radeon-rx-7600-fighter-8gb-v2-gddr6.html
2026-06-11,Pamięć RAM,Corsair 16GB (2x8GB) 5600 CL40 Vengeance RGB,1259.0,,https://www.x-kom.pl/p/1486220-pamiec-ram-ddr5-corsair-16gb-2x8gb-5600-cl40-vengeance-rgb.html
2026-06-11,Pamięć RAM,G.SKILL 32GB (2x16GB) 3200MHz CL16 Aegis,1169.0,,https://www.x-kom.pl/p/539275-pamiec-ram-ddr4-gskill-32gb-2x16gb-3200mhz-cl16-aegis.html
2026-06-11,Pamięć RAM,GOODRAM 8GB (1x8GB) 1600MHz CL11,199.0,,https://www.x-kom.pl/p/420909-pamiec-ram-sodimm-ddr3-goodram-8gb-1x8gb-1600mhz-cl11.html
2026-06-11,Pamięć RAM,Kingston FURY 16GB (2x8GB) 3200MHz CL16 Beast Black,699.0,,https://www.x-kom.pl/p/667295-pamiec-ram-ddr4-kingston-fury-16gb-2x8gb-3200mhz-cl16-beast-black.html
2026-06-11,Pamięć RAM,Patriot 32GB (2x16GB) 6000MT/s CL30 Venom,1739.0,,https://www.x-kom.pl/p/1258925-pamiec-ram-ddr5-patriot-32gb-2x16gb-6000mt-s-cl30-venom.html
2026-06-11,Procesor,AMD Ryzen 7 5800X,879.0,,https://www.x-kom.pl/p/597430-procesor-amd-ryzen-7-amd-ryzen-7-5800x.html
2026-06-11,Procesor,AMD Ryzen 7 9800X3D,1799.0,,https://www.x-kom.pl/p/1292320-procesor-amd-ryzen-7-amd-ryzen-7-9800x3d.html
2026-06-11,Procesor,AMD Ryzen Threadripper PRO 9995WX,51399.0,,https://www.x-kom.pl/p/1352192-procesor-amd-threadripper-amd-ryzen-threadripper-pro-9995wx.html
2026-06-11,Procesor,Intel Core i5-12400F,779.0,,https://www.x-kom.pl/p/702238-procesory-intel-core-i5-intel-core-i5-12400f.html
2026-06-11,Procesor,Intel Core i7-12700KF,1099.0,,https://www.x-kom.pl/p/689604-procesor-intel-core-i7-intel-core-i7-12700kf.html
2026-06-11,Płyta główna,ASRock A520M-ITX/AC,429.0,,https://www.x-kom.pl/p/613677-plyta-glowna-socket-am4-asrock-a520m-itx-ac.html
2026-06-11,Płyta główna,ASUS TUF GAMING B850-PLUS WIFI,805.0,,https://www.x-kom.pl/p/1306481-plyta-glowna-socket-am5-asus-tuf-gaming-b850-plus-wifi.html
2026-06-11,Płyta główna,Gigabyte B650 EAGLE AX,529.0,,https://www.x-kom.pl/p/1226980-plyta-glowna-socket-am5-gigabyte-b650-eagle-ax.html
2026-06-11,Płyta główna,Gigabyte X870 AORUS ELITE WIFI7 ICE,1159.0,,https://www.x-kom.pl/p/1282691-plyta-glowna-socket-am5-gigabyte-x870-aorus-elite-wifi7-ice.html
2026-06-11,Płyta główna,MSI B550 GAMING WIFI,575.0,,https://www.x-kom.pl/p/1480681-plyta-glowna-socket-am4-msi-b550-gaming-wifi.html
2026-06-12,Dysk,ADATA Dysk SSD External SD810 2TB USB3.2C 20Gb/s Srebrny,1349.0,,https://www.x-kom.pl/p/1211896-dysk-zewnetrzny-ssd-adata-dysk-ssd-external-sd810-2tb-usb32c-20gb-s-srebrny.html
2026-06-12,Dysk,Lexar 1TB M.2 PCIe Gen4 NVMe NM790,699.0,,https://www.x-kom.pl/p/1146134-dysk-ssd-lexar-1tb-m2-pcie-gen4-nvme-nm790.html
2026-06-12,Dysk,Samsung 2TB M.2 PCIe Gen5 NVMe 9100 PRO,2499.0,,https://www.x-kom.pl/p/1322624-dysk-ssd-samsung-2tb-m2-pcie-gen5-nvme-9100-pro.html
2026-06-12,Dysk,Seagate BARRACUDA 2TB 7200obr. 256MB,609.0,,https://www.x-kom.pl/p/461759-dysk-hdd-seagate-barracuda-2tb-7200obr-256mb.html
2026-06-12,Dysk,Synology HAT3320-8T 8TB Plus,2149.0,,https://www.x-kom.pl/p/1418298-dysk-hdd-synology-hat3320-8t-8tb-plus.html
2026-06-12,Karta graficzna,Gigabyte GeForce RTX 5070 Windforce OC 12GB GDDR7 DLSS4,2649.0,Zobacz produkty,https://www.x-kom.pl/p/1318534-karta-graficzna-nvidia-gigabyte-geforce-rtx-5070-windforce-oc-12gb-gddr7-dlss4.html
2026-06-12,Karta graficzna,Gigabyte GeForce RTX 5080 Windforce OC 16GB GDDR7 DLSS4,5999.0,,https://www.x-kom.pl/p/1309189-karta-graficzna-nvidia-gigabyte-geforce-rtx-5080-windforce-oc-16gb-gddr7-dlss4.html
2026-06-12,Karta graficzna,Gigabyte Radeon RX 9060 XT Gaming OC 16GB GDDR6,2099.0,Zobacz produkty,https://www.x-kom.pl/p/1339802-karta-graficzna-amd-gigabyte-radeon-rx-9060-xt-gaming-oc-16gb-gddr6.html
2026-06-12,Karta graficzna,MSI GeForce RTX 5090 Gaming Trio OC 32GB GDDR7 DLSS4,18999.0,Zobacz produkty,https://www.x-kom.pl/p/1314559-karta-graficzna-nvidia-msi-geforce-rtx-5090-gaming-trio-oc-32gb-gddr7-dlss4.html
2026-06-12,Karta graficzna,PowerColor Radeon RX 7600 Fighter 8GB V2 GDDR6,1249.0,,https://www.x-kom.pl/p/1368326-karta-graficzna-amd-powercolor-radeon-rx-7600-fighter-8gb-v2-gddr6.html
2026-06-12,Pamięć RAM,Corsair 16GB (2x8GB) 5600 CL40 Vengeance RGB,1259.0,,https://www.x-kom.pl/p/1486220-pamiec-ram-ddr5-corsair-16gb-2x8gb-5600-cl40-vengeance-rgb.html
2026-06-12,Pamięć RAM,G.SKILL 32GB (2x16GB) 3200MHz CL16 Aegis,1169.0,,https://www.x-kom.pl/p/539275-pamiec-ram-ddr4-gskill-32gb-2x16gb-3200mhz-cl16-aegis.html
2026-06-12,Pamięć RAM,GOODRAM 8GB (1x8GB) 1600MHz CL11,199.0,,https://www.x-kom.pl/p/420909-pamiec-ram-sodimm-ddr3-goodram-8gb-1x8gb-1600mhz-cl11.html
2026-06-12,Pamięć RAM,Kingston FURY 16GB (2x8GB) 3200MHz CL16 Beast Black,699.0,,https://www.x-kom.pl/p/667295-pamiec-ram-ddr4-kingston-fury-16gb-2x8gb-3200mhz-cl16-beast-black.html
2026-06-12,Pamięć RAM,Patriot 32GB (2x16GB) 6000MT/s CL30 Venom,1739.0,,https://www.x-kom.pl/p/1258925-pamiec-ram-ddr5-patriot-32gb-2x16gb-6000mt-s-cl30-venom.html
2026-06-12,Procesor,AMD Ryzen 7 5800X,879.0,,https://www.x-kom.pl/p/597430-procesor-amd-ryzen-7-amd-ryzen-7-5800x.html
2026-06-12,Procesor,AMD Ryzen 7 9800X3D,1799.0,,https://www.x-kom.pl/p/1292320-procesor-amd-ryzen-7-amd-ryzen-7-9800x3d.html
2026-06-12,Procesor,AMD Ryzen Threadripper PRO 9995WX,51399.0,,https://www.x-kom.pl/p/1352192-procesor-amd-threadripper-amd-ryzen-threadripper-pro-9995wx.html
2026-06-12,Procesor,Intel Core i5-12400F,779.0,,https://www.x-kom.pl/p/702238-procesory-intel-core-i5-intel-core-i5-12400f.html
2026-06-12,Procesor,Intel Core i7-12700KF,1099.0,,https://www.x-kom.pl/p/689604-procesor-intel-core-i7-intel-core-i7-12700kf.html
2026-06-12,Płyta główna,ASRock A520M-ITX/AC,429.0,,https://www.x-kom.pl/p/613677-plyta-glowna-socket-am4-asrock-a520m-itx-ac.html
2026-06-12,Płyta główna,ASUS TUF GAMING B850-PLUS WIFI,805.0,,https://www.x-kom.pl/p/1306481-plyta-glowna-socket-am5-asus-tuf-gaming-b850-plus-wifi.html
2026-06-12,Płyta główna,Gigabyte B650 EAGLE AX,529.0,,https://www.x-kom.pl/p/1226980-plyta-glowna-socket-am5-gigabyte-b650-eagle-ax.html
2026-06-12,Płyta główna,Gigabyte X870 AORUS ELITE WIFI7 ICE,1159.0,,https://www.x-kom.pl/p/1282691-plyta-glowna-socket-am5-gigabyte-x870-aorus-elite-wifi7-ice.html
2026-06-12,Płyta główna,MSI B550 GAMING WIFI,575.0,,https://www.x-kom.pl/p/1480681-plyta-glowna-socket-am4-msi-b550-gaming-wifi.html
2026-06-13,Dysk,ADATA Dysk SSD External SD810 2TB USB3.2C 20Gb/s Srebrny,1349.0,,https://www.x-kom.pl/p/1211896-dysk-zewnetrzny-ssd-adata-dysk-ssd-external-sd810-2tb-usb32c-20gb-s-srebrny.html
2026-06-13,Dysk,Lexar 1TB M.2 PCIe Gen4 NVMe NM790,699.0,,https://www.x-kom.pl/p/1146134-dysk-ssd-lexar-1tb-m2-pcie-gen4-nvme-nm790.html
2026-06-13,Dysk,Samsung 2TB M.2 PCIe Gen5 NVMe 9100 PRO,2499.0,,https://www.x-kom.pl/p/1322624-dysk-ssd-samsung-2tb-m2-pcie-gen5-nvme-9100-pro.html
2026-06-13,Dysk,Seagate BARRACUDA 2TB 7200obr. 256MB,609.0,,https://www.x-kom.pl/p/461759-dysk-hdd-seagate-barracuda-2tb-7200obr-256mb.html
2026-06-13,Dysk,Synology HAT3320-8T 8TB Plus,2149.0,,https://www.x-kom.pl/p/1418298-dysk-hdd-synology-hat3320-8t-8tb-plus.html
2026-06-13,Karta graficzna,Gigabyte GeForce RTX 5070 Windforce OC 12GB GDDR7 DLSS4,2649.0,Zobacz produkty,https://www.x-kom.pl/p/1318534-karta-graficzna-nvidia-gigabyte-geforce-rtx-5070-windforce-oc-12gb-gddr7-dlss4.html
2026-06-13,Karta graficzna,Gigabyte GeForce RTX 5080 Windforce OC 16GB GDDR7 DLSS4,5999.0,,https://www.x-kom.pl/p/1309189-karta-graficzna-nvidia-gigabyte-geforce-rtx-5080-windforce-oc-16gb-gddr7-dlss4.html
2026-06-13,Karta graficzna,Gigabyte Radeon RX 9060 XT Gaming OC 16GB GDDR6,2099.0,Zobacz produkty,https://www.x-kom.pl/p/1339802-karta-graficzna-amd-gigabyte-radeon-rx-9060-xt-gaming-oc-16gb-gddr6.html
2026-06-13,Karta graficzna,MSI GeForce RTX 5090 Gaming Trio OC 32GB GDDR7 DLSS4,18999.0,Zobacz produkty,https://www.x-kom.pl/p/1314559-karta-graficzna-nvidia-msi-geforce-rtx-5090-gaming-trio-oc-32gb-gddr7-dlss4.html
2026-06-13,Karta graficzna,PowerColor Radeon RX 7600 Fighter 8GB V2 GDDR6,1249.0,,https://www.x-kom.pl/p/1368326-karta-graficzna-amd-powercolor-radeon-rx-7600-fighter-8gb-v2-gddr6.html
2026-06-13,Pamięć RAM,Corsair 16GB (2x8GB) 5600 CL40 Vengeance RGB,1259.0,,https://www.x-kom.pl/p/1486220-pamiec-ram-ddr5-corsair-16gb-2x8gb-5600-cl40-vengeance-rgb.html
2026-06-13,Pamięć RAM,G.SKILL 32GB (2x16GB) 3200MHz CL16 Aegis,1169.0,,https://www.x-kom.pl/p/539275-pamiec-ram-ddr4-gskill-32gb-2x16gb-3200mhz-cl16-aegis.html
2026-06-13,Pamięć RAM,GOODRAM 8GB (1x8GB) 1600MHz CL11,209.0,,https://www.x-kom.pl/p/420909-pamiec-ram-sodimm-ddr3-goodram-8gb-1x8gb-1600mhz-cl11.html
2026-06-13,Pamięć RAM,Kingston FURY 16GB (2x8GB) 3200MHz CL16 Beast Black,709.0,,https://www.x-kom.pl/p/667295-pamiec-ram-ddr4-kingston-fury-16gb-2x8gb-3200mhz-cl16-beast-black.html
2026-06-13,Pamięć RAM,Patriot 32GB (2x16GB) 6000MT/s CL30 Venom,1749.0,,https://www.x-kom.pl/p/1258925-pamiec-ram-ddr5-patriot-32gb-2x16gb-6000mt-s-cl30-venom.html
2026-06-13,Procesor,AMD Ryzen 7 5800X,879.0,,https://www.x-kom.pl/p/597430-procesor-amd-ryzen-7-amd-ryzen-7-5800x.html
2026-06-13,Procesor,AMD Ryzen 7 9800X3D,1799.0,,https://www.x-kom.pl/p/1292320-procesor-amd-ryzen-7-amd-ryzen-7-9800x3d.html
2026-06-13,Procesor,AMD Ryzen Threadripper PRO 9995WX,51399.0,,https://www.x-kom.pl/p/1352192-procesor-amd-threadripper-amd-ryzen-threadripper-pro-9995wx.html
2026-06-13,Procesor,Intel Core i5-12400F,779.0,,https://www.x-kom.pl/p/702238-procesory-intel-core-i5-intel-core-i5-12400f.html
2026-06-13,Procesor,Intel Core i7-12700KF,1099.0,,https://www.x-kom.pl/p/689604-procesor-intel-core-i7-intel-core-i7-12700kf.html
2026-06-13,Płyta główna,ASRock A520M-ITX/AC,429.0,,https://www.x-kom.pl/p/613677-plyta-glowna-socket-am4-asrock-a520m-itx-ac.html
2026-06-13,Płyta główna,ASUS TUF GAMING B850-PLUS WIFI,805.0,,https://www.x-kom.pl/p/1306481-plyta-glowna-socket-am5-asus-tuf-gaming-b850-plus-wifi.html
2026-06-13,Płyta główna,Gigabyte B650 EAGLE AX,529.0,,https://www.x-kom.pl/p/1226980-plyta-glowna-socket-am5-gigabyte-b650-eagle-ax.html
2026-06-13,Płyta główna,Gigabyte X870 AORUS ELITE WIFI7 ICE,1159.0,,https://www.x-kom.pl/p/1282691-plyta-glowna-socket-am5-gigabyte-x870-aorus-elite-wifi7-ice.html
2026-06-13,Płyta główna,MSI B550 GAMING WIFI,589.0,,https://www.x-kom.pl/p/1480681-plyta-glowna-socket-am4-msi-b550-gaming-wifi.html
2026-06-14,Dysk,ADATA Dysk SSD External SD810 2TB USB3.2C 20Gb/s Srebrny,1349.0,,https://www.x-kom.pl/p/1211896-dysk-zewnetrzny-ssd-adata-dysk-ssd-external-sd810-2tb-usb32c-20gb-s-srebrny.html
2026-06-14,Dysk,Lexar 1TB M.2 PCIe Gen4 NVMe NM790,699.0,,https://www.x-kom.pl/p/1146134-dysk-ssd-lexar-1tb-m2-pcie-gen4-nvme-nm790.html
2026-06-14,Dysk,Samsung 2TB M.2 PCIe Gen5 NVMe 9100 PRO,2499.0,,https://www.x-kom.pl/p/1322624-dysk-ssd-samsung-2tb-m2-pcie-gen5-nvme-9100-pro.html
2026-06-14,Dysk,Seagate BARRACUDA 2TB 7200obr. 256MB,609.0,,https://www.x-kom.pl/p/461759-dysk-hdd-seagate-barracuda-2tb-7200obr-256mb.html
2026-06-14,Dysk,Synology HAT3320-8T 8TB Plus,2149.0,,https://www.x-kom.pl/p/1418298-dysk-hdd-synology-hat3320-8t-8tb-plus.html
2026-06-14,Karta graficzna,Gigabyte GeForce RTX 5070 Windforce OC 12GB GDDR7 DLSS4,2649.0,,https://www.x-kom.pl/p/1318534-karta-graficzna-nvidia-gigabyte-geforce-rtx-5070-windforce-oc-12gb-gddr7-dlss4.html
2026-06-14,Karta graficzna,Gigabyte GeForce RTX 5080 Windforce OC 16GB GDDR7 DLSS4,5999.0,,https://www.x-kom.pl/p/1309189-karta-graficzna-nvidia-gigabyte-geforce-rtx-5080-windforce-oc-16gb-gddr7-dlss4.html
2026-06-14,Karta graficzna,Gigabyte Radeon RX 9060 XT Gaming OC 16GB GDDR6,2099.0,,https://www.x-kom.pl/p/1339802-karta-graficzna-amd-gigabyte-radeon-rx-9060-xt-gaming-oc-16gb-gddr6.html
2026-06-14,Karta graficzna,MSI GeForce RTX 5090 Gaming Trio OC 32GB GDDR7 DLSS4,18999.0,,https://www.x-kom.pl/p/1314559-karta-graficzna-nvidia-msi-geforce-rtx-5090-gaming-trio-oc-32gb-gddr7-dlss4.html
2026-06-14,Karta graficzna,PowerColor Radeon RX 7600 Fighter 8GB V2 GDDR6,1249.0,,https://www.x-kom.pl/p/1368326-karta-graficzna-amd-powercolor-radeon-rx-7600-fighter-8gb-v2-gddr6.html
2026-06-14,Pamięć RAM,Corsair 16GB (2x8GB) 5600 CL40 Vengeance RGB,1259.0,,https://www.x-kom.pl/p/1486220-pamiec-ram-ddr5-corsair-16gb-2x8gb-5600-cl40-vengeance-rgb.html
2026-06-14,Pamięć RAM,G.SKILL 32GB (2x16GB) 3200MHz CL16 Aegis,1169.0,,https://www.x-kom.pl/p/539275-pamiec-ram-ddr4-gskill-32gb-2x16gb-3200mhz-cl16-aegis.html
2026-06-14,Pamięć RAM,GOODRAM 8GB (1x8GB) 1600MHz CL11,209.0,,https://www.x-kom.pl/p/420909-pamiec-ram-sodimm-ddr3-goodram-8gb-1x8gb-1600mhz-cl11.html
2026-06-14,Pamięć RAM,Kingston FURY 16GB (2x8GB) 3200MHz CL16 Beast Black,709.0,,https://www.x-kom.pl/p/667295-pamiec-ram-ddr4-kingston-fury-16gb-2x8gb-3200mhz-cl16-beast-black.html
2026-06-14,Pamięć RAM,Patriot 32GB (2x16GB) 6000MT/s CL30 Venom,1749.0,,https://www.x-kom.pl/p/1258925-pamiec-ram-ddr5-patriot-32gb-2x16gb-6000mt-s-cl30-venom.html
2026-06-14,Procesor,AMD Ryzen 7 5800X,879.0,,https://www.x-kom.pl/p/597430-procesor-amd-ryzen-7-amd-ryzen-7-5800x.html
2026-06-14,Procesor,AMD Ryzen 7 9800X3D,1799.0,,https://www.x-kom.pl/p/1292320-procesor-amd-ryzen-7-amd-ryzen-7-9800x3d.html
2026-06-14,Procesor,AMD Ryzen Threadripper PRO 9995WX,51399.0,,https://www.x-kom.pl/p/1352192-procesor-amd-threadripper-amd-ryzen-threadripper-pro-9995wx.html
2026-06-14,Procesor,Intel Core i5-12400F,779.0,,https://www.x-kom.pl/p/702238-procesory-intel-core-i5-intel-core-i5-12400f.html
2026-06-14,Procesor,Intel Core i7-12700KF,1099.0,,https://www.x-kom.pl/p/689604-procesor-intel-core-i7-intel-core-i7-12700kf.html
2026-06-14,Płyta główna,ASRock A520M-ITX/AC,429.0,,https://www.x-kom.pl/p/613677-plyta-glowna-socket-am4-asrock-a520m-itx-ac.html
2026-06-14,Płyta główna,ASUS TUF GAMING B850-PLUS WIFI,805.0,,https://www.x-kom.pl/p/1306481-plyta-glowna-socket-am5-asus-tuf-gaming-b850-plus-wifi.html
2026-06-14,Płyta główna,Gigabyte B650 EAGLE AX,529.0,,https://www.x-kom.pl/p/1226980-plyta-glowna-socket-am5-gigabyte-b650-eagle-ax.html
2026-06-14,Płyta główna,Gigabyte X870 AORUS ELITE WIFI7 ICE,1159.0,,https://www.x-kom.pl/p/1282691-plyta-glowna-socket-am5-gigabyte-x870-aorus-elite-wifi7-ice.html
2026-06-14,Płyta główna,MSI B550 GAMING WIFI,589.0,,https://www.x-kom.pl/p/1480681-plyta-glowna-socket-am4-msi-b550-gaming-wifi.html
2026-06-15,Dysk,ADATA Dysk SSD External SD810 2TB USB3.2C 20Gb/s Srebrny,1349.0,,https://www.x-kom.pl/p/1211896-dysk-zewnetrzny-ssd-adata-dysk-ssd-external-sd810-2tb-usb32c-20gb-s-srebrny.html
2026-06-15,Dysk,Lexar 1TB M.2 PCIe Gen4 NVMe NM790,699.0,,https://www.x-kom.pl/p/1146134-dysk-ssd-lexar-1tb-m2-pcie-gen4-nvme-nm790.html
2026-06-15,Dysk,Samsung 2TB M.2 PCIe Gen5 NVMe 9100 PRO,2499.0,,https://www.x-kom.pl/p/1322624-dysk-ssd-samsung-2tb-m2-pcie-gen5-nvme-9100-pro.html
2026-06-15,Dysk,Seagate BARRACUDA 2TB 7200obr. 256MB,609.0,,https://www.x-kom.pl/p/461759-dysk-hdd-seagate-barracuda-2tb-7200obr-256mb.html
2026-06-15,Dysk,Synology HAT3320-8T 8TB Plus,2149.0,,https://www.x-kom.pl/p/1418298-dysk-hdd-synology-hat3320-8t-8tb-plus.html
2026-06-15,Karta graficzna,Gigabyte GeForce RTX 5070 Windforce OC 12GB GDDR7 DLSS4,2649.0,,https://www.x-kom.pl/p/1318534-karta-graficzna-nvidia-gigabyte-geforce-rtx-5070-windforce-oc-12gb-gddr7-dlss4.html
2026-06-15,Karta graficzna,Gigabyte GeForce RTX 5080 Windforce OC 16GB GDDR7 DLSS4,5999.0,,https://www.x-kom.pl/p/1309189-karta-graficzna-nvidia-gigabyte-geforce-rtx-5080-windforce-oc-16gb-gddr7-dlss4.html
2026-06-15,Karta graficzna,Gigabyte Radeon RX 9060 XT Gaming OC 16GB GDDR6,2099.0,,https://www.x-kom.pl/p/1339802-karta-graficzna-amd-gigabyte-radeon-rx-9060-xt-gaming-oc-16gb-gddr6.html
2026-06-15,Karta graficzna,MSI GeForce RTX 5090 Gaming Trio OC 32GB GDDR7 DLSS4,18999.0,,https://www.x-kom.pl/p/1314559-karta-graficzna-nvidia-msi-geforce-rtx-5090-gaming-trio-oc-32gb-gddr7-dlss4.html
2026-06-15,Karta graficzna,PowerColor Radeon RX 7600 Fighter 8GB V2 GDDR6,1249.0,,https://www.x-kom.pl/p/1368326-karta-graficzna-amd-powercolor-radeon-rx-7600-fighter-8gb-v2-gddr6.html
2026-06-15,Pamięć RAM,Corsair 16GB (2x8GB) 5600 CL40 Vengeance RGB,1259.0,,https://www.x-kom.pl/p/1486220-pamiec-ram-ddr5-corsair-16gb-2x8gb-5600-cl40-vengeance-rgb.html
2026-06-15,Pamięć RAM,G.SKILL 32GB (2x16GB) 3200MHz CL16 Aegis,1169.0,,https://www.x-kom.pl/p/539275-pamiec-ram-ddr4-gskill-32gb-2x16gb-3200mhz-cl16-aegis.html
2026-06-15,Pamięć RAM,GOODRAM 8GB (1x8GB) 1600MHz CL11,209.0,,https://www.x-kom.pl/p/420909-pamiec-ram-sodimm-ddr3-goodram-8gb-1x8gb-1600mhz-cl11.html
2026-06-15,Pamięć RAM,Kingston FURY 16GB (2x8GB) 3200MHz CL16 Beast Black,709.0,,https://www.x-kom.pl/p/667295-pamiec-ram-ddr4-kingston-fury-16gb-2x8gb-3200mhz-cl16-beast-black.html
2026-06-15,Pamięć RAM,Patriot 32GB (2x16GB) 6000MT/s CL30 Venom,1749.0,,https://www.x-kom.pl/p/1258925-pamiec-ram-ddr5-patriot-32gb-2x16gb-6000mt-s-cl30-venom.html
2026-06-15,Procesor,AMD Ryzen 7 5800X,879.0,,https://www.x-kom.pl/p/597430-procesor-amd-ryzen-7-amd-ryzen-7-5800x.html
2026-06-15,Procesor,AMD Ryzen 7 9800X3D,1799.0,,https://www.x-kom.pl/p/1292320-procesor-amd-ryzen-7-amd-ryzen-7-9800x3d.html
2026-06-15,Procesor,AMD Ryzen Threadripper PRO 9995WX,51399.0,,https://www.x-kom.pl/p/1352192-procesor-amd-threadripper-amd-ryzen-threadripper-pro-9995wx.html
2026-06-15,Procesor,Intel Core i5-12400F,779.0,,https://www.x-kom.pl/p/702238-procesory-intel-core-i5-intel-core-i5-12400f.html
2026-06-15,Procesor,Intel Core i7-12700KF,1099.0,,https://www.x-kom.pl/p/689604-procesor-intel-core-i7-intel-core-i7-12700kf.html
2026-06-15,Płyta główna,ASRock A520M-ITX/AC,429.0,,https://www.x-kom.pl/p/613677-plyta-glowna-socket-am4-asrock-a520m-itx-ac.html
2026-06-15,Płyta główna,ASUS TUF GAMING B850-PLUS WIFI,805.0,,https://www.x-kom.pl/p/1306481-plyta-glowna-socket-am5-asus-tuf-gaming-b850-plus-wifi.html
2026-06-15,Płyta główna,Gigabyte B650 EAGLE AX,529.0,,https://www.x-kom.pl/p/1226980-plyta-glowna-socket-am5-gigabyte-b650-eagle-ax.html
2026-06-15,Płyta główna,Gigabyte X870 AORUS ELITE WIFI7 ICE,1159.0,,https://www.x-kom.pl/p/1282691-plyta-glowna-socket-am5-gigabyte-x870-aorus-elite-wifi7-ice.html
2026-06-15,Płyta główna,MSI B550 GAMING WIFI,589.0,,https://www.x-kom.pl/p/1480681-plyta-glowna-socket-am4-msi-b550-gaming-wifi.html
2026-06-16,Dysk,ADATA Dysk SSD External SD810 2TB USB3.2C 20Gb/s Srebrny,1349.0,,https://www.x-kom.pl/p/1211896-dysk-zewnetrzny-ssd-adata-dysk-ssd-external-sd810-2tb-usb32c-20gb-s-srebrny.html
2026-06-16,Dysk,Lexar 1TB M.2 PCIe Gen4 NVMe NM790,699.0,,https://www.x-kom.pl/p/1146134-dysk-ssd-lexar-1tb-m2-pcie-gen4-nvme-nm790.html
2026-06-16,Dysk,Samsung 2TB M.2 PCIe Gen5 NVMe 9100 PRO,2499.0,,https://www.x-kom.pl/p/1322624-dysk-ssd-samsung-2tb-m2-pcie-gen5-nvme-9100-pro.html
2026-06-16,Dysk,Seagate BARRACUDA 2TB 7200obr. 256MB,609.0,,https://www.x-kom.pl/p/461759-dysk-hdd-seagate-barracuda-2tb-7200obr-256mb.html
2026-06-16,Dysk,Synology HAT3320-8T 8TB Plus,2149.0,,https://www.x-kom.pl/p/1418298-dysk-hdd-synology-hat3320-8t-8tb-plus.html
2026-06-16,Karta graficzna,Gigabyte GeForce RTX 5070 Windforce OC 12GB GDDR7 DLSS4,2649.0,,https://www.x-kom.pl/p/1318534-karta-graficzna-nvidia-gigabyte-geforce-rtx-5070-windforce-oc-12gb-gddr7-dlss4.html
2026-06-16,Karta graficzna,Gigabyte GeForce RTX 5080 Windforce OC 16GB GDDR7 DLSS4,5999.0,,https://www.x-kom.pl/p/1309189-karta-graficzna-nvidia-gigabyte-geforce-rtx-5080-windforce-oc-16gb-gddr7-dlss4.html
2026-06-16,Karta graficzna,Gigabyte Radeon RX 9060 XT Gaming OC 16GB GDDR6,2099.0,,https://www.x-kom.pl/p/1339802-karta-graficzna-amd-gigabyte-radeon-rx-9060-xt-gaming-oc-16gb-gddr6.html
2026-06-16,Karta graficzna,MSI GeForce RTX 5090 Gaming Trio OC 32GB GDDR7 DLSS4,18999.0,,https://www.x-kom.pl/p/1314559-karta-graficzna-nvidia-msi-geforce-rtx-5090-gaming-trio-oc-32gb-gddr7-dlss4.html
2026-06-16,Karta graficzna,PowerColor Radeon RX 7600 Fighter 8GB V2 GDDR6,1249.0,,https://www.x-kom.pl/p/1368326-karta-graficzna-amd-powercolor-radeon-rx-7600-fighter-8gb-v2-gddr6.html
2026-06-16,Pamięć RAM,Corsair 16GB (2x8GB) 5600 CL40 Vengeance RGB,1259.0,,https://www.x-kom.pl/p/1486220-pamiec-ram-ddr5-corsair-16gb-2x8gb-5600-cl40-vengeance-rgb.html
2026-06-16,Pamięć RAM,G.SKILL 32GB (2x16GB) 3200MHz CL16 Aegis,1169.0,,https://www.x-kom.pl/p/539275-pamiec-ram-ddr4-gskill-32gb-2x16gb-3200mhz-cl16-aegis.html
2026-06-16,Pamięć RAM,GOODRAM 8GB (1x8GB) 1600MHz CL11,209.0,,https://www.x-kom.pl/p/420909-pamiec-ram-sodimm-ddr3-goodram-8gb-1x8gb-1600mhz-cl11.html
2026-06-16,Pamięć RAM,Kingston FURY 16GB (2x8GB) 3200MHz CL16 Beast Black,709.0,,https://www.x-kom.pl/p/667295-pamiec-ram-ddr4-kingston-fury-16gb-2x8gb-3200mhz-cl16-beast-black.html
2026-06-16,Pamięć RAM,Patriot 32GB (2x16GB) 6000MT/s CL30 Venom,1749.0,,https://www.x-kom.pl/p/1258925-pamiec-ram-ddr5-patriot-32gb-2x16gb-6000mt-s-cl30-venom.html
2026-06-16,Procesor,AMD Ryzen 7 5800X,879.0,,https://www.x-kom.pl/p/597430-procesor-amd-ryzen-7-amd-ryzen-7-5800x.html
2026-06-16,Procesor,AMD Ryzen 7 9800X3D,1799.0,,https://www.x-kom.pl/p/1292320-procesor-amd-ryzen-7-amd-ryzen-7-9800x3d.html
2026-06-16,Procesor,AMD Ryzen Threadripper PRO 9995WX,51399.0,,https://www.x-kom.pl/p/1352192-procesor-amd-threadripper-amd-ryzen-threadripper-pro-9995wx.html
2026-06-16,Procesor,Intel Core i5-12400F,779.0,,https://www.x-kom.pl/p/702238-procesory-intel-core-i5-intel-core-i5-12400f.html
2026-06-16,Procesor,Intel Core i7-12700KF,1099.0,,https://www.x-kom.pl/p/689604-procesor-intel-core-i7-intel-core-i7-12700kf.html
2026-06-16,Płyta główna,ASRock A520M-ITX/AC,429.0,,https://www.x-kom.pl/p/613677-plyta-glowna-socket-am4-asrock-a520m-itx-ac.html
2026-06-16,Płyta główna,ASUS TUF GAMING B850-PLUS WIFI,805.0,,https://www.x-kom.pl/p/1306481-plyta-glowna-socket-am5-asus-tuf-gaming-b850-plus-wifi.html
2026-06-16,Płyta główna,Gigabyte B650 EAGLE AX,529.0,,https://www.x-kom.pl/p/1226980-plyta-glowna-socket-am5-gigabyte-b650-eagle-ax.html
2026-06-16,Płyta główna,Gigabyte X870 AORUS ELITE WIFI7 ICE,1159.0,,https://www.x-kom.pl/p/1282691-plyta-glowna-socket-am5-gigabyte-x870-aorus-elite-wifi7-ice.html
2026-06-16,Płyta główna,MSI B550 GAMING WIFI,589.0,,https://www.x-kom.pl/p/1480681-plyta-glowna-socket-am4-msi-b550-gaming-wifi.html
2026-06-17,Dysk,ADATA Dysk SSD External SD810 2TB USB3.2C 20Gb/s Srebrny,1349.0,,https://www.x-kom.pl/p/1211896-dysk-zewnetrzny-ssd-adata-dysk-ssd-external-sd810-2tb-usb32c-20gb-s-srebrny.html
2026-06-17,Dysk,Lexar 1TB M.2 PCIe Gen4 NVMe NM790,699.0,,https://www.x-kom.pl/p/1146134-dysk-ssd-lexar-1tb-m2-pcie-gen4-nvme-nm790.html
2026-06-17,Dysk,Samsung 2TB M.2 PCIe Gen5 NVMe 9100 PRO,2499.0,,https://www.x-kom.pl/p/1322624-dysk-ssd-samsung-2tb-m2-pcie-gen5-nvme-9100-pro.html
2026-06-17,Dysk,Seagate BARRACUDA 2TB 7200obr. 256MB,609.0,,https://www.x-kom.pl/p/461759-dysk-hdd-seagate-barracuda-2tb-7200obr-256mb.html
2026-06-17,Dysk,Synology HAT3320-8T 8TB Plus,2149.0,,https://www.x-kom.pl/p/1418298-dysk-hdd-synology-hat3320-8t-8tb-plus.html
2026-06-17,Karta graficzna,Gigabyte GeForce RTX 5070 Windforce OC 12GB GDDR7 DLSS4,2649.0,Zobacz produkty,https://www.x-kom.pl/p/1318534-karta-graficzna-nvidia-gigabyte-geforce-rtx-5070-windforce-oc-12gb-gddr7-dlss4.html
2026-06-17,Karta graficzna,Gigabyte GeForce RTX 5080 Windforce OC 16GB GDDR7 DLSS4,5999.0,Zobacz produkty,https://www.x-kom.pl/p/1309189-karta-graficzna-nvidia-gigabyte-geforce-rtx-5080-windforce-oc-16gb-gddr7-dlss4.html
2026-06-17,Karta graficzna,Gigabyte Radeon RX 9060 XT Gaming OC 16GB GDDR6,2099.0,Zobacz produkty,https://www.x-kom.pl/p/1339802-karta-graficzna-amd-gigabyte-radeon-rx-9060-xt-gaming-oc-16gb-gddr6.html
2026-06-17,Karta graficzna,MSI GeForce RTX 5090 Gaming Trio OC 32GB GDDR7 DLSS4,18999.0,,https://www.x-kom.pl/p/1314559-karta-graficzna-nvidia-msi-geforce-rtx-5090-gaming-trio-oc-32gb-gddr7-dlss4.html
2026-06-17,Karta graficzna,PowerColor Radeon RX 7600 Fighter 8GB V2 GDDR6,1249.0,,https://www.x-kom.pl/p/1368326-karta-graficzna-amd-powercolor-radeon-rx-7600-fighter-8gb-v2-gddr6.html
2026-06-17,Pamięć RAM,Corsair 16GB (2x8GB) 5600 CL40 Vengeance RGB,1259.0,,https://www.x-kom.pl/p/1486220-pamiec-ram-ddr5-corsair-16gb-2x8gb-5600-cl40-vengeance-rgb.html
2026-06-17,Pamięć RAM,G.SKILL 32GB (2x16GB) 3200MHz CL16 Aegis,1169.0,,https://www.x-kom.pl/p/539275-pamiec-ram-ddr4-gskill-32gb-2x16gb-3200mhz-cl16-aegis.html
2026-06-17,Pamięć RAM,GOODRAM 8GB (1x8GB) 1600MHz CL11,209.0,,https://www.x-kom.pl/p/420909-pamiec-ram-sodimm-ddr3-goodram-8gb-1x8gb-1600mhz-cl11.html
2026-06-17,Pamięć RAM,Kingston FURY 16GB (2x8GB) 3200MHz CL16 Beast Black,709.0,,https://www.x-kom.pl/p/667295-pamiec-ram-ddr4-kingston-fury-16gb-2x8gb-3200mhz-cl16-beast-black.html
2026-06-17,Pamięć RAM,Patriot 32GB (2x16GB) 6000MT/s CL30 Venom,1749.0,,https://www.x-kom.pl/p/1258925-pamiec-ram-ddr5-patriot-32gb-2x16gb-6000mt-s-cl30-venom.html
2026-06-17,Procesor,AMD Ryzen 7 5800X,879.0,,https://www.x-kom.pl/p/597430-procesor-amd-ryzen-7-amd-ryzen-7-5800x.html
2026-06-17,Procesor,AMD Ryzen 7 9800X3D,1799.0,,https://www.x-kom.pl/p/1292320-procesor-amd-ryzen-7-amd-ryzen-7-9800x3d.html
2026-06-17,Procesor,AMD Ryzen Threadripper PRO 9995WX,51399.0,,https://www.x-kom.pl/p/1352192-procesor-amd-threadripper-amd-ryzen-threadripper-pro-9995wx.html
2026-06-17,Procesor,Intel Core i5-12400F,779.0,,https://www.x-kom.pl/p/702238-procesory-intel-core-i5-intel-core-i5-12400f.html
2026-06-17,Procesor,Intel Core i7-12700KF,1099.0,,https://www.x-kom.pl/p/689604-procesor-intel-core-i7-intel-core-i7-12700kf.html
2026-06-17,Płyta główna,ASRock A520M-ITX/AC,429.0,,https://www.x-kom.pl/p/613677-plyta-glowna-socket-am4-asrock-a520m-itx-ac.html
2026-06-17,Płyta główna,ASUS TUF GAMING B850-PLUS WIFI,805.0,,https://www.x-kom.pl/p/1306481-plyta-glowna-socket-am5-asus-tuf-gaming-b850-plus-wifi.html
2026-06-17,Płyta główna,Gigabyte B650 EAGLE AX,529.0,,https://www.x-kom.pl/p/1226980-plyta-glowna-socket-am5-gigabyte-b650-eagle-ax.html
2026-06-17,Płyta główna,Gigabyte X870 AORUS ELITE WIFI7 ICE,1159.0,,https://www.x-kom.pl/p/1282691-plyta-glowna-socket-am5-gigabyte-x870-aorus-elite-wifi7-ice.html
2026-06-17,Płyta główna,MSI B550 GAMING WIFI,589.0,,https://www.x-kom.pl/p/1480681-plyta-glowna-socket-am4-msi-b550-gaming-wifi.html
2026-06-18,Dysk,ADATA Dysk SSD External SD810 2TB USB3.2C 20Gb/s Srebrny,1349.0,,https://www.x-kom.pl/p/1211896-dysk-zewnetrzny-ssd-adata-dysk-ssd-external-sd810-2tb-usb32c-20gb-s-srebrny.html
2026-06-18,Dysk,Lexar 1TB M.2 PCIe Gen4 NVMe NM790,699.0,,https://www.x-kom.pl/p/1146134-dysk-ssd-lexar-1tb-m2-pcie-gen4-nvme-nm790.html
2026-06-18,Dysk,Samsung 2TB M.2 PCIe Gen5 NVMe 9100 PRO,2499.0,,https://www.x-kom.pl/p/1322624-dysk-ssd-samsung-2tb-m2-pcie-gen5-nvme-9100-pro.html
2026-06-18,Dysk,Seagate BARRACUDA 2TB 7200obr. 256MB,609.0,,https://www.x-kom.pl/p/461759-dysk-hdd-seagate-barracuda-2tb-7200obr-256mb.html
2026-06-18,Dysk,Synology HAT3320-8T 8TB Plus,2149.0,,https://www.x-kom.pl/p/1418298-dysk-hdd-synology-hat3320-8t-8tb-plus.html
2026-06-18,Karta graficzna,Gigabyte GeForce RTX 5070 Windforce OC 12GB GDDR7 DLSS4,2649.0,,https://www.x-kom.pl/p/1318534-karta-graficzna-nvidia-gigabyte-geforce-rtx-5070-windforce-oc-12gb-gddr7-dlss4.html
2026-06-18,Karta graficzna,Gigabyte GeForce RTX 5080 Windforce OC 16GB GDDR7 DLSS4,5999.0,,https://www.x-kom.pl/p/1309189-karta-graficzna-nvidia-gigabyte-geforce-rtx-5080-windforce-oc-16gb-gddr7-dlss4.html
2026-06-18,Karta graficzna,Gigabyte Radeon RX 9060 XT Gaming OC 16GB GDDR6,2099.0,,https://www.x-kom.pl/p/1339802-karta-graficzna-amd-gigabyte-radeon-rx-9060-xt-gaming-oc-16gb-gddr6.html
2026-06-18,Karta graficzna,MSI GeForce RTX 5090 Gaming Trio OC 32GB GDDR7 DLSS4,18999.0,,https://www.x-kom.pl/p/1314559-karta-graficzna-nvidia-msi-geforce-rtx-5090-gaming-trio-oc-32gb-gddr7-dlss4.html
2026-06-18,Karta graficzna,PowerColor Radeon RX 7600 Fighter 8GB V2 GDDR6,1249.0,,https://www.x-kom.pl/p/1368326-karta-graficzna-amd-powercolor-radeon-rx-7600-fighter-8gb-v2-gddr6.html
2026-06-18,Pamięć RAM,Corsair 16GB (2x8GB) 5600 CL40 Vengeance RGB,1259.0,,https://www.x-kom.pl/p/1486220-pamiec-ram-ddr5-corsair-16gb-2x8gb-5600-cl40-vengeance-rgb.html
2026-06-18,Pamięć RAM,G.SKILL 32GB (2x16GB) 3200MHz CL16 Aegis,1169.0,,https://www.x-kom.pl/p/539275-pamiec-ram-ddr4-gskill-32gb-2x16gb-3200mhz-cl16-aegis.html
2026-06-18,Pamięć RAM,GOODRAM 8GB (1x8GB) 1600MHz CL11,209.0,,https://www.x-kom.pl/p/420909-pamiec-ram-sodimm-ddr3-goodram-8gb-1x8gb-1600mhz-cl11.html
2026-06-18,Pamięć RAM,Kingston FURY 16GB (2x8GB) 3200MHz CL16 Beast Black,709.0,,https://www.x-kom.pl/p/667295-pamiec-ram-ddr4-kingston-fury-16gb-2x8gb-3200mhz-cl16-beast-black.html
2026-06-18,Pamięć RAM,Patriot 32GB (2x16GB) 6000MT/s CL30 Venom,1749.0,,https://www.x-kom.pl/p/1258925-pamiec-ram-ddr5-patriot-32gb-2x16gb-6000mt-s-cl30-venom.html
2026-06-18,Procesor,AMD Ryzen 7 5800X,879.0,,https://www.x-kom.pl/p/597430-procesor-amd-ryzen-7-amd-ryzen-7-5800x.html
2026-06-18,Procesor,AMD Ryzen 7 9800X3D,1799.0,,https://www.x-kom.pl/p/1292320-procesor-amd-ryzen-7-amd-ryzen-7-9800x3d.html
2026-06-18,Procesor,AMD Ryzen Threadripper PRO 9995WX,51399.0,,https://www.x-kom.pl/p/1352192-procesor-amd-threadripper-amd-ryzen-threadripper-pro-9995wx.html
2026-06-18,Procesor,Intel Core i5-12400F,779.0,,https://www.x-kom.pl/p/702238-procesory-intel-core-i5-intel-core-i5-12400f.html
2026-06-18,Procesor,Intel Core i7-12700KF,1099.0,,https://www.x-kom.pl/p/689604-procesor-intel-core-i7-intel-core-i7-12700kf.html
2026-06-18,Płyta główna,ASRock A520M-ITX/AC,429.0,,https://www.x-kom.pl/p/613677-plyta-glowna-socket-am4-asrock-a520m-itx-ac.html
2026-06-18,Płyta główna,ASUS TUF GAMING B850-PLUS WIFI,805.0,,https://www.x-kom.pl/p/1306481-plyta-glowna-socket-am5-asus-tuf-gaming-b850-plus-wifi.html
2026-06-18,Płyta główna,Gigabyte B650 EAGLE AX,529.0,,https://www.x-kom.pl/p/1226980-plyta-glowna-socket-am5-gigabyte-b650-eagle-ax.html
2026-06-18,Płyta główna,Gigabyte X870 AORUS ELITE WIFI7 ICE,1159.0,,https://www.x-kom.pl/p/1282691-plyta-glowna-socket-am5-gigabyte-x870-aorus-elite-wifi7-ice.html
2026-06-18,Płyta główna,MSI B550 GAMING WIFI,589.0,,https://www.x-kom.pl/p/1480681-plyta-glowna-socket-am4-msi-b550-gaming-wifi.html
2026-06-19,Dysk,ADATA Dysk SSD External SD810 2TB USB3.2C 20Gb/s Srebrny,1349.0,,https://www.x-kom.pl/p/1211896-dysk-zewnetrzny-ssd-adata-dysk-ssd-external-sd810-2tb-usb32c-20gb-s-srebrny.html
2026-06-19,Dysk,Lexar 1TB M.2 PCIe Gen4 NVMe NM790,699.0,,https://www.x-kom.pl/p/1146134-dysk-ssd-lexar-1tb-m2-pcie-gen4-nvme-nm790.html
2026-06-19,Dysk,Samsung 2TB M.2 PCIe Gen5 NVMe 9100 PRO,2499.0,,https://www.x-kom.pl/p/1322624-dysk-ssd-samsung-2tb-m2-pcie-gen5-nvme-9100-pro.html
2026-06-19,Dysk,Seagate BARRACUDA 2TB 7200obr. 256MB,609.0,,https://www.x-kom.pl/p/461759-dysk-hdd-seagate-barracuda-2tb-7200obr-256mb.html
2026-06-19,Dysk,Synology HAT3320-8T 8TB Plus,2149.0,,https://www.x-kom.pl/p/1418298-dysk-hdd-synology-hat3320-8t-8tb-plus.html
2026-06-19,Karta graficzna,Gigabyte GeForce RTX 5070 Windforce OC 12GB GDDR7 DLSS4,2649.0,,https://www.x-kom.pl/p/1318534-karta-graficzna-nvidia-gigabyte-geforce-rtx-5070-windforce-oc-12gb-gddr7-dlss4.html
2026-06-19,Karta graficzna,Gigabyte GeForce RTX 5080 Windforce OC 16GB GDDR7 DLSS4,5999.0,,https://www.x-kom.pl/p/1309189-karta-graficzna-nvidia-gigabyte-geforce-rtx-5080-windforce-oc-16gb-gddr7-dlss4.html
2026-06-19,Karta graficzna,Gigabyte Radeon RX 9060 XT Gaming OC 16GB GDDR6,2099.0,Zobacz produkty,https://www.x-kom.pl/p/1339802-karta-graficzna-amd-gigabyte-radeon-rx-9060-xt-gaming-oc-16gb-gddr6.html
2026-06-19,Karta graficzna,MSI GeForce RTX 5090 Gaming Trio OC 32GB GDDR7 DLSS4,18999.0,,https://www.x-kom.pl/p/1314559-karta-graficzna-nvidia-msi-geforce-rtx-5090-gaming-trio-oc-32gb-gddr7-dlss4.html
2026-06-19,Karta graficzna,PowerColor Radeon RX 7600 Fighter 8GB V2 GDDR6,1249.0,,https://www.x-kom.pl/p/1368326-karta-graficzna-amd-powercolor-radeon-rx-7600-fighter-8gb-v2-gddr6.html
2026-06-19,Pamięć RAM,Corsair 16GB (2x8GB) 5600 CL40 Vengeance RGB,1259.0,,https://www.x-kom.pl/p/1486220-pamiec-ram-ddr5-corsair-16gb-2x8gb-5600-cl40-vengeance-rgb.html
2026-06-19,Pamięć RAM,G.SKILL 32GB (2x16GB) 3200MHz CL16 Aegis,1169.0,,https://www.x-kom.pl/p/539275-pamiec-ram-ddr4-gskill-32gb-2x16gb-3200mhz-cl16-aegis.html
2026-06-19,Pamięć RAM,GOODRAM 8GB (1x8GB) 1600MHz CL11,209.0,,https://www.x-kom.pl/p/420909-pamiec-ram-sodimm-ddr3-goodram-8gb-1x8gb-1600mhz-cl11.html
2026-06-19,Pamięć RAM,Kingston FURY 16GB (2x8GB) 3200MHz CL16 Beast Black,709.0,,https://www.x-kom.pl/p/667295-pamiec-ram-ddr4-kingston-fury-16gb-2x8gb-3200mhz-cl16-beast-black.html
2026-06-19,Pamięć RAM,Patriot 32GB (2x16GB) 6000MT/s CL30 Venom,1749.0,,https://www.x-kom.pl/p/1258925-pamiec-ram-ddr5-patriot-32gb-2x16gb-6000mt-s-cl30-venom.html
2026-06-19,Procesor,AMD Ryzen 7 5800X,879.0,,https://www.x-kom.pl/p/597430-procesor-amd-ryzen-7-amd-ryzen-7-5800x.html
2026-06-19,Procesor,AMD Ryzen 7 9800X3D,1799.0,,https://www.x-kom.pl/p/1292320-procesor-amd-ryzen-7-amd-ryzen-7-9800x3d.html
2026-06-19,Procesor,AMD Ryzen Threadripper PRO 9995WX,51399.0,,https://www.x-kom.pl/p/1352192-procesor-amd-threadripper-amd-ryzen-threadripper-pro-9995wx.html
2026-06-19,Procesor,Intel Core i5-12400F,779.0,,https://www.x-kom.pl/p/702238-procesory-intel-core-i5-intel-core-i5-12400f.html
2026-06-19,Procesor,Intel Core i7-12700KF,1099.0,,https://www.x-kom.pl/p/689604-procesor-intel-core-i7-intel-core-i7-12700kf.html
2026-06-19,Płyta główna,ASRock A520M-ITX/AC,429.0,,https://www.x-kom.pl/p/613677-plyta-glowna-socket-am4-asrock-a520m-itx-ac.html
2026-06-19,Płyta główna,ASUS TUF GAMING B850-PLUS WIFI,805.0,,https://www.x-kom.pl/p/1306481-plyta-glowna-socket-am5-asus-tuf-gaming-b850-plus-wifi.html
2026-06-19,Płyta główna,Gigabyte B650 EAGLE AX,529.0,,https://www.x-kom.pl/p/1226980-plyta-glowna-socket-am5-gigabyte-b650-eagle-ax.html
2026-06-19,Płyta główna,Gigabyte X870 AORUS ELITE WIFI7 ICE,1159.0,,https://www.x-kom.pl/p/1282691-plyta-glowna-socket-am5-gigabyte-x870-aorus-elite-wifi7-ice.html
2026-06-19,Płyta główna,MSI B550 GAMING WIFI,589.0,,https://www.x-kom.pl/p/1480681-plyta-glowna-socket-am4-msi-b550-gaming-wifi.html
2026-06-20,Dysk,ADATA Dysk SSD External SD810 2TB USB3.2C 20Gb/s Srebrny,1349.0,,https://www.x-kom.pl/p/1211896-dysk-zewnetrzny-ssd-adata-dysk-ssd-external-sd810-2tb-usb32c-20gb-s-srebrny.html
2026-06-20,Dysk,Lexar 1TB M.2 PCIe Gen4 NVMe NM790,699.0,,https://www.x-kom.pl/p/1146134-dysk-ssd-lexar-1tb-m2-pcie-gen4-nvme-nm790.html
2026-06-20,Dysk,Samsung 2TB M.2 PCIe Gen5 NVMe 9100 PRO,2499.0,,https://www.x-kom.pl/p/1322624-dysk-ssd-samsung-2tb-m2-pcie-gen5-nvme-9100-pro.html
2026-06-20,Dysk,Seagate BARRACUDA 2TB 7200obr. 256MB,609.0,,https://www.x-kom.pl/p/461759-dysk-hdd-seagate-barracuda-2tb-7200obr-256mb.html
2026-06-20,Dysk,Synology HAT3320-8T 8TB Plus,2149.0,,https://www.x-kom.pl/p/1418298-dysk-hdd-synology-hat3320-8t-8tb-plus.html
2026-06-20,Karta graficzna,Gigabyte GeForce RTX 5070 Windforce OC 12GB GDDR7 DLSS4,2699.0,,https://www.x-kom.pl/p/1318534-karta-graficzna-nvidia-gigabyte-geforce-rtx-5070-windforce-oc-12gb-gddr7-dlss4.html
2026-06-20,Karta graficzna,Gigabyte GeForce RTX 5080 Windforce OC 16GB GDDR7 DLSS4,5999.0,,https://www.x-kom.pl/p/1309189-karta-graficzna-nvidia-gigabyte-geforce-rtx-5080-windforce-oc-16gb-gddr7-dlss4.html
2026-06-20,Karta graficzna,Gigabyte Radeon RX 9060 XT Gaming OC 16GB GDDR6,2099.0,Zobacz produkty,https://www.x-kom.pl/p/1339802-karta-graficzna-amd-gigabyte-radeon-rx-9060-xt-gaming-oc-16gb-gddr6.html
2026-06-20,Karta graficzna,MSI GeForce RTX 5090 Gaming Trio OC 32GB GDDR7 DLSS4,18999.0,,https://www.x-kom.pl/p/1314559-karta-graficzna-nvidia-msi-geforce-rtx-5090-gaming-trio-oc-32gb-gddr7-dlss4.html
2026-06-20,Karta graficzna,PowerColor Radeon RX 7600 Fighter 8GB V2 GDDR6,1249.0,Zobacz produkty,https://www.x-kom.pl/p/1368326-karta-graficzna-amd-powercolor-radeon-rx-7600-fighter-8gb-v2-gddr6.html
2026-06-20,Pamięć RAM,Corsair 16GB (2x8GB) 5600 CL40 Vengeance RGB,1259.0,,https://www.x-kom.pl/p/1486220-pamiec-ram-ddr5-corsair-16gb-2x8gb-5600-cl40-vengeance-rgb.html
2026-06-20,Pamięć RAM,G.SKILL 32GB (2x16GB) 3200MHz CL16 Aegis,1169.0,,https://www.x-kom.pl/p/539275-pamiec-ram-ddr4-gskill-32gb-2x16gb-3200mhz-cl16-aegis.html
2026-06-20,Pamięć RAM,GOODRAM 8GB (1x8GB) 1600MHz CL11,209.0,,https://www.x-kom.pl/p/420909-pamiec-ram-sodimm-ddr3-goodram-8gb-1x8gb-1600mhz-cl11.html
2026-06-20,Pamięć RAM,Kingston FURY 16GB (2x8GB) 3200MHz CL16 Beast Black,709.0,,https://www.x-kom.pl/p/667295-pamiec-ram-ddr4-kingston-fury-16gb-2x8gb-3200mhz-cl16-beast-black.html
2026-06-20,Pamięć RAM,Patriot 32GB (2x16GB) 6000MT/s CL30 Venom,1749.0,,https://www.x-kom.pl/p/1258925-pamiec-ram-ddr5-patriot-32gb-2x16gb-6000mt-s-cl30-venom.html
2026-06-20,Procesor,AMD Ryzen 7 5800X,899.0,,https://www.x-kom.pl/p/597430-procesor-amd-ryzen-7-amd-ryzen-7-5800x.html
2026-06-20,Procesor,AMD Ryzen 7 9800X3D,1799.0,,https://www.x-kom.pl/p/1292320-procesor-amd-ryzen-7-amd-ryzen-7-9800x3d.html
2026-06-20,Procesor,AMD Ryzen Threadripper PRO 9995WX,51399.0,,https://www.x-kom.pl/p/1352192-procesor-amd-threadripper-amd-ryzen-threadripper-pro-9995wx.html
2026-06-20,Procesor,Intel Core i5-12400F,779.0,,https://www.x-kom.pl/p/702238-procesory-intel-core-i5-intel-core-i5-12400f.html
2026-06-20,Procesor,Intel Core i7-12700KF,1099.0,,https://www.x-kom.pl/p/689604-procesor-intel-core-i7-intel-core-i7-12700kf.html
2026-06-20,Płyta główna,ASRock A520M-ITX/AC,429.0,,https://www.x-kom.pl/p/613677-plyta-glowna-socket-am4-asrock-a520m-itx-ac.html
2026-06-20,Płyta główna,ASUS TUF GAMING B850-PLUS WIFI,889.0,,https://www.x-kom.pl/p/1306481-plyta-glowna-socket-am5-asus-tuf-gaming-b850-plus-wifi.html
2026-06-20,Płyta główna,Gigabyte B650 EAGLE AX,529.0,,https://www.x-kom.pl/p/1226980-plyta-glowna-socket-am5-gigabyte-b650-eagle-ax.html
2026-06-20,Płyta główna,Gigabyte X870 AORUS ELITE WIFI7 ICE,1159.0,,https://www.x-kom.pl/p/1282691-plyta-glowna-socket-am5-gigabyte-x870-aorus-elite-wifi7-ice.html
2026-06-20,Płyta główna,MSI B550 GAMING WIFI,589.0,,https://www.x-kom.pl/p/1480681-plyta-glowna-socket-am4-msi-b550-gaming-wifi.html
2026-06-21,Dysk,ADATA Dysk SSD External SD810 2TB USB3.2C 20Gb/s Srebrny,1349.0,,https://www.x-kom.pl/p/1211896-dysk-zewnetrzny-ssd-adata-dysk-ssd-external-sd810-2tb-usb32c-20gb-s-srebrny.html
2026-06-21,Dysk,Lexar 1TB M.2 PCIe Gen4 NVMe NM790,699.0,,https://www.x-kom.pl/p/1146134-dysk-ssd-lexar-1tb-m2-pcie-gen4-nvme-nm790.html
2026-06-21,Dysk,Samsung 2TB M.2 PCIe Gen5 NVMe 9100 PRO,2499.0,,https://www.x-kom.pl/p/1322624-dysk-ssd-samsung-2tb-m2-pcie-gen5-nvme-9100-pro.html
2026-06-21,Dysk,Seagate BARRACUDA 2TB 7200obr. 256MB,609.0,,https://www.x-kom.pl/p/461759-dysk-hdd-seagate-barracuda-2tb-7200obr-256mb.html
2026-06-21,Dysk,Synology HAT3320-8T 8TB Plus,2149.0,,https://www.x-kom.pl/p/1418298-dysk-hdd-synology-hat3320-8t-8tb-plus.html
2026-06-21,Karta graficzna,Gigabyte GeForce RTX 5070 Windforce OC 12GB GDDR7 DLSS4,2699.0,,https://www.x-kom.pl/p/1318534-karta-graficzna-nvidia-gigabyte-geforce-rtx-5070-windforce-oc-12gb-gddr7-dlss4.html
2026-06-21,Karta graficzna,Gigabyte GeForce RTX 5080 Windforce OC 16GB GDDR7 DLSS4,5999.0,,https://www.x-kom.pl/p/1309189-karta-graficzna-nvidia-gigabyte-geforce-rtx-5080-windforce-oc-16gb-gddr7-dlss4.html
2026-06-21,Karta graficzna,Gigabyte Radeon RX 9060 XT Gaming OC 16GB GDDR6,2099.0,,https://www.x-kom.pl/p/1339802-karta-graficzna-amd-gigabyte-radeon-rx-9060-xt-gaming-oc-16gb-gddr6.html
2026-06-21,Karta graficzna,MSI GeForce RTX 5090 Gaming Trio OC 32GB GDDR7 DLSS4,18999.0,,https://www.x-kom.pl/p/1314559-karta-graficzna-nvidia-msi-geforce-rtx-5090-gaming-trio-oc-32gb-gddr7-dlss4.html
2026-06-21,Karta graficzna,PowerColor Radeon RX 7600 Fighter 8GB V2 GDDR6,1249.0,,https://www.x-kom.pl/p/1368326-karta-graficzna-amd-powercolor-radeon-rx-7600-fighter-8gb-v2-gddr6.html
2026-06-21,Pamięć RAM,Corsair 16GB (2x8GB) 5600 CL40 Vengeance RGB,1259.0,,https://www.x-kom.pl/p/1486220-pamiec-ram-ddr5-corsair-16gb-2x8gb-5600-cl40-vengeance-rgb.html
2026-06-21,Pamięć RAM,G.SKILL 32GB (2x16GB) 3200MHz CL16 Aegis,1169.0,,https://www.x-kom.pl/p/539275-pamiec-ram-ddr4-gskill-32gb-2x16gb-3200mhz-cl16-aegis.html
2026-06-21,Pamięć RAM,GOODRAM 8GB (1x8GB) 1600MHz CL11,209.0,,https://www.x-kom.pl/p/420909-pamiec-ram-sodimm-ddr3-goodram-8gb-1x8gb-1600mhz-cl11.html
2026-06-21,Pamięć RAM,Kingston FURY 16GB (2x8GB) 3200MHz CL16 Beast Black,709.0,,https://www.x-kom.pl/p/667295-pamiec-ram-ddr4-kingston-fury-16gb-2x8gb-3200mhz-cl16-beast-black.html
2026-06-21,Pamięć RAM,Patriot 32GB (2x16GB) 6000MT/s CL30 Venom,1749.0,,https://www.x-kom.pl/p/1258925-pamiec-ram-ddr5-patriot-32gb-2x16gb-6000mt-s-cl30-venom.html
2026-06-21,Procesor,AMD Ryzen 7 5800X,899.0,,https://www.x-kom.pl/p/597430-procesor-amd-ryzen-7-amd-ryzen-7-5800x.html
2026-06-21,Procesor,AMD Ryzen 7 9800X3D,1799.0,,https://www.x-kom.pl/p/1292320-procesor-amd-ryzen-7-amd-ryzen-7-9800x3d.html
2026-06-21,Procesor,AMD Ryzen Threadripper PRO 9995WX,51399.0,,https://www.x-kom.pl/p/1352192-procesor-amd-threadripper-amd-ryzen-threadripper-pro-9995wx.html
2026-06-21,Procesor,Intel Core i5-12400F,779.0,,https://www.x-kom.pl/p/702238-procesory-intel-core-i5-intel-core-i5-12400f.html
2026-06-21,Procesor,Intel Core i7-12700KF,1099.0,,https://www.x-kom.pl/p/689604-procesor-intel-core-i7-intel-core-i7-12700kf.html
2026-06-21,Płyta główna,ASRock A520M-ITX/AC,429.0,,https://www.x-kom.pl/p/613677-plyta-glowna-socket-am4-asrock-a520m-itx-ac.html
2026-06-21,Płyta główna,ASUS TUF GAMING B850-PLUS WIFI,889.0,,https://www.x-kom.pl/p/1306481-plyta-glowna-socket-am5-asus-tuf-gaming-b850-plus-wifi.html
2026-06-21,Płyta główna,Gigabyte B650 EAGLE AX,529.0,,https://www.x-kom.pl/p/1226980-plyta-glowna-socket-am5-gigabyte-b650-eagle-ax.html
2026-06-21,Płyta główna,Gigabyte X870 AORUS ELITE WIFI7 ICE,1159.0,,https://www.x-kom.pl/p/1282691-plyta-glowna-socket-am5-gigabyte-x870-aorus-elite-wifi7-ice.html
2026-06-21,Płyta główna,MSI B550 GAMING WIFI,589.0,,https://www.x-kom.pl/p/1480681-plyta-glowna-socket-am4-msi-b550-gaming-wifi.html
2026-06-22,Dysk,ADATA Dysk SSD External SD810 2TB USB3.2C 20Gb/s Srebrny,1349.0,,https://www.x-kom.pl/p/1211896-dysk-zewnetrzny-ssd-adata-dysk-ssd-external-sd810-2tb-usb32c-20gb-s-srebrny.html
2026-06-22,Dysk,Lexar 1TB M.2 PCIe Gen4 NVMe NM790,699.0,,https://www.x-kom.pl/p/1146134-dysk-ssd-lexar-1tb-m2-pcie-gen4-nvme-nm790.html
2026-06-22,Dysk,Samsung 2TB M.2 PCIe Gen5 NVMe 9100 PRO,2499.0,,https://www.x-kom.pl/p/1322624-dysk-ssd-samsung-2tb-m2-pcie-gen5-nvme-9100-pro.html
2026-06-22,Dysk,Seagate BARRACUDA 2TB 7200obr. 256MB,609.0,,https://www.x-kom.pl/p/461759-dysk-hdd-seagate-barracuda-2tb-7200obr-256mb.html
2026-06-22,Dysk,Synology HAT3320-8T 8TB Plus,2149.0,,https://www.x-kom.pl/p/1418298-dysk-hdd-synology-hat3320-8t-8tb-plus.html
2026-06-22,Karta graficzna,Gigabyte GeForce RTX 5070 Windforce OC 12GB GDDR7 DLSS4,2699.0,Zobacz produkty,https://www.x-kom.pl/p/1318534-karta-graficzna-nvidia-gigabyte-geforce-rtx-5070-windforce-oc-12gb-gddr7-dlss4.html
2026-06-22,Karta graficzna,Gigabyte GeForce RTX 5080 Windforce OC 16GB GDDR7 DLSS4,5999.0,,https://www.x-kom.pl/p/1309189-karta-graficzna-nvidia-gigabyte-geforce-rtx-5080-windforce-oc-16gb-gddr7-dlss4.html
2026-06-22,Karta graficzna,Gigabyte Radeon RX 9060 XT Gaming OC 16GB GDDR6,2099.0,Zobacz produkty,https://www.x-kom.pl/p/1339802-karta-graficzna-amd-gigabyte-radeon-rx-9060-xt-gaming-oc-16gb-gddr6.html
2026-06-22,Karta graficzna,MSI GeForce RTX 5090 Gaming Trio OC 32GB GDDR7 DLSS4,18999.0,Zobacz produkty,https://www.x-kom.pl/p/1314559-karta-graficzna-nvidia-msi-geforce-rtx-5090-gaming-trio-oc-32gb-gddr7-dlss4.html
2026-06-22,Karta graficzna,PowerColor Radeon RX 7600 Fighter 8GB V2 GDDR6,1249.0,,https://www.x-kom.pl/p/1368326-karta-graficzna-amd-powercolor-radeon-rx-7600-fighter-8gb-v2-gddr6.html
2026-06-22,Pamięć RAM,Corsair 16GB (2x8GB) 5600 CL40 Vengeance RGB,1259.0,,https://www.x-kom.pl/p/1486220-pamiec-ram-ddr5-corsair-16gb-2x8gb-5600-cl40-vengeance-rgb.html
2026-06-22,Pamięć RAM,G.SKILL 32GB (2x16GB) 3200MHz CL16 Aegis,1169.0,,https://www.x-kom.pl/p/539275-pamiec-ram-ddr4-gskill-32gb-2x16gb-3200mhz-cl16-aegis.html
2026-06-22,Pamięć RAM,GOODRAM 8GB (1x8GB) 1600MHz CL11,209.0,,https://www.x-kom.pl/p/420909-pamiec-ram-sodimm-ddr3-goodram-8gb-1x8gb-1600mhz-cl11.html
2026-06-22,Pamięć RAM,Kingston FURY 16GB (2x8GB) 3200MHz CL16 Beast Black,709.0,,https://www.x-kom.pl/p/667295-pamiec-ram-ddr4-kingston-fury-16gb-2x8gb-3200mhz-cl16-beast-black.html
2026-06-22,Pamięć RAM,Patriot 32GB (2x16GB) 6000MT/s CL30 Venom,1749.0,,https://www.x-kom.pl/p/1258925-pamiec-ram-ddr5-patriot-32gb-2x16gb-6000mt-s-cl30-venom.html
2026-06-22,Procesor,AMD Ryzen 7 5800X,919.0,,https://www.x-kom.pl/p/597430-procesor-amd-ryzen-7-amd-ryzen-7-5800x.html
2026-06-22,Procesor,AMD Ryzen 7 9800X3D,1799.0,,https://www.x-kom.pl/p/1292320-procesor-amd-ryzen-7-amd-ryzen-7-9800x3d.html
2026-06-22,Procesor,AMD Ryzen Threadripper PRO 9995WX,51399.0,,https://www.x-kom.pl/p/1352192-procesor-amd-threadripper-amd-ryzen-threadripper-pro-9995wx.html
2026-06-22,Procesor,Intel Core i5-12400F,759.0,,https://www.x-kom.pl/p/702238-procesory-intel-core-i5-intel-core-i5-12400f.html
2026-06-22,Procesor,Intel Core i7-12700KF,1099.0,,https://www.x-kom.pl/p/689604-procesor-intel-core-i7-intel-core-i7-12700kf.html
2026-06-22,Płyta główna,ASRock A520M-ITX/AC,429.0,,https://www.x-kom.pl/p/613677-plyta-glowna-socket-am4-asrock-a520m-itx-ac.html
2026-06-22,Płyta główna,ASUS TUF GAMING B850-PLUS WIFI,929.0,,https://www.x-kom.pl/p/1306481-plyta-glowna-socket-am5-asus-tuf-gaming-b850-plus-wifi.html
2026-06-22,Płyta główna,Gigabyte B650 EAGLE AX,529.0,,https://www.x-kom.pl/p/1226980-plyta-glowna-socket-am5-gigabyte-b650-eagle-ax.html
2026-06-22,Płyta główna,Gigabyte X870 AORUS ELITE WIFI7 ICE,1199.0,,https://www.x-kom.pl/p/1282691-plyta-glowna-socket-am5-gigabyte-x870-aorus-elite-wifi7-ice.html
2026-06-22,Płyta główna,MSI B550 GAMING WIFI,589.0,,https://www.x-kom.pl/p/1480681-plyta-glowna-socket-am4-msi-b550-gaming-wifi.html
2026-06-23,Dysk,ADATA Dysk SSD External SD810 2TB USB3.2C 20Gb/s Srebrny,1349.0,,https://www.x-kom.pl/p/1211896-dysk-zewnetrzny-ssd-adata-dysk-ssd-external-sd810-2tb-usb32c-20gb-s-srebrny.html
2026-06-23,Dysk,Lexar 1TB M.2 PCIe Gen4 NVMe NM790,699.0,,https://www.x-kom.pl/p/1146134-dysk-ssd-lexar-1tb-m2-pcie-gen4-nvme-nm790.html
2026-06-23,Dysk,Samsung 2TB M.2 PCIe Gen5 NVMe 9100 PRO,2499.0,,https://www.x-kom.pl/p/1322624-dysk-ssd-samsung-2tb-m2-pcie-gen5-nvme-9100-pro.html
2026-06-23,Dysk,Seagate BARRACUDA 2TB 7200obr. 256MB,609.0,,https://www.x-kom.pl/p/461759-dysk-hdd-seagate-barracuda-2tb-7200obr-256mb.html
2026-06-23,Dysk,Synology HAT3320-8T 8TB Plus,2149.0,,https://www.x-kom.pl/p/1418298-dysk-hdd-synology-hat3320-8t-8tb-plus.html
2026-06-23,Karta graficzna,Gigabyte GeForce RTX 5070 Windforce OC 12GB GDDR7 DLSS4,2699.0,,https://www.x-kom.pl/p/1318534-karta-graficzna-nvidia-gigabyte-geforce-rtx-5070-windforce-oc-12gb-gddr7-dlss4.html
2026-06-23,Karta graficzna,Gigabyte GeForce RTX 5080 Windforce OC 16GB GDDR7 DLSS4,5999.0,,https://www.x-kom.pl/p/1309189-karta-graficzna-nvidia-gigabyte-geforce-rtx-5080-windforce-oc-16gb-gddr7-dlss4.html
2026-06-23,Karta graficzna,Gigabyte Radeon RX 9060 XT Gaming OC 16GB GDDR6,2099.0,,https://www.x-kom.pl/p/1339802-karta-graficzna-amd-gigabyte-radeon-rx-9060-xt-gaming-oc-16gb-gddr6.html
2026-06-23,Karta graficzna,MSI GeForce RTX 5090 Gaming Trio OC 32GB GDDR7 DLSS4,18999.0,,https://www.x-kom.pl/p/1314559-karta-graficzna-nvidia-msi-geforce-rtx-5090-gaming-trio-oc-32gb-gddr7-dlss4.html
2026-06-23,Karta graficzna,PowerColor Radeon RX 7600 Fighter 8GB V2 GDDR6,1249.0,,https://www.x-kom.pl/p/1368326-karta-graficzna-amd-powercolor-radeon-rx-7600-fighter-8gb-v2-gddr6.html
2026-06-23,Pamięć RAM,Corsair 16GB (2x8GB) 5600 CL40 Vengeance RGB,1259.0,,https://www.x-kom.pl/p/1486220-pamiec-ram-ddr5-corsair-16gb-2x8gb-5600-cl40-vengeance-rgb.html
2026-06-23,Pamięć RAM,G.SKILL 32GB (2x16GB) 3200MHz CL16 Aegis,1169.0,,https://www.x-kom.pl/p/539275-pamiec-ram-ddr4-gskill-32gb-2x16gb-3200mhz-cl16-aegis.html
2026-06-23,Pamięć RAM,GOODRAM 8GB (1x8GB) 1600MHz CL11,209.0,,https://www.x-kom.pl/p/420909-pamiec-ram-sodimm-ddr3-goodram-8gb-1x8gb-1600mhz-cl11.html
2026-06-23,Pamięć RAM,Kingston FURY 16GB (2x8GB) 3200MHz CL16 Beast Black,709.0,,https://www.x-kom.pl/p/667295-pamiec-ram-ddr4-kingston-fury-16gb-2x8gb-3200mhz-cl16-beast-black.html
2026-06-23,Pamięć RAM,Patriot 32GB (2x16GB) 6000MT/s CL30 Venom,1749.0,,https://www.x-kom.pl/p/1258925-pamiec-ram-ddr5-patriot-32gb-2x16gb-6000mt-s-cl30-venom.html
2026-06-23,Procesor,AMD Ryzen 7 5800X,919.0,,https://www.x-kom.pl/p/597430-procesor-amd-ryzen-7-amd-ryzen-7-5800x.html
2026-06-23,Procesor,AMD Ryzen 7 9800X3D,1799.0,,https://www.x-kom.pl/p/1292320-procesor-amd-ryzen-7-amd-ryzen-7-9800x3d.html
2026-06-23,Procesor,AMD Ryzen Threadripper PRO 9995WX,51399.0,,https://www.x-kom.pl/p/1352192-procesor-amd-threadripper-amd-ryzen-threadripper-pro-9995wx.html
2026-06-23,Procesor,Intel Core i5-12400F,759.0,,https://www.x-kom.pl/p/702238-procesory-intel-core-i5-intel-core-i5-12400f.html
2026-06-23,Procesor,Intel Core i7-12700KF,1099.0,,https://www.x-kom.pl/p/689604-procesor-intel-core-i7-intel-core-i7-12700kf.html
2026-06-23,Płyta główna,ASRock A520M-ITX/AC,429.0,,https://www.x-kom.pl/p/613677-plyta-glowna-socket-am4-asrock-a520m-itx-ac.html
2026-06-23,Płyta główna,ASUS TUF GAMING B850-PLUS WIFI,929.0,,https://www.x-kom.pl/p/1306481-plyta-glowna-socket-am5-asus-tuf-gaming-b850-plus-wifi.html
2026-06-23,Płyta główna,Gigabyte B650 EAGLE AX,529.0,,https://www.x-kom.pl/p/1226980-plyta-glowna-socket-am5-gigabyte-b650-eagle-ax.html
2026-06-23,Płyta główna,Gigabyte X870 AORUS ELITE WIFI7 ICE,1199.0,,https://www.x-kom.pl/p/1282691-plyta-glowna-socket-am5-gigabyte-x870-aorus-elite-wifi7-ice.html
2026-06-23,Płyta główna,MSI B550 GAMING WIFI,589.0,,https://www.x-kom.pl/p/1480681-plyta-glowna-socket-am4-msi-b550-gaming-wifi.html
2026-06-24,Dysk,ADATA Dysk SSD External SD810 2TB USB3.2C 20Gb/s Srebrny,1349.0,,https://www.x-kom.pl/p/1211896-dysk-zewnetrzny-ssd-adata-dysk-ssd-external-sd810-2tb-usb32c-20gb-s-srebrny.html
2026-06-24,Dysk,Lexar 1TB M.2 PCIe Gen4 NVMe NM790,699.0,,https://www.x-kom.pl/p/1146134-dysk-ssd-lexar-1tb-m2-pcie-gen4-nvme-nm790.html
2026-06-24,Dysk,Samsung 2TB M.2 PCIe Gen5 NVMe 9100 PRO,2499.0,,https://www.x-kom.pl/p/1322624-dysk-ssd-samsung-2tb-m2-pcie-gen5-nvme-9100-pro.html
2026-06-24,Dysk,Seagate BARRACUDA 2TB 7200obr. 256MB,609.0,,https://www.x-kom.pl/p/461759-dysk-hdd-seagate-barracuda-2tb-7200obr-256mb.html
2026-06-24,Dysk,Synology HAT3320-8T 8TB Plus,2149.0,,https://www.x-kom.pl/p/1418298-dysk-hdd-synology-hat3320-8t-8tb-plus.html
2026-06-24,Karta graficzna,Gigabyte GeForce RTX 5070 Windforce OC 12GB GDDR7 DLSS4,2699.0,Zobacz produkty,https://www.x-kom.pl/p/1318534-karta-graficzna-nvidia-gigabyte-geforce-rtx-5070-windforce-oc-12gb-gddr7-dlss4.html
2026-06-24,Karta graficzna,Gigabyte GeForce RTX 5080 Windforce OC 16GB GDDR7 DLSS4,5999.0,,https://www.x-kom.pl/p/1309189-karta-graficzna-nvidia-gigabyte-geforce-rtx-5080-windforce-oc-16gb-gddr7-dlss4.html
2026-06-24,Karta graficzna,Gigabyte Radeon RX 9060 XT Gaming OC 16GB GDDR6,2099.0,Zobacz produkty,https://www.x-kom.pl/p/1339802-karta-graficzna-amd-gigabyte-radeon-rx-9060-xt-gaming-oc-16gb-gddr6.html
2026-06-24,Karta graficzna,MSI GeForce RTX 5090 Gaming Trio OC 32GB GDDR7 DLSS4,18999.0,Zobacz produkty,https://www.x-kom.pl/p/1314559-karta-graficzna-nvidia-msi-geforce-rtx-5090-gaming-trio-oc-32gb-gddr7-dlss4.html
2026-06-24,Karta graficzna,PowerColor Radeon RX 7600 Fighter 8GB V2 GDDR6,1249.0,,https://www.x-kom.pl/p/1368326-karta-graficzna-amd-powercolor-radeon-rx-7600-fighter-8gb-v2-gddr6.html
2026-06-24,Pamięć RAM,Corsair 16GB (2x8GB) 5600 CL40 Vengeance RGB,1259.0,,https://www.x-kom.pl/p/1486220-pamiec-ram-ddr5-corsair-16gb-2x8gb-5600-cl40-vengeance-rgb.html
2026-06-24,Pamięć RAM,G.SKILL 32GB (2x16GB) 3200MHz CL16 Aegis,1169.0,,https://www.x-kom.pl/p/539275-pamiec-ram-ddr4-gskill-32gb-2x16gb-3200mhz-cl16-aegis.html
2026-06-24,Pamięć RAM,GOODRAM 8GB (1x8GB) 1600MHz CL11,209.0,,https://www.x-kom.pl/p/420909-pamiec-ram-sodimm-ddr3-goodram-8gb-1x8gb-1600mhz-cl11.html
2026-06-24,Pamięć RAM,Kingston FURY 16GB (2x8GB) 3200MHz CL16 Beast Black,709.0,,https://www.x-kom.pl/p/667295-pamiec-ram-ddr4-kingston-fury-16gb-2x8gb-3200mhz-cl16-beast-black.html
2026-06-24,Pamięć RAM,Patriot 32GB (2x16GB) 6000MT/s CL30 Venom,1749.0,,https://www.x-kom.pl/p/1258925-pamiec-ram-ddr5-patriot-32gb-2x16gb-6000mt-s-cl30-venom.html
2026-06-24,Procesor,AMD Ryzen 7 5800X,919.0,,https://www.x-kom.pl/p/597430-procesor-amd-ryzen-7-amd-ryzen-7-5800x.html
2026-06-24,Procesor,AMD Ryzen 7 9800X3D,1799.0,,https://www.x-kom.pl/p/1292320-procesor-amd-ryzen-7-amd-ryzen-7-9800x3d.html
2026-06-24,Procesor,AMD Ryzen Threadripper PRO 9995WX,51399.0,,https://www.x-kom.pl/p/1352192-procesor-amd-threadripper-amd-ryzen-threadripper-pro-9995wx.html
2026-06-24,Procesor,Intel Core i5-12400F,759.0,,https://www.x-kom.pl/p/702238-procesory-intel-core-i5-intel-core-i5-12400f.html
2026-06-24,Procesor,Intel Core i7-12700KF,1099.0,,https://www.x-kom.pl/p/689604-procesor-intel-core-i7-intel-core-i7-12700kf.html
2026-06-24,Płyta główna,ASRock A520M-ITX/AC,429.0,,https://www.x-kom.pl/p/613677-plyta-glowna-socket-am4-asrock-a520m-itx-ac.html
2026-06-24,Płyta główna,ASUS TUF GAMING B850-PLUS WIFI,929.0,,https://www.x-kom.pl/p/1306481-plyta-glowna-socket-am5-asus-tuf-gaming-b850-plus-wifi.html
2026-06-24,Płyta główna,Gigabyte B650 EAGLE AX,529.0,,https://www.x-kom.pl/p/1226980-plyta-glowna-socket-am5-gigabyte-b650-eagle-ax.html
2026-06-24,Płyta główna,Gigabyte X870 AORUS ELITE WIFI7 ICE,1199.0,,https://www.x-kom.pl/p/1282691-plyta-glowna-socket-am5-gigabyte-x870-aorus-elite-wifi7-ice.html
2026-06-24,Płyta główna,MSI B550 GAMING WIFI,589.0,,https://www.x-kom.pl/p/1480681-plyta-glowna-socket-am4-msi-b550-gaming-wifi.html
2026-06-25,Dysk,ADATA Dysk SSD External SD810 2TB USB3.2C 20Gb/s Srebrny,1349.0,,https://www.x-kom.pl/p/1211896-dysk-zewnetrzny-ssd-adata-dysk-ssd-external-sd810-2tb-usb32c-20gb-s-srebrny.html
2026-06-25,Dysk,Lexar 1TB M.2 PCIe Gen4 NVMe NM790,699.0,,https://www.x-kom.pl/p/1146134-dysk-ssd-lexar-1tb-m2-pcie-gen4-nvme-nm790.html
2026-06-25,Dysk,Samsung 2TB M.2 PCIe Gen5 NVMe 9100 PRO,2499.0,,https://www.x-kom.pl/p/1322624-dysk-ssd-samsung-2tb-m2-pcie-gen5-nvme-9100-pro.html
2026-06-25,Dysk,Seagate BARRACUDA 2TB 7200obr. 256MB,609.0,,https://www.x-kom.pl/p/461759-dysk-hdd-seagate-barracuda-2tb-7200obr-256mb.html
2026-06-25,Dysk,Synology HAT3320-8T 8TB Plus,2149.0,,https://www.x-kom.pl/p/1418298-dysk-hdd-synology-hat3320-8t-8tb-plus.html
2026-06-25,Karta graficzna,Gigabyte GeForce RTX 5070 Windforce OC 12GB GDDR7 DLSS4,2699.0,,https://www.x-kom.pl/p/1318534-karta-graficzna-nvidia-gigabyte-geforce-rtx-5070-windforce-oc-12gb-gddr7-dlss4.html
2026-06-25,Karta graficzna,Gigabyte GeForce RTX 5080 Windforce OC 16GB GDDR7 DLSS4,5999.0,,https://www.x-kom.pl/p/1309189-karta-graficzna-nvidia-gigabyte-geforce-rtx-5080-windforce-oc-16gb-gddr7-dlss4.html
2026-06-25,Karta graficzna,Gigabyte Radeon RX 9060 XT Gaming OC 16GB GDDR6,2099.0,Zobacz produkty,https://www.x-kom.pl/p/1339802-karta-graficzna-amd-gigabyte-radeon-rx-9060-xt-gaming-oc-16gb-gddr6.html
2026-06-25,Karta graficzna,MSI GeForce RTX 5090 Gaming Trio OC 32GB GDDR7 DLSS4,18999.0,Zobacz produkty,https://www.x-kom.pl/p/1314559-karta-graficzna-nvidia-msi-geforce-rtx-5090-gaming-trio-oc-32gb-gddr7-dlss4.html
2026-06-25,Karta graficzna,PowerColor Radeon RX 7600 Fighter 8GB V2 GDDR6,1249.0,,https://www.x-kom.pl/p/1368326-karta-graficzna-amd-powercolor-radeon-rx-7600-fighter-8gb-v2-gddr6.html
2026-06-25,Pamięć RAM,Corsair 16GB (2x8GB) 5600 CL40 Vengeance RGB,1259.0,,https://www.x-kom.pl/p/1486220-pamiec-ram-ddr5-corsair-16gb-2x8gb-5600-cl40-vengeance-rgb.html
2026-06-25,Pamięć RAM,G.SKILL 32GB (2x16GB) 3200MHz CL16 Aegis,1169.0,,https://www.x-kom.pl/p/539275-pamiec-ram-ddr4-gskill-32gb-2x16gb-3200mhz-cl16-aegis.html
2026-06-25,Pamięć RAM,GOODRAM 8GB (1x8GB) 1600MHz CL11,209.0,,https://www.x-kom.pl/p/420909-pamiec-ram-sodimm-ddr3-goodram-8gb-1x8gb-1600mhz-cl11.html
2026-06-25,Pamięć RAM,Kingston FURY 16GB (2x8GB) 3200MHz CL16 Beast Black,709.0,,https://www.x-kom.pl/p/667295-pamiec-ram-ddr4-kingston-fury-16gb-2x8gb-3200mhz-cl16-beast-black.html
2026-06-25,Pamięć RAM,Patriot 32GB (2x16GB) 6000MT/s CL30 Venom,1759.0,,https://www.x-kom.pl/p/1258925-pamiec-ram-ddr5-patriot-32gb-2x16gb-6000mt-s-cl30-venom.html
2026-06-25,Procesor,AMD Ryzen 7 5800X,919.0,,https://www.x-kom.pl/p/597430-procesor-amd-ryzen-7-amd-ryzen-7-5800x.html
2026-06-25,Procesor,AMD Ryzen 7 9800X3D,1799.0,,https://www.x-kom.pl/p/1292320-procesor-amd-ryzen-7-amd-ryzen-7-9800x3d.html
2026-06-25,Procesor,AMD Ryzen Threadripper PRO 9995WX,51399.0,,https://www.x-kom.pl/p/1352192-procesor-amd-threadripper-amd-ryzen-threadripper-pro-9995wx.html
2026-06-25,Procesor,Intel Core i5-12400F,759.0,,https://www.x-kom.pl/p/702238-procesory-intel-core-i5-intel-core-i5-12400f.html
2026-06-25,Procesor,Intel Core i7-12700KF,1099.0,,https://www.x-kom.pl/p/689604-procesor-intel-core-i7-intel-core-i7-12700kf.html
2026-06-25,Płyta główna,ASRock A520M-ITX/AC,429.0,,https://www.x-kom.pl/p/613677-plyta-glowna-socket-am4-asrock-a520m-itx-ac.html
2026-06-25,Płyta główna,ASUS TUF GAMING B850-PLUS WIFI,919.0,,https://www.x-kom.pl/p/1306481-plyta-glowna-socket-am5-asus-tuf-gaming-b850-plus-wifi.html
2026-06-25,Płyta główna,Gigabyte B650 EAGLE AX,535.0,,https://www.x-kom.pl/p/1226980-plyta-glowna-socket-am5-gigabyte-b650-eagle-ax.html
2026-06-25,Płyta główna,Gigabyte X870 AORUS ELITE WIFI7 ICE,1219.0,,https://www.x-kom.pl/p/1282691-plyta-glowna-socket-am5-gigabyte-x870-aorus-elite-wifi7-ice.html
2026-06-25,Płyta główna,MSI B550 GAMING WIFI,615.0,,https://www.x-kom.pl/p/1480681-plyta-glowna-socket-am4-msi-b550-gaming-wifi.html
2026-06-26,Dysk,ADATA Dysk SSD External SD810 2TB USB3.2C 20Gb/s Srebrny,1349.0,,https://www.x-kom.pl/p/1211896-dysk-zewnetrzny-ssd-adata-dysk-ssd-external-sd810-2tb-usb32c-20gb-s-srebrny.html
2026-06-26,Dysk,Lexar 1TB M.2 PCIe Gen4 NVMe NM790,699.0,,https://www.x-kom.pl/p/1146134-dysk-ssd-lexar-1tb-m2-pcie-gen4-nvme-nm790.html
2026-06-26,Dysk,Samsung 2TB M.2 PCIe Gen5 NVMe 9100 PRO,2499.0,,https://www.x-kom.pl/p/1322624-dysk-ssd-samsung-2tb-m2-pcie-gen5-nvme-9100-pro.html
2026-06-26,Dysk,Seagate BARRACUDA 2TB 7200obr. 256MB,609.0,,https://www.x-kom.pl/p/461759-dysk-hdd-seagate-barracuda-2tb-7200obr-256mb.html
2026-06-26,Dysk,Synology HAT3320-8T 8TB Plus,2149.0,,https://www.x-kom.pl/p/1418298-dysk-hdd-synology-hat3320-8t-8tb-plus.html
2026-06-26,Karta graficzna,Gigabyte GeForce RTX 5070 Windforce OC 12GB GDDR7 DLSS4,2699.0,,https://www.x-kom.pl/p/1318534-karta-graficzna-nvidia-gigabyte-geforce-rtx-5070-windforce-oc-12gb-gddr7-dlss4.html
2026-06-26,Karta graficzna,Gigabyte GeForce RTX 5080 Windforce OC 16GB GDDR7 DLSS4,5999.0,,https://www.x-kom.pl/p/1309189-karta-graficzna-nvidia-gigabyte-geforce-rtx-5080-windforce-oc-16gb-gddr7-dlss4.html
2026-06-26,Karta graficzna,Gigabyte Radeon RX 9060 XT Gaming OC 16GB GDDR6,2099.0,,https://www.x-kom.pl/p/1339802-karta-graficzna-amd-gigabyte-radeon-rx-9060-xt-gaming-oc-16gb-gddr6.html
2026-06-26,Karta graficzna,MSI GeForce RTX 5090 Gaming Trio OC 32GB GDDR7 DLSS4,18999.0,,https://www.x-kom.pl/p/1314559-karta-graficzna-nvidia-msi-geforce-rtx-5090-gaming-trio-oc-32gb-gddr7-dlss4.html
2026-06-26,Karta graficzna,PowerColor Radeon RX 7600 Fighter 8GB V2 GDDR6,1249.0,,https://www.x-kom.pl/p/1368326-karta-graficzna-amd-powercolor-radeon-rx-7600-fighter-8gb-v2-gddr6.html
2026-06-26,Pamięć RAM,Corsair 16GB (2x8GB) 5600 CL40 Vengeance RGB,1259.0,,https://www.x-kom.pl/p/1486220-pamiec-ram-ddr5-corsair-16gb-2x8gb-5600-cl40-vengeance-rgb.html
2026-06-26,Pamięć RAM,G.SKILL 32GB (2x16GB) 3200MHz CL16 Aegis,1169.0,,https://www.x-kom.pl/p/539275-pamiec-ram-ddr4-gskill-32gb-2x16gb-3200mhz-cl16-aegis.html
2026-06-26,Pamięć RAM,GOODRAM 8GB (1x8GB) 1600MHz CL11,209.0,,https://www.x-kom.pl/p/420909-pamiec-ram-sodimm-ddr3-goodram-8gb-1x8gb-1600mhz-cl11.html
2026-06-26,Pamięć RAM,Kingston FURY 16GB (2x8GB) 3200MHz CL16 Beast Black,709.0,,https://www.x-kom.pl/p/667295-pamiec-ram-ddr4-kingston-fury-16gb-2x8gb-3200mhz-cl16-beast-black.html
2026-06-26,Pamięć RAM,Patriot 32GB (2x16GB) 6000MT/s CL30 Venom,1759.0,,https://www.x-kom.pl/p/1258925-pamiec-ram-ddr5-patriot-32gb-2x16gb-6000mt-s-cl30-venom.html
2026-06-26,Procesor,AMD Ryzen 7 5800X,919.0,,https://www.x-kom.pl/p/597430-procesor-amd-ryzen-7-amd-ryzen-7-5800x.html
2026-06-26,Procesor,AMD Ryzen 7 9800X3D,1799.0,,https://www.x-kom.pl/p/1292320-procesor-amd-ryzen-7-amd-ryzen-7-9800x3d.html
2026-06-26,Procesor,AMD Ryzen Threadripper PRO 9995WX,51399.0,,https://www.x-kom.pl/p/1352192-procesor-amd-threadripper-amd-ryzen-threadripper-pro-9995wx.html
2026-06-26,Procesor,Intel Core i5-12400F,759.0,,https://www.x-kom.pl/p/702238-procesory-intel-core-i5-intel-core-i5-12400f.html
2026-06-26,Procesor,Intel Core i7-12700KF,1099.0,,https://www.x-kom.pl/p/689604-procesor-intel-core-i7-intel-core-i7-12700kf.html
2026-06-26,Płyta główna,ASRock A520M-ITX/AC,429.0,,https://www.x-kom.pl/p/613677-plyta-glowna-socket-am4-asrock-a520m-itx-ac.html
2026-06-26,Płyta główna,ASUS TUF GAMING B850-PLUS WIFI,919.0,,https://www.x-kom.pl/p/1306481-plyta-glowna-socket-am5-asus-tuf-gaming-b850-plus-wifi.html
2026-06-26,Płyta główna,Gigabyte B650 EAGLE AX,535.0,,https://www.x-kom.pl/p/1226980-plyta-glowna-socket-am5-gigabyte-b650-eagle-ax.html
2026-06-26,Płyta główna,Gigabyte X870 AORUS ELITE WIFI7 ICE,1219.0,,https://www.x-kom.pl/p/1282691-plyta-glowna-socket-am5-gigabyte-x870-aorus-elite-wifi7-ice.html
2026-06-26,Płyta główna,MSI B550 GAMING WIFI,615.0,,https://www.x-kom.pl/p/1480681-plyta-glowna-socket-am4-msi-b550-gaming-wifi.html
2026-06-27,Dysk,ADATA Dysk SSD External SD810 2TB USB3.2C 20Gb/s Srebrny,1349.0,,https://www.x-kom.pl/p/1211896-dysk-zewnetrzny-ssd-adata-dysk-ssd-external-sd810-2tb-usb32c-20gb-s-srebrny.html
2026-06-27,Dysk,Lexar 1TB M.2 PCIe Gen4 NVMe NM790,699.0,,https://www.x-kom.pl/p/1146134-dysk-ssd-lexar-1tb-m2-pcie-gen4-nvme-nm790.html
2026-06-27,Dysk,Samsung 2TB M.2 PCIe Gen5 NVMe 9100 PRO,2499.0,,https://www.x-kom.pl/p/1322624-dysk-ssd-samsung-2tb-m2-pcie-gen5-nvme-9100-pro.html
2026-06-27,Dysk,Seagate BARRACUDA 2TB 7200obr. 256MB,609.0,,https://www.x-kom.pl/p/461759-dysk-hdd-seagate-barracuda-2tb-7200obr-256mb.html
2026-06-27,Dysk,Synology HAT3320-8T 8TB Plus,2149.0,,https://www.x-kom.pl/p/1418298-dysk-hdd-synology-hat3320-8t-8tb-plus.html
2026-06-27,Karta graficzna,Gigabyte GeForce RTX 5070 Windforce OC 12GB GDDR7 DLSS4,2699.0,,https://www.x-kom.pl/p/1318534-karta-graficzna-nvidia-gigabyte-geforce-rtx-5070-windforce-oc-12gb-gddr7-dlss4.html
2026-06-27,Karta graficzna,Gigabyte GeForce RTX 5080 Windforce OC 16GB GDDR7 DLSS4,5999.0,,https://www.x-kom.pl/p/1309189-karta-graficzna-nvidia-gigabyte-geforce-rtx-5080-windforce-oc-16gb-gddr7-dlss4.html
2026-06-27,Karta graficzna,Gigabyte Radeon RX 9060 XT Gaming OC 16GB GDDR6,2099.0,Zobacz produkty,https://www.x-kom.pl/p/1339802-karta-graficzna-amd-gigabyte-radeon-rx-9060-xt-gaming-oc-16gb-gddr6.html
2026-06-27,Karta graficzna,MSI GeForce RTX 5090 Gaming Trio OC 32GB GDDR7 DLSS4,18999.0,,https://www.x-kom.pl/p/1314559-karta-graficzna-nvidia-msi-geforce-rtx-5090-gaming-trio-oc-32gb-gddr7-dlss4.html
2026-06-27,Karta graficzna,PowerColor Radeon RX 7600 Fighter 8GB V2 GDDR6,1249.0,,https://www.x-kom.pl/p/1368326-karta-graficzna-amd-powercolor-radeon-rx-7600-fighter-8gb-v2-gddr6.html
2026-06-27,Pamięć RAM,Corsair 16GB (2x8GB) 5600 CL40 Vengeance RGB,1259.0,,https://www.x-kom.pl/p/1486220-pamiec-ram-ddr5-corsair-16gb-2x8gb-5600-cl40-vengeance-rgb.html
2026-06-27,Pamięć RAM,G.SKILL 32GB (2x16GB) 3200MHz CL16 Aegis,1169.0,,https://www.x-kom.pl/p/539275-pamiec-ram-ddr4-gskill-32gb-2x16gb-3200mhz-cl16-aegis.html
2026-06-27,Pamięć RAM,GOODRAM 8GB (1x8GB) 1600MHz CL11,209.0,,https://www.x-kom.pl/p/420909-pamiec-ram-sodimm-ddr3-goodram-8gb-1x8gb-1600mhz-cl11.html
2026-06-27,Pamięć RAM,Kingston FURY 16GB (2x8GB) 3200MHz CL16 Beast Black,709.0,,https://www.x-kom.pl/p/667295-pamiec-ram-ddr4-kingston-fury-16gb-2x8gb-3200mhz-cl16-beast-black.html
2026-06-27,Pamięć RAM,Patriot 32GB (2x16GB) 6000MT/s CL30 Venom,1759.0,,https://www.x-kom.pl/p/1258925-pamiec-ram-ddr5-patriot-32gb-2x16gb-6000mt-s-cl30-venom.html
2026-06-27,Procesor,AMD Ryzen 7 5800X,919.0,,https://www.x-kom.pl/p/597430-procesor-amd-ryzen-7-amd-ryzen-7-5800x.html
2026-06-27,Procesor,AMD Ryzen 7 9800X3D,1799.0,,https://www.x-kom.pl/p/1292320-procesor-amd-ryzen-7-amd-ryzen-7-9800x3d.html
2026-06-27,Procesor,AMD Ryzen Threadripper PRO 9995WX,51399.0,,https://www.x-kom.pl/p/1352192-procesor-amd-threadripper-amd-ryzen-threadripper-pro-9995wx.html
2026-06-27,Procesor,Intel Core i5-12400F,759.0,,https://www.x-kom.pl/p/702238-procesory-intel-core-i5-intel-core-i5-12400f.html
2026-06-27,Procesor,Intel Core i7-12700KF,1099.0,,https://www.x-kom.pl/p/689604-procesor-intel-core-i7-intel-core-i7-12700kf.html
2026-06-27,Płyta główna,ASRock A520M-ITX/AC,429.0,,https://www.x-kom.pl/p/613677-plyta-glowna-socket-am4-asrock-a520m-itx-ac.html
2026-06-27,Płyta główna,ASUS TUF GAMING B850-PLUS WIFI,919.0,,https://www.x-kom.pl/p/1306481-plyta-glowna-socket-am5-asus-tuf-gaming-b850-plus-wifi.html
2026-06-27,Płyta główna,Gigabyte B650 EAGLE AX,535.0,,https://www.x-kom.pl/p/1226980-plyta-glowna-socket-am5-gigabyte-b650-eagle-ax.html
2026-06-27,Płyta główna,Gigabyte X870 AORUS ELITE WIFI7 ICE,1219.0,,https://www.x-kom.pl/p/1282691-plyta-glowna-socket-am5-gigabyte-x870-aorus-elite-wifi7-ice.html
2026-06-27,Płyta główna,MSI B550 GAMING WIFI,615.0,,https://www.x-kom.pl/p/1480681-plyta-glowna-socket-am4-msi-b550-gaming-wifi.html
2026-06-28,Dysk,ADATA Dysk SSD External SD810 2TB USB3.2C 20Gb/s Srebrny,1349.0,,https://www.x-kom.pl/p/1211896-dysk-zewnetrzny-ssd-adata-dysk-ssd-external-sd810-2tb-usb32c-20gb-s-srebrny.html
2026-06-28,Dysk,Lexar 1TB M.2 PCIe Gen4 NVMe NM790,699.0,,https://www.x-kom.pl/p/1146134-dysk-ssd-lexar-1tb-m2-pcie-gen4-nvme-nm790.html
2026-06-28,Dysk,Samsung 2TB M.2 PCIe Gen5 NVMe 9100 PRO,2499.0,,https://www.x-kom.pl/p/1322624-dysk-ssd-samsung-2tb-m2-pcie-gen5-nvme-9100-pro.html
2026-06-28,Dysk,Seagate BARRACUDA 2TB 7200obr. 256MB,609.0,,https://www.x-kom.pl/p/461759-dysk-hdd-seagate-barracuda-2tb-7200obr-256mb.html
2026-06-28,Dysk,Synology HAT3320-8T 8TB Plus,2149.0,,https://www.x-kom.pl/p/1418298-dysk-hdd-synology-hat3320-8t-8tb-plus.html
2026-06-28,Karta graficzna,Gigabyte GeForce RTX 5070 Windforce OC 12GB GDDR7 DLSS4,2699.0,,https://www.x-kom.pl/p/1318534-karta-graficzna-nvidia-gigabyte-geforce-rtx-5070-windforce-oc-12gb-gddr7-dlss4.html
2026-06-28,Karta graficzna,Gigabyte GeForce RTX 5080 Windforce OC 16GB GDDR7 DLSS4,5999.0,,https://www.x-kom.pl/p/1309189-karta-graficzna-nvidia-gigabyte-geforce-rtx-5080-windforce-oc-16gb-gddr7-dlss4.html
2026-06-28,Karta graficzna,Gigabyte Radeon RX 9060 XT Gaming OC 16GB GDDR6,2099.0,Zobacz produkty,https://www.x-kom.pl/p/1339802-karta-graficzna-amd-gigabyte-radeon-rx-9060-xt-gaming-oc-16gb-gddr6.html
2026-06-28,Karta graficzna,MSI GeForce RTX 5090 Gaming Trio OC 32GB GDDR7 DLSS4,18999.0,,https://www.x-kom.pl/p/1314559-karta-graficzna-nvidia-msi-geforce-rtx-5090-gaming-trio-oc-32gb-gddr7-dlss4.html
2026-06-28,Karta graficzna,PowerColor Radeon RX 7600 Fighter 8GB V2 GDDR6,1249.0,,https://www.x-kom.pl/p/1368326-karta-graficzna-amd-powercolor-radeon-rx-7600-fighter-8gb-v2-gddr6.html
2026-06-28,Pamięć RAM,Corsair 16GB (2x8GB) 5600 CL40 Vengeance RGB,1259.0,,https://www.x-kom.pl/p/1486220-pamiec-ram-ddr5-corsair-16gb-2x8gb-5600-cl40-vengeance-rgb.html
2026-06-28,Pamięć RAM,G.SKILL 32GB (2x16GB) 3200MHz CL16 Aegis,1169.0,,https://www.x-kom.pl/p/539275-pamiec-ram-ddr4-gskill-32gb-2x16gb-3200mhz-cl16-aegis.html
2026-06-28,Pamięć RAM,GOODRAM 8GB (1x8GB) 1600MHz CL11,209.0,,https://www.x-kom.pl/p/420909-pamiec-ram-sodimm-ddr3-goodram-8gb-1x8gb-1600mhz-cl11.html
2026-06-28,Pamięć RAM,Kingston FURY 16GB (2x8GB) 3200MHz CL16 Beast Black,709.0,,https://www.x-kom.pl/p/667295-pamiec-ram-ddr4-kingston-fury-16gb-2x8gb-3200mhz-cl16-beast-black.html
2026-06-28,Pamięć RAM,Patriot 32GB (2x16GB) 6000MT/s CL30 Venom,1759.0,,https://www.x-kom.pl/p/1258925-pamiec-ram-ddr5-patriot-32gb-2x16gb-6000mt-s-cl30-venom.html
2026-06-28,Procesor,AMD Ryzen 7 5800X,919.0,,https://www.x-kom.pl/p/597430-procesor-amd-ryzen-7-amd-ryzen-7-5800x.html
2026-06-28,Procesor,AMD Ryzen 7 9800X3D,1799.0,,https://www.x-kom.pl/p/1292320-procesor-amd-ryzen-7-amd-ryzen-7-9800x3d.html
2026-06-28,Procesor,AMD Ryzen Threadripper PRO 9995WX,51399.0,,https://www.x-kom.pl/p/1352192-procesor-amd-threadripper-amd-ryzen-threadripper-pro-9995wx.html
2026-06-28,Procesor,Intel Core i5-12400F,759.0,,https://www.x-kom.pl/p/702238-procesory-intel-core-i5-intel-core-i5-12400f.html
2026-06-28,Procesor,Intel Core i7-12700KF,1099.0,,https://www.x-kom.pl/p/689604-procesor-intel-core-i7-intel-core-i7-12700kf.html
2026-06-28,Płyta główna,ASRock A520M-ITX/AC,429.0,,https://www.x-kom.pl/p/613677-plyta-glowna-socket-am4-asrock-a520m-itx-ac.html
2026-06-28,Płyta główna,ASUS TUF GAMING B850-PLUS WIFI,919.0,,https://www.x-kom.pl/p/1306481-plyta-glowna-socket-am5-asus-tuf-gaming-b850-plus-wifi.html
2026-06-28,Płyta główna,Gigabyte B650 EAGLE AX,535.0,,https://www.x-kom.pl/p/1226980-plyta-glowna-socket-am5-gigabyte-b650-eagle-ax.html
2026-06-28,Płyta główna,Gigabyte X870 AORUS ELITE WIFI7 ICE,1219.0,,https://www.x-kom.pl/p/1282691-plyta-glowna-socket-am5-gigabyte-x870-aorus-elite-wifi7-ice.html
2026-06-28,Płyta główna,MSI B550 GAMING WIFI,615.0,,https://www.x-kom.pl/p/1480681-plyta-glowna-socket-am4-msi-b550-gaming-wifi.html
2026-06-29,Dysk,ADATA Dysk SSD External SD810 2TB USB3.2C 20Gb/s Srebrny,1349.0,,https://www.x-kom.pl/p/1211896-dysk-zewnetrzny-ssd-adata-dysk-ssd-external-sd810-2tb-usb32c-20gb-s-srebrny.html
2026-06-29,Dysk,Lexar 1TB M.2 PCIe Gen4 NVMe NM790,699.0,,https://www.x-kom.pl/p/1146134-dysk-ssd-lexar-1tb-m2-pcie-gen4-nvme-nm790.html
2026-06-29,Dysk,Samsung 2TB M.2 PCIe Gen5 NVMe 9100 PRO,2499.0,,https://www.x-kom.pl/p/1322624-dysk-ssd-samsung-2tb-m2-pcie-gen5-nvme-9100-pro.html
2026-06-29,Dysk,Seagate BARRACUDA 2TB 7200obr. 256MB,609.0,,https://www.x-kom.pl/p/461759-dysk-hdd-seagate-barracuda-2tb-7200obr-256mb.html
2026-06-29,Dysk,Synology HAT3320-8T 8TB Plus,2149.0,,https://www.x-kom.pl/p/1418298-dysk-hdd-synology-hat3320-8t-8tb-plus.html
2026-06-29,Karta graficzna,Gigabyte GeForce RTX 5070 Windforce OC 12GB GDDR7 DLSS4,2699.0,,https://www.x-kom.pl/p/1318534-karta-graficzna-nvidia-gigabyte-geforce-rtx-5070-windforce-oc-12gb-gddr7-dlss4.html
2026-06-29,Karta graficzna,Gigabyte GeForce RTX 5080 Windforce OC 16GB GDDR7 DLSS4,5999.0,,https://www.x-kom.pl/p/1309189-karta-graficzna-nvidia-gigabyte-geforce-rtx-5080-windforce-oc-16gb-gddr7-dlss4.html
2026-06-29,Karta graficzna,Gigabyte Radeon RX 9060 XT Gaming OC 16GB GDDR6,2099.0,,https://www.x-kom.pl/p/1339802-karta-graficzna-amd-gigabyte-radeon-rx-9060-xt-gaming-oc-16gb-gddr6.html
2026-06-29,Karta graficzna,MSI GeForce RTX 5090 Gaming Trio OC 32GB GDDR7 DLSS4,18999.0,,https://www.x-kom.pl/p/1314559-karta-graficzna-nvidia-msi-geforce-rtx-5090-gaming-trio-oc-32gb-gddr7-dlss4.html
2026-06-29,Karta graficzna,PowerColor Radeon RX 7600 Fighter 8GB V2 GDDR6,1249.0,,https://www.x-kom.pl/p/1368326-karta-graficzna-amd-powercolor-radeon-rx-7600-fighter-8gb-v2-gddr6.html
2026-06-29,Pamięć RAM,Corsair 16GB (2x8GB) 5600 CL40 Vengeance RGB,1259.0,,https://www.x-kom.pl/p/1486220-pamiec-ram-ddr5-corsair-16gb-2x8gb-5600-cl40-vengeance-rgb.html
2026-06-29,Pamięć RAM,G.SKILL 32GB (2x16GB) 3200MHz CL16 Aegis,1169.0,,https://www.x-kom.pl/p/539275-pamiec-ram-ddr4-gskill-32gb-2x16gb-3200mhz-cl16-aegis.html
2026-06-29,Pamięć RAM,GOODRAM 8GB (1x8GB) 1600MHz CL11,209.0,,https://www.x-kom.pl/p/420909-pamiec-ram-sodimm-ddr3-goodram-8gb-1x8gb-1600mhz-cl11.html
2026-06-29,Pamięć RAM,Kingston FURY 16GB (2x8GB) 3200MHz CL16 Beast Black,709.0,,https://www.x-kom.pl/p/667295-pamiec-ram-ddr4-kingston-fury-16gb-2x8gb-3200mhz-cl16-beast-black.html
2026-06-29,Pamięć RAM,Patriot 32GB (2x16GB) 6000MT/s CL30 Venom,1759.0,,https://www.x-kom.pl/p/1258925-pamiec-ram-ddr5-patriot-32gb-2x16gb-6000mt-s-cl30-venom.html
2026-06-29,Procesor,AMD Ryzen 7 5800X,919.0,,https://www.x-kom.pl/p/597430-procesor-amd-ryzen-7-amd-ryzen-7-5800x.html
2026-06-29,Procesor,AMD Ryzen 7 9800X3D,1799.0,,https://www.x-kom.pl/p/1292320-procesor-amd-ryzen-7-amd-ryzen-7-9800x3d.html
2026-06-29,Procesor,AMD Ryzen Threadripper PRO 9995WX,51399.0,,https://www.x-kom.pl/p/1352192-procesor-amd-threadripper-amd-ryzen-threadripper-pro-9995wx.html
2026-06-29,Procesor,Intel Core i5-12400F,759.0,,https://www.x-kom.pl/p/702238-procesory-intel-core-i5-intel-core-i5-12400f.html
2026-06-29,Procesor,Intel Core i7-12700KF,1099.0,,https://www.x-kom.pl/p/689604-procesor-intel-core-i7-intel-core-i7-12700kf.html
2026-06-29,Płyta główna,ASRock A520M-ITX/AC,429.0,,https://www.x-kom.pl/p/613677-plyta-glowna-socket-am4-asrock-a520m-itx-ac.html
2026-06-29,Płyta główna,ASUS TUF GAMING B850-PLUS WIFI,919.0,,https://www.x-kom.pl/p/1306481-plyta-glowna-socket-am5-asus-tuf-gaming-b850-plus-wifi.html
2026-06-29,Płyta główna,Gigabyte B650 EAGLE AX,469.0,,https://www.x-kom.pl/p/1226980-plyta-glowna-socket-am5-gigabyte-b650-eagle-ax.html
2026-06-29,Płyta główna,Gigabyte X870 AORUS ELITE WIFI7 ICE,1219.0,,https://www.x-kom.pl/p/1282691-plyta-glowna-socket-am5-gigabyte-x870-aorus-elite-wifi7-ice.html
2026-06-29,Płyta główna,MSI B550 GAMING WIFI,615.0,,https://www.x-kom.pl/p/1480681-plyta-glowna-socket-am4-msi-b550-gaming-wifi.html
2026-06-30,Dysk,ADATA Dysk SSD External SD810 2TB USB3.2C 20Gb/s Srebrny,1349.0,,https://www.x-kom.pl/p/1211896-dysk-zewnetrzny-ssd-adata-dysk-ssd-external-sd810-2tb-usb32c-20gb-s-srebrny.html
2026-06-30,Dysk,Lexar 1TB M.2 PCIe Gen4 NVMe NM790,699.0,,https://www.x-kom.pl/p/1146134-dysk-ssd-lexar-1tb-m2-pcie-gen4-nvme-nm790.html
2026-06-30,Dysk,Samsung 2TB M.2 PCIe Gen5 NVMe 9100 PRO,2499.0,,https://www.x-kom.pl/p/1322624-dysk-ssd-samsung-2tb-m2-pcie-gen5-nvme-9100-pro.html
2026-06-30,Dysk,Seagate BARRACUDA 2TB 7200obr. 256MB,609.0,,https://www.x-kom.pl/p/461759-dysk-hdd-seagate-barracuda-2tb-7200obr-256mb.html
2026-06-30,Dysk,Synology HAT3320-8T 8TB Plus,2149.0,,https://www.x-kom.pl/p/1418298-dysk-hdd-synology-hat3320-8t-8tb-plus.html
2026-06-30,Karta graficzna,Gigabyte GeForce RTX 5070 Windforce OC 12GB GDDR7 DLSS4,2699.0,,https://www.x-kom.pl/p/1318534-karta-graficzna-nvidia-gigabyte-geforce-rtx-5070-windforce-oc-12gb-gddr7-dlss4.html
2026-06-30,Karta graficzna,Gigabyte GeForce RTX 5080 Windforce OC 16GB GDDR7 DLSS4,5999.0,,https://www.x-kom.pl/p/1309189-karta-graficzna-nvidia-gigabyte-geforce-rtx-5080-windforce-oc-16gb-gddr7-dlss4.html
2026-06-30,Karta graficzna,Gigabyte Radeon RX 9060 XT Gaming OC 16GB GDDR6,2099.0,,https://www.x-kom.pl/p/1339802-karta-graficzna-amd-gigabyte-radeon-rx-9060-xt-gaming-oc-16gb-gddr6.html
2026-06-30,Karta graficzna,MSI GeForce RTX 5090 Gaming Trio OC 32GB GDDR7 DLSS4,18999.0,,https://www.x-kom.pl/p/1314559-karta-graficzna-nvidia-msi-geforce-rtx-5090-gaming-trio-oc-32gb-gddr7-dlss4.html
2026-06-30,Karta graficzna,PowerColor Radeon RX 7600 Fighter 8GB V2 GDDR6,1249.0,,https://www.x-kom.pl/p/1368326-karta-graficzna-amd-powercolor-radeon-rx-7600-fighter-8gb-v2-gddr6.html
2026-06-30,Pamięć RAM,Corsair 16GB (2x8GB) 5600 CL40 Vengeance RGB,1259.0,,https://www.x-kom.pl/p/1486220-pamiec-ram-ddr5-corsair-16gb-2x8gb-5600-cl40-vengeance-rgb.html
2026-06-30,Pamięć RAM,G.SKILL 32GB (2x16GB) 3200MHz CL16 Aegis,1169.0,,https://www.x-kom.pl/p/539275-pamiec-ram-ddr4-gskill-32gb-2x16gb-3200mhz-cl16-aegis.html
2026-06-30,Pamięć RAM,GOODRAM 8GB (1x8GB) 1600MHz CL11,209.0,,https://www.x-kom.pl/p/420909-pamiec-ram-sodimm-ddr3-goodram-8gb-1x8gb-1600mhz-cl11.html
2026-06-30,Pamięć RAM,Kingston FURY 16GB (2x8GB) 3200MHz CL16 Beast Black,729.0,,https://www.x-kom.pl/p/667295-pamiec-ram-ddr4-kingston-fury-16gb-2x8gb-3200mhz-cl16-beast-black.html
2026-06-30,Pamięć RAM,Patriot 32GB (2x16GB) 6000MT/s CL30 Venom,1759.0,,https://www.x-kom.pl/p/1258925-pamiec-ram-ddr5-patriot-32gb-2x16gb-6000mt-s-cl30-venom.html
2026-06-30,Procesor,AMD Ryzen 7 5800X,919.0,,https://www.x-kom.pl/p/597430-procesor-amd-ryzen-7-amd-ryzen-7-5800x.html
2026-06-30,Procesor,AMD Ryzen 7 9800X3D,1799.0,,https://www.x-kom.pl/p/1292320-procesor-amd-ryzen-7-amd-ryzen-7-9800x3d.html
2026-06-30,Procesor,AMD Ryzen Threadripper PRO 9995WX,51399.0,,https://www.x-kom.pl/p/1352192-procesor-amd-threadripper-amd-ryzen-threadripper-pro-9995wx.html
2026-06-30,Procesor,Intel Core i5-12400F,759.0,,https://www.x-kom.pl/p/702238-procesory-intel-core-i5-intel-core-i5-12400f.html
2026-06-30,Procesor,Intel Core i7-12700KF,1099.0,,https://www.x-kom.pl/p/689604-procesor-intel-core-i7-intel-core-i7-12700kf.html
2026-06-30,Płyta główna,ASRock A520M-ITX/AC,429.0,,https://www.x-kom.pl/p/613677-plyta-glowna-socket-am4-asrock-a520m-itx-ac.html
2026-06-30,Płyta główna,ASUS TUF GAMING B850-PLUS WIFI,919.0,,https://www.x-kom.pl/p/1306481-plyta-glowna-socket-am5-asus-tuf-gaming-b850-plus-wifi.html
2026-06-30,Płyta główna,Gigabyte B650 EAGLE AX,535.0,,https://www.x-kom.pl/p/1226980-plyta-glowna-socket-am5-gigabyte-b650-eagle-ax.html
2026-06-30,Płyta główna,Gigabyte X870 AORUS ELITE WIFI7 ICE,1229.0,,https://www.x-kom.pl/p/1282691-plyta-glowna-socket-am5-gigabyte-x870-aorus-elite-wifi7-ice.html
2026-06-30,Płyta główna,MSI B550 GAMING WIFI,615.0,,https://www.x-kom.pl/p/1480681-plyta-glowna-socket-am4-msi-b550-gaming-wifi.html
2026-07-01,Dysk,ADATA Dysk SSD External SD810 2TB USB3.2C 20Gb/s Srebrny,1349.0,,https://www.x-kom.pl/p/1211896-dysk-zewnetrzny-ssd-adata-dysk-ssd-external-sd810-2tb-usb32c-20gb-s-srebrny.html
2026-07-01,Dysk,Lexar 1TB M.2 PCIe Gen4 NVMe NM790,699.0,,https://www.x-kom.pl/p/1146134-dysk-ssd-lexar-1tb-m2-pcie-gen4-nvme-nm790.html
2026-07-01,Dysk,Samsung 2TB M.2 PCIe Gen5 NVMe 9100 PRO,2499.0,,https://www.x-kom.pl/p/1322624-dysk-ssd-samsung-2tb-m2-pcie-gen5-nvme-9100-pro.html
2026-07-01,Dysk,Seagate BARRACUDA 2TB 7200obr. 256MB,609.0,,https://www.x-kom.pl/p/461759-dysk-hdd-seagate-barracuda-2tb-7200obr-256mb.html
2026-07-01,Dysk,Synology HAT3320-8T 8TB Plus,2149.0,,https://www.x-kom.pl/p/1418298-dysk-hdd-synology-hat3320-8t-8tb-plus.html
2026-07-01,Karta graficzna,Gigabyte GeForce RTX 5070 Windforce OC 12GB GDDR7 DLSS4,2699.0,,https://www.x-kom.pl/p/1318534-karta-graficzna-nvidia-gigabyte-geforce-rtx-5070-windforce-oc-12gb-gddr7-dlss4.html
2026-07-01,Karta graficzna,Gigabyte GeForce RTX 5080 Windforce OC 16GB GDDR7 DLSS4,5999.0,,https://www.x-kom.pl/p/1309189-karta-graficzna-nvidia-gigabyte-geforce-rtx-5080-windforce-oc-16gb-gddr7-dlss4.html
2026-07-01,Karta graficzna,Gigabyte Radeon RX 9060 XT Gaming OC 16GB GDDR6,2099.0,,https://www.x-kom.pl/p/1339802-karta-graficzna-amd-gigabyte-radeon-rx-9060-xt-gaming-oc-16gb-gddr6.html
2026-07-01,Karta graficzna,MSI GeForce RTX 5090 Gaming Trio OC 32GB GDDR7 DLSS4,18999.0,,https://www.x-kom.pl/p/1314559-karta-graficzna-nvidia-msi-geforce-rtx-5090-gaming-trio-oc-32gb-gddr7-dlss4.html
2026-07-01,Karta graficzna,PowerColor Radeon RX 7600 Fighter 8GB V2 GDDR6,1249.0,,https://www.x-kom.pl/p/1368326-karta-graficzna-amd-powercolor-radeon-rx-7600-fighter-8gb-v2-gddr6.html
2026-07-01,Pamięć RAM,Corsair 16GB (2x8GB) 5600 CL40 Vengeance RGB,1259.0,,https://www.x-kom.pl/p/1486220-pamiec-ram-ddr5-corsair-16gb-2x8gb-5600-cl40-vengeance-rgb.html
2026-07-01,Pamięć RAM,G.SKILL 32GB (2x16GB) 3200MHz CL16 Aegis,1169.0,,https://www.x-kom.pl/p/539275-pamiec-ram-ddr4-gskill-32gb-2x16gb-3200mhz-cl16-aegis.html
2026-07-01,Pamięć RAM,GOODRAM 8GB (1x8GB) 1600MHz CL11,209.0,,https://www.x-kom.pl/p/420909-pamiec-ram-sodimm-ddr3-goodram-8gb-1x8gb-1600mhz-cl11.html
2026-07-01,Pamięć RAM,Kingston FURY 16GB (2x8GB) 3200MHz CL16 Beast Black,729.0,,https://www.x-kom.pl/p/667295-pamiec-ram-ddr4-kingston-fury-16gb-2x8gb-3200mhz-cl16-beast-black.html
2026-07-01,Pamięć RAM,Patriot 32GB (2x16GB) 6000MT/s CL30 Venom,1759.0,,https://www.x-kom.pl/p/1258925-pamiec-ram-ddr5-patriot-32gb-2x16gb-6000mt-s-cl30-venom.html
2026-07-01,Procesor,AMD Ryzen 7 5800X,919.0,,https://www.x-kom.pl/p/597430-procesor-amd-ryzen-7-amd-ryzen-7-5800x.html
2026-07-01,Procesor,AMD Ryzen 7 9800X3D,1799.0,,https://www.x-kom.pl/p/1292320-procesor-amd-ryzen-7-amd-ryzen-7-9800x3d.html
2026-07-01,Procesor,AMD Ryzen Threadripper PRO 9995WX,51399.0,,https://www.x-kom.pl/p/1352192-procesor-amd-threadripper-amd-ryzen-threadripper-pro-9995wx.html
2026-07-01,Procesor,Intel Core i5-12400F,759.0,,https://www.x-kom.pl/p/702238-procesory-intel-core-i5-intel-core-i5-12400f.html
2026-07-01,Procesor,Intel Core i7-12700KF,1099.0,,https://www.x-kom.pl/p/689604-procesor-intel-core-i7-intel-core-i7-12700kf.html
2026-07-01,Płyta główna,ASRock A520M-ITX/AC,429.0,,https://www.x-kom.pl/p/613677-plyta-glowna-socket-am4-asrock-a520m-itx-ac.html
2026-07-01,Płyta główna,ASUS TUF GAMING B850-PLUS WIFI,919.0,,https://www.x-kom.pl/p/1306481-plyta-glowna-socket-am5-asus-tuf-gaming-b850-plus-wifi.html
2026-07-01,Płyta główna,Gigabyte B650 EAGLE AX,535.0,,https://www.x-kom.pl/p/1226980-plyta-glowna-socket-am5-gigabyte-b650-eagle-ax.html
2026-07-01,Płyta główna,Gigabyte X870 AORUS ELITE WIFI7 ICE,1229.0,,https://www.x-kom.pl/p/1282691-plyta-glowna-socket-am5-gigabyte-x870-aorus-elite-wifi7-ice.html
2026-07-01,Płyta główna,MSI B550 GAMING WIFI,615.0,,https://www.x-kom.pl/p/1480681-plyta-glowna-socket-am4-msi-b550-gaming-wifi.html
2026-07-06,Dysk,ADATA Dysk SSD External SD810 2TB USB3.2C 20Gb/s Srebrny,1349.0,,https://www.x-kom.pl/p/1211896-dysk-zewnetrzny-ssd-adata-dysk-ssd-external-sd810-2tb-usb32c-20gb-s-srebrny.html
2026-07-06,Dysk,Lexar 1TB M.2 PCIe Gen4 NVMe NM790,719.0,,https://www.x-kom.pl/p/1146134-dysk-ssd-lexar-1tb-m2-pcie-gen4-nvme-nm790.html
2026-07-06,Dysk,Samsung 2TB M.2 PCIe Gen5 NVMe 9100 PRO,2499.0,,https://www.x-kom.pl/p/1322624-dysk-ssd-samsung-2tb-m2-pcie-gen5-nvme-9100-pro.html
2026-07-06,Dysk,Seagate BARRACUDA 2TB 7200obr. 256MB,569.0,,https://www.x-kom.pl/p/461759-dysk-hdd-seagate-barracuda-2tb-7200obr-256mb.html
2026-07-06,Dysk,Synology HAT3320-8T 8TB Plus,2149.0,,https://www.x-kom.pl/p/1418298-dysk-hdd-synology-hat3320-8t-8tb-plus.html
2026-07-06,Karta graficzna,Gigabyte GeForce RTX 5070 Windforce OC 12GB GDDR7 DLSS4,2799.0,,https://www.x-kom.pl/p/1318534-karta-graficzna-nvidia-gigabyte-geforce-rtx-5070-windforce-oc-12gb-gddr7-dlss4.html
2026-07-06,Karta graficzna,Gigabyte GeForce RTX 5080 Windforce OC 16GB GDDR7 DLSS4,5999.0,,https://www.x-kom.pl/p/1309189-karta-graficzna-nvidia-gigabyte-geforce-rtx-5080-windforce-oc-16gb-gddr7-dlss4.html
2026-07-06,Karta graficzna,Gigabyte Radeon RX 9060 XT Gaming OC 16GB GDDR6,2099.0,Zobacz produkty,https://www.x-kom.pl/p/1339802-karta-graficzna-amd-gigabyte-radeon-rx-9060-xt-gaming-oc-16gb-gddr6.html
2026-07-06,Karta graficzna,MSI GeForce RTX 5090 Gaming Trio OC 32GB GDDR7 DLSS4,18999.0,,https://www.x-kom.pl/p/1314559-karta-graficzna-nvidia-msi-geforce-rtx-5090-gaming-trio-oc-32gb-gddr7-dlss4.html
2026-07-06,Karta graficzna,PowerColor Radeon RX 7600 Fighter 8GB V2 GDDR6,1249.0,,https://www.x-kom.pl/p/1368326-karta-graficzna-amd-powercolor-radeon-rx-7600-fighter-8gb-v2-gddr6.html
2026-07-06,Pamięć RAM,Corsair 16GB (2x8GB) 5600 CL40 Vengeance RGB,1259.0,,https://www.x-kom.pl/p/1486220-pamiec-ram-ddr5-corsair-16gb-2x8gb-5600-cl40-vengeance-rgb.html
2026-07-06,Pamięć RAM,G.SKILL 32GB (2x16GB) 3200MHz CL16 Aegis,1169.0,,https://www.x-kom.pl/p/539275-pamiec-ram-ddr4-gskill-32gb-2x16gb-3200mhz-cl16-aegis.html
2026-07-06,Pamięć RAM,GOODRAM 8GB (1x8GB) 1600MHz CL11,209.0,,https://www.x-kom.pl/p/420909-pamiec-ram-sodimm-ddr3-goodram-8gb-1x8gb-1600mhz-cl11.html
2026-07-06,Pamięć RAM,Kingston FURY 16GB (2x8GB) 3200MHz CL16 Beast Black,739.0,,https://www.x-kom.pl/p/667295-pamiec-ram-ddr4-kingston-fury-16gb-2x8gb-3200mhz-cl16-beast-black.html
2026-07-06,Pamięć RAM,Patriot 32GB (2x16GB) 6000MT/s CL30 Venom,1759.0,,https://www.x-kom.pl/p/1258925-pamiec-ram-ddr5-patriot-32gb-2x16gb-6000mt-s-cl30-venom.html
2026-07-06,Procesor,AMD Ryzen 7 5800X,949.0,,https://www.x-kom.pl/p/597430-procesor-amd-ryzen-7-amd-ryzen-7-5800x.html
2026-07-06,Procesor,AMD Ryzen 7 9800X3D,1799.0,,https://www.x-kom.pl/p/1292320-procesor-amd-ryzen-7-amd-ryzen-7-9800x3d.html
2026-07-06,Procesor,AMD Ryzen Threadripper PRO 9995WX,51399.0,,https://www.x-kom.pl/p/1352192-procesor-amd-threadripper-amd-ryzen-threadripper-pro-9995wx.html
2026-07-06,Procesor,Intel Core i5-12400F,679.0,,https://www.x-kom.pl/p/702238-procesory-intel-core-i5-intel-core-i5-12400f.html
2026-07-06,Procesor,Intel Core i7-12700KF,1099.0,,https://www.x-kom.pl/p/689604-procesor-intel-core-i7-intel-core-i7-12700kf.html
2026-07-06,Płyta główna,ASRock A520M-ITX/AC,439.0,,https://www.x-kom.pl/p/613677-plyta-glowna-socket-am4-asrock-a520m-itx-ac.html
2026-07-06,Płyta główna,ASUS TUF GAMING B850-PLUS WIFI,885.0,,https://www.x-kom.pl/p/1306481-plyta-glowna-socket-am5-asus-tuf-gaming-b850-plus-wifi.html
2026-07-06,Płyta główna,Gigabyte B650 EAGLE AX,535.0,,https://www.x-kom.pl/p/1226980-plyta-glowna-socket-am5-gigabyte-b650-eagle-ax.html
2026-07-06,Płyta główna,Gigabyte X870 AORUS ELITE WIFI7 ICE,1199.0,,https://www.x-kom.pl/p/1282691-plyta-glowna-socket-am5-gigabyte-x870-aorus-elite-wifi7-ice.html
2026-07-06,Płyta główna,MSI B550 GAMING WIFI,599.0,,https://www.x-kom.pl/p/1480681-plyta-glowna-socket-am4-msi-b550-gaming-wifi.html
2026-07-07,Dysk,ADATA Dysk SSD External SD810 2TB USB3.2C 20Gb/s Srebrny,1349.0,,https://www.x-kom.pl/p/1211896-dysk-zewnetrzny-ssd-adata-dysk-ssd-external-sd810-2tb-usb32c-20gb-s-srebrny.html
2026-07-07,Dysk,Lexar 1TB M.2 PCIe Gen4 NVMe NM790,719.0,,https://www.x-kom.pl/p/1146134-dysk-ssd-lexar-1tb-m2-pcie-gen4-nvme-nm790.html
2026-07-07,Dysk,Samsung 2TB M.2 PCIe Gen5 NVMe 9100 PRO,2499.0,,https://www.x-kom.pl/p/1322624-dysk-ssd-samsung-2tb-m2-pcie-gen5-nvme-9100-pro.html
2026-07-07,Dysk,Seagate BARRACUDA 2TB 7200obr. 256MB,569.0,,https://www.x-kom.pl/p/461759-dysk-hdd-seagate-barracuda-2tb-7200obr-256mb.html
2026-07-07,Dysk,Synology HAT3320-8T 8TB Plus,2149.0,,https://www.x-kom.pl/p/1418298-dysk-hdd-synology-hat3320-8t-8tb-plus.html
2026-07-07,Karta graficzna,Gigabyte GeForce RTX 5070 Windforce OC 12GB GDDR7 DLSS4,2799.0,,https://www.x-kom.pl/p/1318534-karta-graficzna-nvidia-gigabyte-geforce-rtx-5070-windforce-oc-12gb-gddr7-dlss4.html
2026-07-07,Karta graficzna,Gigabyte GeForce RTX 5080 Windforce OC 16GB GDDR7 DLSS4,5999.0,,https://www.x-kom.pl/p/1309189-karta-graficzna-nvidia-gigabyte-geforce-rtx-5080-windforce-oc-16gb-gddr7-dlss4.html
2026-07-07,Karta graficzna,Gigabyte Radeon RX 9060 XT Gaming OC 16GB GDDR6,2099.0,,https://www.x-kom.pl/p/1339802-karta-graficzna-amd-gigabyte-radeon-rx-9060-xt-gaming-oc-16gb-gddr6.html
2026-07-07,Karta graficzna,MSI GeForce RTX 5090 Gaming Trio OC 32GB GDDR7 DLSS4,18999.0,,https://www.x-kom.pl/p/1314559-karta-graficzna-nvidia-msi-geforce-rtx-5090-gaming-trio-oc-32gb-gddr7-dlss4.html
2026-07-07,Karta graficzna,PowerColor Radeon RX 7600 Fighter 8GB V2 GDDR6,1249.0,,https://www.x-kom.pl/p/1368326-karta-graficzna-amd-powercolor-radeon-rx-7600-fighter-8gb-v2-gddr6.html
2026-07-07,Pamięć RAM,Corsair 16GB (2x8GB) 5600 CL40 Vengeance RGB,1259.0,,https://www.x-kom.pl/p/1486220-pamiec-ram-ddr5-corsair-16gb-2x8gb-5600-cl40-vengeance-rgb.html
2026-07-07,Pamięć RAM,G.SKILL 32GB (2x16GB) 3200MHz CL16 Aegis,1169.0,,https://www.x-kom.pl/p/539275-pamiec-ram-ddr4-gskill-32gb-2x16gb-3200mhz-cl16-aegis.html
2026-07-07,Pamięć RAM,GOODRAM 8GB (1x8GB) 1600MHz CL11,209.0,,https://www.x-kom.pl/p/420909-pamiec-ram-sodimm-ddr3-goodram-8gb-1x8gb-1600mhz-cl11.html
2026-07-07,Pamięć RAM,Kingston FURY 16GB (2x8GB) 3200MHz CL16 Beast Black,739.0,,https://www.x-kom.pl/p/667295-pamiec-ram-ddr4-kingston-fury-16gb-2x8gb-3200mhz-cl16-beast-black.html
2026-07-07,Pamięć RAM,Patriot 32GB (2x16GB) 6000MT/s CL30 Venom,1759.0,,https://www.x-kom.pl/p/1258925-pamiec-ram-ddr5-patriot-32gb-2x16gb-6000mt-s-cl30-venom.html
2026-07-07,Procesor,AMD Ryzen 7 5800X,949.0,,https://www.x-kom.pl/p/597430-procesor-amd-ryzen-7-amd-ryzen-7-5800x.html
2026-07-07,Procesor,AMD Ryzen 7 9800X3D,1799.0,,https://www.x-kom.pl/p/1292320-procesor-amd-ryzen-7-amd-ryzen-7-9800x3d.html
2026-07-07,Procesor,AMD Ryzen Threadripper PRO 9995WX,51399.0,,https://www.x-kom.pl/p/1352192-procesor-amd-threadripper-amd-ryzen-threadripper-pro-9995wx.html
2026-07-07,Procesor,Intel Core i5-12400F,679.0,,https://www.x-kom.pl/p/702238-procesory-intel-core-i5-intel-core-i5-12400f.html
2026-07-07,Procesor,Intel Core i7-12700KF,1099.0,,https://www.x-kom.pl/p/689604-procesor-intel-core-i7-intel-core-i7-12700kf.html
2026-07-07,Płyta główna,ASRock A520M-ITX/AC,439.0,,https://www.x-kom.pl/p/613677-plyta-glowna-socket-am4-asrock-a520m-itx-ac.html
2026-07-07,Płyta główna,ASUS TUF GAMING B850-PLUS WIFI,885.0,,https://www.x-kom.pl/p/1306481-plyta-glowna-socket-am5-asus-tuf-gaming-b850-plus-wifi.html
2026-07-07,Płyta główna,Gigabyte B650 EAGLE AX,535.0,,https://www.x-kom.pl/p/1226980-plyta-glowna-socket-am5-gigabyte-b650-eagle-ax.html
2026-07-07,Płyta główna,Gigabyte X870 AORUS ELITE WIFI7 ICE,1199.0,,https://www.x-kom.pl/p/1282691-plyta-glowna-socket-am5-gigabyte-x870-aorus-elite-wifi7-ice.html
2026-07-07,Płyta główna,MSI B550 GAMING WIFI,599.0,,https://www.x-kom.pl/p/1480681-plyta-glowna-socket-am4-msi-b550-gaming-wifi.html
2026-07-08,Dysk,ADATA Dysk SSD External SD810 2TB USB3.2C 20Gb/s Srebrny,1349.0,,https://www.x-kom.pl/p/1211896-dysk-zewnetrzny-ssd-adata-dysk-ssd-external-sd810-2tb-usb32c-20gb-s-srebrny.html
2026-07-08,Dysk,Lexar 1TB M.2 PCIe Gen4 NVMe NM790,719.0,,https://www.x-kom.pl/p/1146134-dysk-ssd-lexar-1tb-m2-pcie-gen4-nvme-nm790.html
2026-07-08,Dysk,Samsung 2TB M.2 PCIe Gen5 NVMe 9100 PRO,2499.0,,https://www.x-kom.pl/p/1322624-dysk-ssd-samsung-2tb-m2-pcie-gen5-nvme-9100-pro.html
2026-07-08,Dysk,Seagate BARRACUDA 2TB 7200obr. 256MB,569.0,,https://www.x-kom.pl/p/461759-dysk-hdd-seagate-barracuda-2tb-7200obr-256mb.html
2026-07-08,Dysk,Synology HAT3320-8T 8TB Plus,2149.0,,https://www.x-kom.pl/p/1418298-dysk-hdd-synology-hat3320-8t-8tb-plus.html
2026-07-08,Karta graficzna,Gigabyte GeForce RTX 5070 Windforce OC 12GB GDDR7 DLSS4,2799.0,,https://www.x-kom.pl/p/1318534-karta-graficzna-nvidia-gigabyte-geforce-rtx-5070-windforce-oc-12gb-gddr7-dlss4.html
2026-07-08,Karta graficzna,Gigabyte GeForce RTX 5080 Windforce OC 16GB GDDR7 DLSS4,5999.0,,https://www.x-kom.pl/p/1309189-karta-graficzna-nvidia-gigabyte-geforce-rtx-5080-windforce-oc-16gb-gddr7-dlss4.html
2026-07-08,Karta graficzna,Gigabyte Radeon RX 9060 XT Gaming OC 16GB GDDR6,2099.0,,https://www.x-kom.pl/p/1339802-karta-graficzna-amd-gigabyte-radeon-rx-9060-xt-gaming-oc-16gb-gddr6.html
2026-07-08,Karta graficzna,MSI GeForce RTX 5090 Gaming Trio OC 32GB GDDR7 DLSS4,18999.0,,https://www.x-kom.pl/p/1314559-karta-graficzna-nvidia-msi-geforce-rtx-5090-gaming-trio-oc-32gb-gddr7-dlss4.html
2026-07-08,Karta graficzna,PowerColor Radeon RX 7600 Fighter 8GB V2 GDDR6,1249.0,,https://www.x-kom.pl/p/1368326-karta-graficzna-amd-powercolor-radeon-rx-7600-fighter-8gb-v2-gddr6.html
2026-07-08,Pamięć RAM,Corsair 16GB (2x8GB) 5600 CL40 Vengeance RGB,1259.0,,https://www.x-kom.pl/p/1486220-pamiec-ram-ddr5-corsair-16gb-2x8gb-5600-cl40-vengeance-rgb.html
2026-07-08,Pamięć RAM,G.SKILL 32GB (2x16GB) 3200MHz CL16 Aegis,1169.0,,https://www.x-kom.pl/p/539275-pamiec-ram-ddr4-gskill-32gb-2x16gb-3200mhz-cl16-aegis.html
2026-07-08,Pamięć RAM,GOODRAM 8GB (1x8GB) 1600MHz CL11,209.0,,https://www.x-kom.pl/p/420909-pamiec-ram-sodimm-ddr3-goodram-8gb-1x8gb-1600mhz-cl11.html
2026-07-08,Pamięć RAM,Kingston FURY 16GB (2x8GB) 3200MHz CL16 Beast Black,739.0,,https://www.x-kom.pl/p/667295-pamiec-ram-ddr4-kingston-fury-16gb-2x8gb-3200mhz-cl16-beast-black.html
2026-07-08,Pamięć RAM,Patriot 32GB (2x16GB) 6000MT/s CL30 Venom,1759.0,,https://www.x-kom.pl/p/1258925-pamiec-ram-ddr5-patriot-32gb-2x16gb-6000mt-s-cl30-venom.html
2026-07-08,Procesor,AMD Ryzen 7 5800X,949.0,,https://www.x-kom.pl/p/597430-procesor-amd-ryzen-7-amd-ryzen-7-5800x.html
2026-07-08,Procesor,AMD Ryzen 7 9800X3D,1799.0,,https://www.x-kom.pl/p/1292320-procesor-amd-ryzen-7-amd-ryzen-7-9800x3d.html
2026-07-08,Procesor,AMD Ryzen Threadripper PRO 9995WX,51399.0,,https://www.x-kom.pl/p/1352192-procesor-amd-threadripper-amd-ryzen-threadripper-pro-9995wx.html
2026-07-08,Procesor,Intel Core i5-12400F,679.0,,https://www.x-kom.pl/p/702238-procesory-intel-core-i5-intel-core-i5-12400f.html
2026-07-08,Procesor,Intel Core i7-12700KF,1099.0,,https://www.x-kom.pl/p/689604-procesor-intel-core-i7-intel-core-i7-12700kf.html
2026-07-08,Płyta główna,ASRock A520M-ITX/AC,439.0,,https://www.x-kom.pl/p/613677-plyta-glowna-socket-am4-asrock-a520m-itx-ac.html
2026-07-08,Płyta główna,ASUS TUF GAMING B850-PLUS WIFI,885.0,,https://www.x-kom.pl/p/1306481-plyta-glowna-socket-am5-asus-tuf-gaming-b850-plus-wifi.html
2026-07-08,Płyta główna,Gigabyte B650 EAGLE AX,535.0,,https://www.x-kom.pl/p/1226980-plyta-glowna-socket-am5-gigabyte-b650-eagle-ax.html
2026-07-08,Płyta główna,Gigabyte X870 AORUS ELITE WIFI7 ICE,1199.0,,https://www.x-kom.pl/p/1282691-plyta-glowna-socket-am5-gigabyte-x870-aorus-elite-wifi7-ice.html
2026-07-08,Płyta główna,MSI B550 GAMING WIFI,599.0,,https://www.x-kom.pl/p/1480681-plyta-glowna-socket-am4-msi-b550-gaming-wifi.html
2026-07-09,Dysk,ADATA Dysk SSD External SD810 2TB USB3.2C 20Gb/s Srebrny,1349.0,,https://www.x-kom.pl/p/1211896-dysk-zewnetrzny-ssd-adata-dysk-ssd-external-sd810-2tb-usb32c-20gb-s-srebrny.html
2026-07-09,Dysk,Lexar 1TB M.2 PCIe Gen4 NVMe NM790,719.0,,https://www.x-kom.pl/p/1146134-dysk-ssd-lexar-1tb-m2-pcie-gen4-nvme-nm790.html
2026-07-09,Dysk,Samsung 2TB M.2 PCIe Gen5 NVMe 9100 PRO,2499.0,,https://www.x-kom.pl/p/1322624-dysk-ssd-samsung-2tb-m2-pcie-gen5-nvme-9100-pro.html
2026-07-09,Dysk,Seagate BARRACUDA 2TB 7200obr. 256MB,569.0,,https://www.x-kom.pl/p/461759-dysk-hdd-seagate-barracuda-2tb-7200obr-256mb.html
2026-07-09,Dysk,Synology HAT3320-8T 8TB Plus,2149.0,,https://www.x-kom.pl/p/1418298-dysk-hdd-synology-hat3320-8t-8tb-plus.html
2026-07-09,Karta graficzna,Gigabyte GeForce RTX 5070 Windforce OC 12GB GDDR7 DLSS4,2799.0,,https://www.x-kom.pl/p/1318534-karta-graficzna-nvidia-gigabyte-geforce-rtx-5070-windforce-oc-12gb-gddr7-dlss4.html
2026-07-09,Karta graficzna,Gigabyte GeForce RTX 5080 Windforce OC 16GB GDDR7 DLSS4,5999.0,,https://www.x-kom.pl/p/1309189-karta-graficzna-nvidia-gigabyte-geforce-rtx-5080-windforce-oc-16gb-gddr7-dlss4.html
2026-07-09,Karta graficzna,Gigabyte Radeon RX 9060 XT Gaming OC 16GB GDDR6,2099.0,Zobacz produkty,https://www.x-kom.pl/p/1339802-karta-graficzna-amd-gigabyte-radeon-rx-9060-xt-gaming-oc-16gb-gddr6.html
2026-07-09,Karta graficzna,MSI GeForce RTX 5090 Gaming Trio OC 32GB GDDR7 DLSS4,18999.0,,https://www.x-kom.pl/p/1314559-karta-graficzna-nvidia-msi-geforce-rtx-5090-gaming-trio-oc-32gb-gddr7-dlss4.html
2026-07-09,Karta graficzna,PowerColor Radeon RX 7600 Fighter 8GB V2 GDDR6,1249.0,Zobacz produkty,https://www.x-kom.pl/p/1368326-karta-graficzna-amd-powercolor-radeon-rx-7600-fighter-8gb-v2-gddr6.html
2026-07-09,Pamięć RAM,Corsair 16GB (2x8GB) 5600 CL40 Vengeance RGB,1259.0,,https://www.x-kom.pl/p/1486220-pamiec-ram-ddr5-corsair-16gb-2x8gb-5600-cl40-vengeance-rgb.html
2026-07-09,Pamięć RAM,G.SKILL 32GB (2x16GB) 3200MHz CL16 Aegis,1169.0,,https://www.x-kom.pl/p/539275-pamiec-ram-ddr4-gskill-32gb-2x16gb-3200mhz-cl16-aegis.html
2026-07-09,Pamięć RAM,GOODRAM 8GB (1x8GB) 1600MHz CL11,209.0,,https://www.x-kom.pl/p/420909-pamiec-ram-sodimm-ddr3-goodram-8gb-1x8gb-1600mhz-cl11.html
2026-07-09,Pamięć RAM,Kingston FURY 16GB (2x8GB) 3200MHz CL16 Beast Black,739.0,,https://www.x-kom.pl/p/667295-pamiec-ram-ddr4-kingston-fury-16gb-2x8gb-3200mhz-cl16-beast-black.html
2026-07-09,Pamięć RAM,Patriot 32GB (2x16GB) 6000MT/s CL30 Venom,1759.0,,https://www.x-kom.pl/p/1258925-pamiec-ram-ddr5-patriot-32gb-2x16gb-6000mt-s-cl30-venom.html
2026-07-09,Procesor,AMD Ryzen 7 5800X,949.0,,https://www.x-kom.pl/p/597430-procesor-amd-ryzen-7-amd-ryzen-7-5800x.html
2026-07-09,Procesor,AMD Ryzen 7 9800X3D,1799.0,,https://www.x-kom.pl/p/1292320-procesor-amd-ryzen-7-amd-ryzen-7-9800x3d.html
2026-07-09,Procesor,AMD Ryzen Threadripper PRO 9995WX,51399.0,,https://www.x-kom.pl/p/1352192-procesor-amd-threadripper-amd-ryzen-threadripper-pro-9995wx.html
2026-07-09,Procesor,Intel Core i5-12400F,679.0,,https://www.x-kom.pl/p/702238-procesory-intel-core-i5-intel-core-i5-12400f.html
2026-07-09,Procesor,Intel Core i7-12700KF,1099.0,,https://www.x-kom.pl/p/689604-procesor-intel-core-i7-intel-core-i7-12700kf.html
2026-07-09,Płyta główna,ASRock A520M-ITX/AC,439.0,,https://www.x-kom.pl/p/613677-plyta-glowna-socket-am4-asrock-a520m-itx-ac.html
2026-07-09,Płyta główna,ASUS TUF GAMING B850-PLUS WIFI,885.0,,https://www.x-kom.pl/p/1306481-plyta-glowna-socket-am5-asus-tuf-gaming-b850-plus-wifi.html
2026-07-09,Płyta główna,Gigabyte B650 EAGLE AX,535.0,,https://www.x-kom.pl/p/1226980-plyta-glowna-socket-am5-gigabyte-b650-eagle-ax.html
2026-07-09,Płyta główna,Gigabyte X870 AORUS ELITE WIFI7 ICE,1199.0,,https://www.x-kom.pl/p/1282691-plyta-glowna-socket-am5-gigabyte-x870-aorus-elite-wifi7-ice.html
2026-07-09,Płyta główna,MSI B550 GAMING WIFI,599.0,,https://www.x-kom.pl/p/1480681-plyta-glowna-socket-am4-msi-b550-gaming-wifi.html
2026-07-10,Dysk,ADATA Dysk SSD External SD810 2TB USB3.2C 20Gb/s Srebrny,1349.0,,https://www.x-kom.pl/p/1211896-dysk-zewnetrzny-ssd-adata-dysk-ssd-external-sd810-2tb-usb32c-20gb-s-srebrny.html
2026-07-10,Dysk,Lexar 1TB M.2 PCIe Gen4 NVMe NM790,719.0,,https://www.x-kom.pl/p/1146134-dysk-ssd-lexar-1tb-m2-pcie-gen4-nvme-nm790.html
2026-07-10,Dysk,Samsung 2TB M.2 PCIe Gen5 NVMe 9100 PRO,2499.0,,https://www.x-kom.pl/p/1322624-dysk-ssd-samsung-2tb-m2-pcie-gen5-nvme-9100-pro.html
2026-07-10,Dysk,Seagate BARRACUDA 2TB 7200obr. 256MB,569.0,,https://www.x-kom.pl/p/461759-dysk-hdd-seagate-barracuda-2tb-7200obr-256mb.html
2026-07-10,Dysk,Synology HAT3320-8T 8TB Plus,2149.0,,https://www.x-kom.pl/p/1418298-dysk-hdd-synology-hat3320-8t-8tb-plus.html
2026-07-10,Karta graficzna,Gigabyte GeForce RTX 5070 Windforce OC 12GB GDDR7 DLSS4,2799.0,,https://www.x-kom.pl/p/1318534-karta-graficzna-nvidia-gigabyte-geforce-rtx-5070-windforce-oc-12gb-gddr7-dlss4.html
2026-07-10,Karta graficzna,Gigabyte GeForce RTX 5080 Windforce OC 16GB GDDR7 DLSS4,5999.0,,https://www.x-kom.pl/p/1309189-karta-graficzna-nvidia-gigabyte-geforce-rtx-5080-windforce-oc-16gb-gddr7-dlss4.html
2026-07-10,Karta graficzna,Gigabyte Radeon RX 9060 XT Gaming OC 16GB GDDR6,2099.0,,https://www.x-kom.pl/p/1339802-karta-graficzna-amd-gigabyte-radeon-rx-9060-xt-gaming-oc-16gb-gddr6.html
2026-07-10,Karta graficzna,MSI GeForce RTX 5090 Gaming Trio OC 32GB GDDR7 DLSS4,18999.0,,https://www.x-kom.pl/p/1314559-karta-graficzna-nvidia-msi-geforce-rtx-5090-gaming-trio-oc-32gb-gddr7-dlss4.html
2026-07-10,Karta graficzna,PowerColor Radeon RX 7600 Fighter 8GB V2 GDDR6,1249.0,,https://www.x-kom.pl/p/1368326-karta-graficzna-amd-powercolor-radeon-rx-7600-fighter-8gb-v2-gddr6.html
2026-07-10,Pamięć RAM,Corsair 16GB (2x8GB) 5600 CL40 Vengeance RGB,1259.0,,https://www.x-kom.pl/p/1486220-pamiec-ram-ddr5-corsair-16gb-2x8gb-5600-cl40-vengeance-rgb.html
2026-07-10,Pamięć RAM,G.SKILL 32GB (2x16GB) 3200MHz CL16 Aegis,1169.0,,https://www.x-kom.pl/p/539275-pamiec-ram-ddr4-gskill-32gb-2x16gb-3200mhz-cl16-aegis.html
2026-07-10,Pamięć RAM,GOODRAM 8GB (1x8GB) 1600MHz CL11,209.0,,https://www.x-kom.pl/p/420909-pamiec-ram-sodimm-ddr3-goodram-8gb-1x8gb-1600mhz-cl11.html
2026-07-10,Pamięć RAM,Kingston FURY 16GB (2x8GB) 3200MHz CL16 Beast Black,739.0,,https://www.x-kom.pl/p/667295-pamiec-ram-ddr4-kingston-fury-16gb-2x8gb-3200mhz-cl16-beast-black.html
2026-07-10,Pamięć RAM,Patriot 32GB (2x16GB) 6000MT/s CL30 Venom,1759.0,,https://www.x-kom.pl/p/1258925-pamiec-ram-ddr5-patriot-32gb-2x16gb-6000mt-s-cl30-venom.html
2026-07-10,Procesor,AMD Ryzen 7 5800X,949.0,,https://www.x-kom.pl/p/597430-procesor-amd-ryzen-7-amd-ryzen-7-5800x.html
2026-07-10,Procesor,AMD Ryzen 7 9800X3D,1799.0,,https://www.x-kom.pl/p/1292320-procesor-amd-ryzen-7-amd-ryzen-7-9800x3d.html
2026-07-10,Procesor,AMD Ryzen Threadripper PRO 9995WX,51399.0,,https://www.x-kom.pl/p/1352192-procesor-amd-threadripper-amd-ryzen-threadripper-pro-9995wx.html
2026-07-10,Procesor,Intel Core i5-12400F,679.0,,https://www.x-kom.pl/p/702238-procesory-intel-core-i5-intel-core-i5-12400f.html
2026-07-10,Procesor,Intel Core i7-12700KF,1099.0,,https://www.x-kom.pl/p/689604-procesor-intel-core-i7-intel-core-i7-12700kf.html
2026-07-10,Płyta główna,ASRock A520M-ITX/AC,439.0,,https://www.x-kom.pl/p/613677-plyta-glowna-socket-am4-asrock-a520m-itx-ac.html
2026-07-10,Płyta główna,ASUS TUF GAMING B850-PLUS WIFI,885.0,,https://www.x-kom.pl/p/1306481-plyta-glowna-socket-am5-asus-tuf-gaming-b850-plus-wifi.html
2026-07-10,Płyta główna,Gigabyte B650 EAGLE AX,535.0,,https://www.x-kom.pl/p/1226980-plyta-glowna-socket-am5-gigabyte-b650-eagle-ax.html
2026-07-10,Płyta główna,Gigabyte X870 AORUS ELITE WIFI7 ICE,1199.0,,https://www.x-kom.pl/p/1282691-plyta-glowna-socket-am5-gigabyte-x870-aorus-elite-wifi7-ice.html
2026-07-10,Płyta główna,MSI B550 GAMING WIFI,599.0,,https://www.x-kom.pl/p/1480681-plyta-glowna-socket-am4-msi-b550-gaming-wifi.html
2026-07-11,Dysk,ADATA Dysk SSD External SD810 2TB USB3.2C 20Gb/s Srebrny,1349.0,,https://www.x-kom.pl/p/1211896-dysk-zewnetrzny-ssd-adata-dysk-ssd-external-sd810-2tb-usb32c-20gb-s-srebrny.html
2026-07-11,Dysk,Lexar 1TB M.2 PCIe Gen4 NVMe NM790,719.0,,https://www.x-kom.pl/p/1146134-dysk-ssd-lexar-1tb-m2-pcie-gen4-nvme-nm790.html
2026-07-11,Dysk,Seagate BARRACUDA 2TB 7200obr. 256MB,569.0,,https://www.x-kom.pl/p/461759-dysk-hdd-seagate-barracuda-2tb-7200obr-256mb.html
2026-07-11,Dysk,Synology HAT3320-8T 8TB Plus,2149.0,,https://www.x-kom.pl/p/1418298-dysk-hdd-synology-hat3320-8t-8tb-plus.html
2026-07-11,Dysk,,0.0,,https://www.x-kom.pl/p/1322624-dysk-ssd-samsung-2tb-m2-pcie-gen5-nvme-9100-pro.html
2026-07-11,Karta graficzna,Gigabyte GeForce RTX 5070 Windforce OC 12GB GDDR7 DLSS4,2799.0,,https://www.x-kom.pl/p/1318534-karta-graficzna-nvidia-gigabyte-geforce-rtx-5070-windforce-oc-12gb-gddr7-dlss4.html
2026-07-11,Karta graficzna,Gigabyte GeForce RTX 5080 Windforce OC 16GB GDDR7 DLSS4,5999.0,,https://www.x-kom.pl/p/1309189-karta-graficzna-nvidia-gigabyte-geforce-rtx-5080-windforce-oc-16gb-gddr7-dlss4.html
2026-07-11,Karta graficzna,Gigabyte Radeon RX 9060 XT Gaming OC 16GB GDDR6,2099.0,,https://www.x-kom.pl/p/1339802-karta-graficzna-amd-gigabyte-radeon-rx-9060-xt-gaming-oc-16gb-gddr6.html
2026-07-11,Karta graficzna,MSI GeForce RTX 5090 Gaming Trio OC 32GB GDDR7 DLSS4,18999.0,,https://www.x-kom.pl/p/1314559-karta-graficzna-nvidia-msi-geforce-rtx-5090-gaming-trio-oc-32gb-gddr7-dlss4.html
2026-07-11,Karta graficzna,PowerColor Radeon RX 7600 Fighter 8GB V2 GDDR6,1249.0,,https://www.x-kom.pl/p/1368326-karta-graficzna-amd-powercolor-radeon-rx-7600-fighter-8gb-v2-gddr6.html
2026-07-11,Pamięć RAM,Corsair 16GB (2x8GB) 5600 CL40 Vengeance RGB,1259.0,,https://www.x-kom.pl/p/1486220-pamiec-ram-ddr5-corsair-16gb-2x8gb-5600-cl40-vengeance-rgb.html
2026-07-11,Pamięć RAM,G.SKILL 32GB (2x16GB) 3200MHz CL16 Aegis,1169.0,,https://www.x-kom.pl/p/539275-pamiec-ram-ddr4-gskill-32gb-2x16gb-3200mhz-cl16-aegis.html
2026-07-11,Pamięć RAM,GOODRAM 8GB (1x8GB) 1600MHz CL11,209.0,,https://www.x-kom.pl/p/420909-pamiec-ram-sodimm-ddr3-goodram-8gb-1x8gb-1600mhz-cl11.html
2026-07-11,Pamięć RAM,Kingston FURY 16GB (2x8GB) 3200MHz CL16 Beast Black,739.0,,https://www.x-kom.pl/p/667295-pamiec-ram-ddr4-kingston-fury-16gb-2x8gb-3200mhz-cl16-beast-black.html
2026-07-11,Pamięć RAM,Patriot 32GB (2x16GB) 6000MT/s CL30 Venom,1759.0,,https://www.x-kom.pl/p/1258925-pamiec-ram-ddr5-patriot-32gb-2x16gb-6000mt-s-cl30-venom.html
2026-07-11,Procesor,AMD Ryzen 7 5800X,949.0,,https://www.x-kom.pl/p/597430-procesor-amd-ryzen-7-amd-ryzen-7-5800x.html
2026-07-11,Procesor,AMD Ryzen 7 9800X3D,1799.0,,https://www.x-kom.pl/p/1292320-procesor-amd-ryzen-7-amd-ryzen-7-9800x3d.html
2026-07-11,Procesor,AMD Ryzen Threadripper PRO 9995WX,51399.0,,https://www.x-kom.pl/p/1352192-procesor-amd-threadripper-amd-ryzen-threadripper-pro-9995wx.html
2026-07-11,Procesor,Intel Core i5-12400F,679.0,,https://www.x-kom.pl/p/702238-procesory-intel-core-i5-intel-core-i5-12400f.html
2026-07-11,Procesor,Intel Core i7-12700KF,1099.0,,https://www.x-kom.pl/p/689604-procesor-intel-core-i7-intel-core-i7-12700kf.html
2026-07-11,Płyta główna,ASRock A520M-ITX/AC,439.0,,https://www.x-kom.pl/p/613677-plyta-glowna-socket-am4-asrock-a520m-itx-ac.html
2026-07-11,Płyta główna,ASUS TUF GAMING B850-PLUS WIFI,885.0,,https://www.x-kom.pl/p/1306481-plyta-glowna-socket-am5-asus-tuf-gaming-b850-plus-wifi.html
2026-07-11,Płyta główna,Gigabyte B650 EAGLE AX,535.0,,https://www.x-kom.pl/p/1226980-plyta-glowna-socket-am5-gigabyte-b650-eagle-ax.html
2026-07-11,Płyta główna,Gigabyte X870 AORUS ELITE WIFI7 ICE,1199.0,,https://www.x-kom.pl/p/1282691-plyta-glowna-socket-am5-gigabyte-x870-aorus-elite-wifi7-ice.html
2026-07-11,Płyta główna,MSI B550 GAMING WIFI,599.0,,https://www.x-kom.pl/p/1480681-plyta-glowna-socket-am4-msi-b550-gaming-wifi.html
2026-07-12,Dysk,ADATA Dysk SSD External SD810 2TB USB3.2C 20Gb/s Srebrny,1349.0,,https://www.x-kom.pl/p/1211896-dysk-zewnetrzny-ssd-adata-dysk-ssd-external-sd810-2tb-usb32c-20gb-s-srebrny.html
2026-07-12,Dysk,Lexar 1TB M.2 PCIe Gen4 NVMe NM790,719.0,,https://www.x-kom.pl/p/1146134-dysk-ssd-lexar-1tb-m2-pcie-gen4-nvme-nm790.html
2026-07-12,Dysk,Samsung 2TB M.2 PCIe Gen5 NVMe 9100 PRO,2699.0,,https://www.x-kom.pl/p/1322624-dysk-ssd-samsung-2tb-m2-pcie-gen5-nvme-9100-pro.html
2026-07-12,Dysk,Seagate BARRACUDA 2TB 7200obr. 256MB,569.0,,https://www.x-kom.pl/p/461759-dysk-hdd-seagate-barracuda-2tb-7200obr-256mb.html
2026-07-12,Dysk,Synology HAT3320-8T 8TB Plus,2149.0,,https://www.x-kom.pl/p/1418298-dysk-hdd-synology-hat3320-8t-8tb-plus.html
2026-07-12,Karta graficzna,Gigabyte GeForce RTX 5070 Windforce OC 12GB GDDR7 DLSS4,2799.0,Zobacz produkty,https://www.x-kom.pl/p/1318534-karta-graficzna-nvidia-gigabyte-geforce-rtx-5070-windforce-oc-12gb-gddr7-dlss4.html
2026-07-12,Karta graficzna,Gigabyte GeForce RTX 5080 Windforce OC 16GB GDDR7 DLSS4,5999.0,,https://www.x-kom.pl/p/1309189-karta-graficzna-nvidia-gigabyte-geforce-rtx-5080-windforce-oc-16gb-gddr7-dlss4.html
2026-07-12,Karta graficzna,Gigabyte Radeon RX 9060 XT Gaming OC 16GB GDDR6,2099.0,Zobacz produkty,https://www.x-kom.pl/p/1339802-karta-graficzna-amd-gigabyte-radeon-rx-9060-xt-gaming-oc-16gb-gddr6.html
2026-07-12,Karta graficzna,MSI GeForce RTX 5090 Gaming Trio OC 32GB GDDR7 DLSS4,18999.0,Zobacz produkty,https://www.x-kom.pl/p/1314559-karta-graficzna-nvidia-msi-geforce-rtx-5090-gaming-trio-oc-32gb-gddr7-dlss4.html
2026-07-12,Karta graficzna,PowerColor Radeon RX 7600 Fighter 8GB V2 GDDR6,1249.0,,https://www.x-kom.pl/p/1368326-karta-graficzna-amd-powercolor-radeon-rx-7600-fighter-8gb-v2-gddr6.html
2026-07-12,Pamięć RAM,Corsair 16GB (2x8GB) 5600 CL40 Vengeance RGB,1259.0,,https://www.x-kom.pl/p/1486220-pamiec-ram-ddr5-corsair-16gb-2x8gb-5600-cl40-vengeance-rgb.html
2026-07-12,Pamięć RAM,G.SKILL 32GB (2x16GB) 3200MHz CL16 Aegis,1169.0,,https://www.x-kom.pl/p/539275-pamiec-ram-ddr4-gskill-32gb-2x16gb-3200mhz-cl16-aegis.html
2026-07-12,Pamięć RAM,GOODRAM 8GB (1x8GB) 1600MHz CL11,209.0,,https://www.x-kom.pl/p/420909-pamiec-ram-sodimm-ddr3-goodram-8gb-1x8gb-1600mhz-cl11.html
2026-07-12,Pamięć RAM,Kingston FURY 16GB (2x8GB) 3200MHz CL16 Beast Black,739.0,,https://www.x-kom.pl/p/667295-pamiec-ram-ddr4-kingston-fury-16gb-2x8gb-3200mhz-cl16-beast-black.html
2026-07-12,Pamięć RAM,Patriot 32GB (2x16GB) 6000MT/s CL30 Venom,1779.0,,https://www.x-kom.pl/p/1258925-pamiec-ram-ddr5-patriot-32gb-2x16gb-6000mt-s-cl30-venom.html
2026-07-12,Procesor,AMD Ryzen 7 5800X,949.0,,https://www.x-kom.pl/p/597430-procesor-amd-ryzen-7-amd-ryzen-7-5800x.html
2026-07-12,Procesor,AMD Ryzen 7 9800X3D,1799.0,,https://www.x-kom.pl/p/1292320-procesor-amd-ryzen-7-amd-ryzen-7-9800x3d.html
2026-07-12,Procesor,AMD Ryzen Threadripper PRO 9995WX,51399.0,,https://www.x-kom.pl/p/1352192-procesor-amd-threadripper-amd-ryzen-threadripper-pro-9995wx.html
2026-07-12,Procesor,Intel Core i5-12400F,679.0,,https://www.x-kom.pl/p/702238-procesory-intel-core-i5-intel-core-i5-12400f.html
2026-07-12,Procesor,Intel Core i7-12700KF,1099.0,,https://www.x-kom.pl/p/689604-procesor-intel-core-i7-intel-core-i7-12700kf.html
2026-07-12,Płyta główna,ASRock A520M-ITX/AC,429.0,,https://www.x-kom.pl/p/613677-plyta-glowna-socket-am4-asrock-a520m-itx-ac.html
2026-07-12,Płyta główna,ASUS TUF GAMING B850-PLUS WIFI,885.0,,https://www.x-kom.pl/p/1306481-plyta-glowna-socket-am5-asus-tuf-gaming-b850-plus-wifi.html
2026-07-12,Płyta główna,Gigabyte B650 EAGLE AX,535.0,,https://www.x-kom.pl/p/1226980-plyta-glowna-socket-am5-gigabyte-b650-eagle-ax.html
2026-07-12,Płyta główna,Gigabyte X870 AORUS ELITE WIFI7 ICE,1229.0,,https://www.x-kom.pl/p/1282691-plyta-glowna-socket-am5-gigabyte-x870-aorus-elite-wifi7-ice.html
2026-07-12,Płyta główna,MSI B550 GAMING WIFI,599.0,,https://www.x-kom.pl/p/1480681-plyta-glowna-socket-am4-msi-b550-gaming-wifi.html
2026-07-13,Dysk,ADATA Dysk SSD External SD810 2TB USB3.2C 20Gb/s Srebrny,1349.0,,https://www.x-kom.pl/p/1211896-dysk-zewnetrzny-ssd-adata-dysk-ssd-external-sd810-2tb-usb32c-20gb-s-srebrny.html
2026-07-13,Dysk,Lexar 1TB M.2 PCIe Gen4 NVMe NM790,719.0,,https://www.x-kom.pl/p/1146134-dysk-ssd-lexar-1tb-m2-pcie-gen4-nvme-nm790.html
2026-07-13,Dysk,Samsung 2TB M.2 PCIe Gen5 NVMe 9100 PRO,2699.0,,https://www.x-kom.pl/p/1322624-dysk-ssd-samsung-2tb-m2-pcie-gen5-nvme-9100-pro.html
2026-07-13,Dysk,Seagate BARRACUDA 2TB 7200obr. 256MB,569.0,,https://www.x-kom.pl/p/461759-dysk-hdd-seagate-barracuda-2tb-7200obr-256mb.html
2026-07-13,Dysk,Synology HAT3320-8T 8TB Plus,2149.0,,https://www.x-kom.pl/p/1418298-dysk-hdd-synology-hat3320-8t-8tb-plus.html
2026-07-13,Karta graficzna,Gigabyte GeForce RTX 5070 Windforce OC 12GB GDDR7 DLSS4,2799.0,,https://www.x-kom.pl/p/1318534-karta-graficzna-nvidia-gigabyte-geforce-rtx-5070-windforce-oc-12gb-gddr7-dlss4.html
2026-07-13,Karta graficzna,Gigabyte GeForce RTX 5080 Windforce OC 16GB GDDR7 DLSS4,5999.0,,https://www.x-kom.pl/p/1309189-karta-graficzna-nvidia-gigabyte-geforce-rtx-5080-windforce-oc-16gb-gddr7-dlss4.html
2026-07-13,Karta graficzna,Gigabyte Radeon RX 9060 XT Gaming OC 16GB GDDR6,2099.0,,https://www.x-kom.pl/p/1339802-karta-graficzna-amd-gigabyte-radeon-rx-9060-xt-gaming-oc-16gb-gddr6.html
2026-07-13,Karta graficzna,MSI GeForce RTX 5090 Gaming Trio OC 32GB GDDR7 DLSS4,18999.0,,https://www.x-kom.pl/p/1314559-karta-graficzna-nvidia-msi-geforce-rtx-5090-gaming-trio-oc-32gb-gddr7-dlss4.html
2026-07-13,Karta graficzna,PowerColor Radeon RX 7600 Fighter 8GB V2 GDDR6,1249.0,,https://www.x-kom.pl/p/1368326-karta-graficzna-amd-powercolor-radeon-rx-7600-fighter-8gb-v2-gddr6.html
2026-07-13,Pamięć RAM,Corsair 16GB (2x8GB) 5600 CL40 Vengeance RGB,1259.0,,https://www.x-kom.pl/p/1486220-pamiec-ram-ddr5-corsair-16gb-2x8gb-5600-cl40-vengeance-rgb.html
2026-07-13,Pamięć RAM,G.SKILL 32GB (2x16GB) 3200MHz CL16 Aegis,1169.0,,https://www.x-kom.pl/p/539275-pamiec-ram-ddr4-gskill-32gb-2x16gb-3200mhz-cl16-aegis.html
2026-07-13,Pamięć RAM,GOODRAM 8GB (1x8GB) 1600MHz CL11,209.0,,https://www.x-kom.pl/p/420909-pamiec-ram-sodimm-ddr3-goodram-8gb-1x8gb-1600mhz-cl11.html
2026-07-13,Pamięć RAM,Kingston FURY 16GB (2x8GB) 3200MHz CL16 Beast Black,739.0,,https://www.x-kom.pl/p/667295-pamiec-ram-ddr4-kingston-fury-16gb-2x8gb-3200mhz-cl16-beast-black.html
2026-07-13,Pamięć RAM,Patriot 32GB (2x16GB) 6000MT/s CL30 Venom,1779.0,,https://www.x-kom.pl/p/1258925-pamiec-ram-ddr5-patriot-32gb-2x16gb-6000mt-s-cl30-venom.html
2026-07-13,Procesor,AMD Ryzen 7 5800X,949.0,,https://www.x-kom.pl/p/597430-procesor-amd-ryzen-7-amd-ryzen-7-5800x.html
2026-07-13,Procesor,AMD Ryzen 7 9800X3D,1799.0,,https://www.x-kom.pl/p/1292320-procesor-amd-ryzen-7-amd-ryzen-7-9800x3d.html
2026-07-13,Procesor,AMD Ryzen Threadripper PRO 9995WX,51399.0,,https://www.x-kom.pl/p/1352192-procesor-amd-threadripper-amd-ryzen-threadripper-pro-9995wx.html
2026-07-13,Procesor,Intel Core i5-12400F,679.0,,https://www.x-kom.pl/p/702238-procesory-intel-core-i5-intel-core-i5-12400f.html
2026-07-13,Procesor,Intel Core i7-12700KF,1099.0,,https://www.x-kom.pl/p/689604-procesor-intel-core-i7-intel-core-i7-12700kf.html
2026-07-13,Płyta główna,ASRock A520M-ITX/AC,429.0,,https://www.x-kom.pl/p/613677-plyta-glowna-socket-am4-asrock-a520m-itx-ac.html
2026-07-13,Płyta główna,ASUS TUF GAMING B850-PLUS WIFI,885.0,,https://www.x-kom.pl/p/1306481-plyta-glowna-socket-am5-asus-tuf-gaming-b850-plus-wifi.html
2026-07-13,Płyta główna,Gigabyte B650 EAGLE AX,535.0,,https://www.x-kom.pl/p/1226980-plyta-glowna-socket-am5-gigabyte-b650-eagle-ax.html
2026-07-13,Płyta główna,Gigabyte X870 AORUS ELITE WIFI7 ICE,1229.0,,https://www.x-kom.pl/p/1282691-plyta-glowna-socket-am5-gigabyte-x870-aorus-elite-wifi7-ice.html
2026-07-13,Płyta główna,MSI B550 GAMING WIFI,599.0,,https://www.x-kom.pl/p/1480681-plyta-glowna-socket-am4-msi-b550-gaming-wifi.html
2026-07-14,Dysk,ADATA Dysk SSD External SD810 2TB USB3.2C 20Gb/s Srebrny,1349.0,,https://www.x-kom.pl/p/1211896-dysk-zewnetrzny-ssd-adata-dysk-ssd-external-sd810-2tb-usb32c-20gb-s-srebrny.html
2026-07-14,Dysk,Lexar 1TB M.2 PCIe Gen4 NVMe NM790,719.0,,https://www.x-kom.pl/p/1146134-dysk-ssd-lexar-1tb-m2-pcie-gen4-nvme-nm790.html
2026-07-14,Dysk,Samsung 2TB M.2 PCIe Gen5 NVMe 9100 PRO,2699.0,,https://www.x-kom.pl/p/1322624-dysk-ssd-samsung-2tb-m2-pcie-gen5-nvme-9100-pro.html
2026-07-14,Dysk,Seagate BARRACUDA 2TB 7200obr. 256MB,569.0,,https://www.x-kom.pl/p/461759-dysk-hdd-seagate-barracuda-2tb-7200obr-256mb.html
2026-07-14,Dysk,Synology HAT3320-8T 8TB Plus,2149.0,,https://www.x-kom.pl/p/1418298-dysk-hdd-synology-hat3320-8t-8tb-plus.html
2026-07-14,Karta graficzna,Gigabyte GeForce RTX 5070 Windforce OC 12GB GDDR7 DLSS4,2799.0,,https://www.x-kom.pl/p/1318534-karta-graficzna-nvidia-gigabyte-geforce-rtx-5070-windforce-oc-12gb-gddr7-dlss4.html
2026-07-14,Karta graficzna,Gigabyte GeForce RTX 5080 Windforce OC 16GB GDDR7 DLSS4,5999.0,,https://www.x-kom.pl/p/1309189-karta-graficzna-nvidia-gigabyte-geforce-rtx-5080-windforce-oc-16gb-gddr7-dlss4.html
2026-07-14,Karta graficzna,Gigabyte Radeon RX 9060 XT Gaming OC 16GB GDDR6,2099.0,,https://www.x-kom.pl/p/1339802-karta-graficzna-amd-gigabyte-radeon-rx-9060-xt-gaming-oc-16gb-gddr6.html
2026-07-14,Karta graficzna,MSI GeForce RTX 5090 Gaming Trio OC 32GB GDDR7 DLSS4,18999.0,,https://www.x-kom.pl/p/1314559-karta-graficzna-nvidia-msi-geforce-rtx-5090-gaming-trio-oc-32gb-gddr7-dlss4.html
2026-07-14,Karta graficzna,PowerColor Radeon RX 7600 Fighter 8GB V2 GDDR6,1249.0,,https://www.x-kom.pl/p/1368326-karta-graficzna-amd-powercolor-radeon-rx-7600-fighter-8gb-v2-gddr6.html
2026-07-14,Pamięć RAM,Corsair 16GB (2x8GB) 5600 CL40 Vengeance RGB,1259.0,,https://www.x-kom.pl/p/1486220-pamiec-ram-ddr5-corsair-16gb-2x8gb-5600-cl40-vengeance-rgb.html
2026-07-14,Pamięć RAM,G.SKILL 32GB (2x16GB) 3200MHz CL16 Aegis,1169.0,,https://www.x-kom.pl/p/539275-pamiec-ram-ddr4-gskill-32gb-2x16gb-3200mhz-cl16-aegis.html
2026-07-14,Pamięć RAM,GOODRAM 8GB (1x8GB) 1600MHz CL11,209.0,,https://www.x-kom.pl/p/420909-pamiec-ram-sodimm-ddr3-goodram-8gb-1x8gb-1600mhz-cl11.html
2026-07-14,Pamięć RAM,Kingston FURY 16GB (2x8GB) 3200MHz CL16 Beast Black,739.0,,https://www.x-kom.pl/p/667295-pamiec-ram-ddr4-kingston-fury-16gb-2x8gb-3200mhz-cl16-beast-black.html
2026-07-14,Pamięć RAM,Patriot 32GB (2x16GB) 6000MT/s CL30 Venom,1779.0,,https://www.x-kom.pl/p/1258925-pamiec-ram-ddr5-patriot-32gb-2x16gb-6000mt-s-cl30-venom.html
2026-07-14,Procesor,AMD Ryzen 7 5800X,949.0,,https://www.x-kom.pl/p/597430-procesor-amd-ryzen-7-amd-ryzen-7-5800x.html
2026-07-14,Procesor,AMD Ryzen 7 9800X3D,1799.0,,https://www.x-kom.pl/p/1292320-procesor-amd-ryzen-7-amd-ryzen-7-9800x3d.html
2026-07-14,Procesor,AMD Ryzen Threadripper PRO 9995WX,51399.0,,https://www.x-kom.pl/p/1352192-procesor-amd-threadripper-amd-ryzen-threadripper-pro-9995wx.html
2026-07-14,Procesor,Intel Core i5-12400F,679.0,,https://www.x-kom.pl/p/702238-procesory-intel-core-i5-intel-core-i5-12400f.html
2026-07-14,Procesor,Intel Core i7-12700KF,1099.0,,https://www.x-kom.pl/p/689604-procesor-intel-core-i7-intel-core-i7-12700kf.html
2026-07-14,Płyta główna,ASRock A520M-ITX/AC,429.0,,https://www.x-kom.pl/p/613677-plyta-glowna-socket-am4-asrock-a520m-itx-ac.html
2026-07-14,Płyta główna,ASUS TUF GAMING B850-PLUS WIFI,885.0,,https://www.x-kom.pl/p/1306481-plyta-glowna-socket-am5-asus-tuf-gaming-b850-plus-wifi.html
2026-07-14,Płyta główna,Gigabyte B650 EAGLE AX,535.0,,https://www.x-kom.pl/p/1226980-plyta-glowna-socket-am5-gigabyte-b650-eagle-ax.html
2026-07-14,Płyta główna,Gigabyte X870 AORUS ELITE WIFI7 ICE,1229.0,,https://www.x-kom.pl/p/1282691-plyta-glowna-socket-am5-gigabyte-x870-aorus-elite-wifi7-ice.html
2026-07-14,Płyta główna,MSI B550 GAMING WIFI,599.0,,https://www.x-kom.pl/p/1480681-plyta-glowna-socket-am4-msi-b550-gaming-wifi.html
2026-07-15,Dysk,ADATA Dysk SSD External SD810 2TB USB3.2C 20Gb/s Srebrny,1349.0,,https://www.x-kom.pl/p/1211896-dysk-zewnetrzny-ssd-adata-dysk-ssd-external-sd810-2tb-usb32c-20gb-s-srebrny.html
2026-07-15,Dysk,Lexar 1TB M.2 PCIe Gen4 NVMe NM790,719.0,,https://www.x-kom.pl/p/1146134-dysk-ssd-lexar-1tb-m2-pcie-gen4-nvme-nm790.html
2026-07-15,Dysk,Samsung 2TB M.2 PCIe Gen5 NVMe 9100 PRO,2699.0,,https://www.x-kom.pl/p/1322624-dysk-ssd-samsung-2tb-m2-pcie-gen5-nvme-9100-pro.html
2026-07-15,Dysk,Seagate BARRACUDA 2TB 7200obr. 256MB,569.0,,https://www.x-kom.pl/p/461759-dysk-hdd-seagate-barracuda-2tb-7200obr-256mb.html
2026-07-15,Dysk,Synology HAT3320-8T 8TB Plus,2149.0,,https://www.x-kom.pl/p/1418298-dysk-hdd-synology-hat3320-8t-8tb-plus.html
2026-07-15,Karta graficzna,Gigabyte GeForce RTX 5070 Windforce OC 12GB GDDR7 DLSS4,2799.0,,https://www.x-kom.pl/p/1318534-karta-graficzna-nvidia-gigabyte-geforce-rtx-5070-windforce-oc-12gb-gddr7-dlss4.html
2026-07-15,Karta graficzna,Gigabyte GeForce RTX 5080 Windforce OC 16GB GDDR7 DLSS4,5999.0,,https://www.x-kom.pl/p/1309189-karta-graficzna-nvidia-gigabyte-geforce-rtx-5080-windforce-oc-16gb-gddr7-dlss4.html
2026-07-15,Karta graficzna,Gigabyte Radeon RX 9060 XT Gaming OC 16GB GDDR6,2099.0,,https://www.x-kom.pl/p/1339802-karta-graficzna-amd-gigabyte-radeon-rx-9060-xt-gaming-oc-16gb-gddr6.html
2026-07-15,Karta graficzna,MSI GeForce RTX 5090 Gaming Trio OC 32GB GDDR7 DLSS4,18999.0,,https://www.x-kom.pl/p/1314559-karta-graficzna-nvidia-msi-geforce-rtx-5090-gaming-trio-oc-32gb-gddr7-dlss4.html
2026-07-15,Karta graficzna,PowerColor Radeon RX 7600 Fighter 8GB V2 GDDR6,1249.0,,https://www.x-kom.pl/p/1368326-karta-graficzna-amd-powercolor-radeon-rx-7600-fighter-8gb-v2-gddr6.html
2026-07-15,Pamięć RAM,Corsair 16GB (2x8GB) 5600 CL40 Vengeance RGB,1259.0,,https://www.x-kom.pl/p/1486220-pamiec-ram-ddr5-corsair-16gb-2x8gb-5600-cl40-vengeance-rgb.html
2026-07-15,Pamięć RAM,G.SKILL 32GB (2x16GB) 3200MHz CL16 Aegis,1169.0,,https://www.x-kom.pl/p/539275-pamiec-ram-ddr4-gskill-32gb-2x16gb-3200mhz-cl16-aegis.html
2026-07-15,Pamięć RAM,GOODRAM 8GB (1x8GB) 1600MHz CL11,209.0,,https://www.x-kom.pl/p/420909-pamiec-ram-sodimm-ddr3-goodram-8gb-1x8gb-1600mhz-cl11.html
2026-07-15,Pamięć RAM,Kingston FURY 16GB (2x8GB) 3200MHz CL16 Beast Black,739.0,,https://www.x-kom.pl/p/667295-pamiec-ram-ddr4-kingston-fury-16gb-2x8gb-3200mhz-cl16-beast-black.html
2026-07-15,Pamięć RAM,Patriot 32GB (2x16GB) 6000MT/s CL30 Venom,1779.0,,https://www.x-kom.pl/p/1258925-pamiec-ram-ddr5-patriot-32gb-2x16gb-6000mt-s-cl30-venom.html
2026-07-15,Procesor,AMD Ryzen 7 5800X,949.0,,https://www.x-kom.pl/p/597430-procesor-amd-ryzen-7-amd-ryzen-7-5800x.html
2026-07-15,Procesor,AMD Ryzen 7 9800X3D,1799.0,,https://www.x-kom.pl/p/1292320-procesor-amd-ryzen-7-amd-ryzen-7-9800x3d.html
2026-07-15,Procesor,AMD Ryzen Threadripper PRO 9995WX,51399.0,,https://www.x-kom.pl/p/1352192-procesor-amd-threadripper-amd-ryzen-threadripper-pro-9995wx.html
2026-07-15,Procesor,Intel Core i5-12400F,679.0,,https://www.x-kom.pl/p/702238-procesory-intel-core-i5-intel-core-i5-12400f.html
2026-07-15,Procesor,Intel Core i7-12700KF,1099.0,,https://www.x-kom.pl/p/689604-procesor-intel-core-i7-intel-core-i7-12700kf.html
2026-07-15,Płyta główna,ASRock A520M-ITX/AC,429.0,,https://www.x-kom.pl/p/613677-plyta-glowna-socket-am4-asrock-a520m-itx-ac.html
2026-07-15,Płyta główna,ASUS TUF GAMING B850-PLUS WIFI,885.0,,https://www.x-kom.pl/p/1306481-plyta-glowna-socket-am5-asus-tuf-gaming-b850-plus-wifi.html
2026-07-15,Płyta główna,Gigabyte B650 EAGLE AX,535.0,,https://www.x-kom.pl/p/1226980-plyta-glowna-socket-am5-gigabyte-b650-eagle-ax.html
2026-07-15,Płyta główna,Gigabyte X870 AORUS ELITE WIFI7 ICE,1199.0,,https://www.x-kom.pl/p/1282691-plyta-glowna-socket-am5-gigabyte-x870-aorus-elite-wifi7-ice.html
2026-07-15,Płyta główna,MSI B550 GAMING WIFI,599.0,,https://www.x-kom.pl/p/1480681-plyta-glowna-socket-am4-msi-b550-gaming-wifi.html
2026-07-16,Dysk,ADATA Dysk SSD External SD810 2TB USB3.2C 20Gb/s Srebrny,1349.0,,https://www.x-kom.pl/p/1211896-dysk-zewnetrzny-ssd-adata-dysk-ssd-external-sd810-2tb-usb32c-20gb-s-srebrny.html
2026-07-16,Dysk,Lexar 1TB M.2 PCIe Gen4 NVMe NM790,719.0,,https://www.x-kom.pl/p/1146134-dysk-ssd-lexar-1tb-m2-pcie-gen4-nvme-nm790.html
2026-07-16,Dysk,Samsung 2TB M.2 PCIe Gen5 NVMe 9100 PRO,2699.0,,https://www.x-kom.pl/p/1322624-dysk-ssd-samsung-2tb-m2-pcie-gen5-nvme-9100-pro.html
2026-07-16,Dysk,Seagate BARRACUDA 2TB 7200obr. 256MB,569.0,,https://www.x-kom.pl/p/461759-dysk-hdd-seagate-barracuda-2tb-7200obr-256mb.html
2026-07-16,Dysk,Synology HAT3320-8T 8TB Plus,2149.0,,https://www.x-kom.pl/p/1418298-dysk-hdd-synology-hat3320-8t-8tb-plus.html
2026-07-16,Karta graficzna,Gigabyte GeForce RTX 5070 Windforce OC 12GB GDDR7 DLSS4,2799.0,,https://www.x-kom.pl/p/1318534-karta-graficzna-nvidia-gigabyte-geforce-rtx-5070-windforce-oc-12gb-gddr7-dlss4.html
2026-07-16,Karta graficzna,Gigabyte GeForce RTX 5080 Windforce OC 16GB GDDR7 DLSS4,5999.0,,https://www.x-kom.pl/p/1309189-karta-graficzna-nvidia-gigabyte-geforce-rtx-5080-windforce-oc-16gb-gddr7-dlss4.html
2026-07-16,Karta graficzna,Gigabyte Radeon RX 9060 XT Gaming OC 16GB GDDR6,2099.0,,https://www.x-kom.pl/p/1339802-karta-graficzna-amd-gigabyte-radeon-rx-9060-xt-gaming-oc-16gb-gddr6.html
2026-07-16,Karta graficzna,MSI GeForce RTX 5090 Gaming Trio OC 32GB GDDR7 DLSS4,18999.0,,https://www.x-kom.pl/p/1314559-karta-graficzna-nvidia-msi-geforce-rtx-5090-gaming-trio-oc-32gb-gddr7-dlss4.html
2026-07-16,Karta graficzna,PowerColor Radeon RX 7600 Fighter 8GB V2 GDDR6,1249.0,,https://www.x-kom.pl/p/1368326-karta-graficzna-amd-powercolor-radeon-rx-7600-fighter-8gb-v2-gddr6.html
2026-07-16,Pamięć RAM,Corsair 16GB (2x8GB) 5600 CL40 Vengeance RGB,1259.0,,https://www.x-kom.pl/p/1486220-pamiec-ram-ddr5-corsair-16gb-2x8gb-5600-cl40-vengeance-rgb.html
2026-07-16,Pamięć RAM,G.SKILL 32GB (2x16GB) 3200MHz CL16 Aegis,1169.0,,https://www.x-kom.pl/p/539275-pamiec-ram-ddr4-gskill-32gb-2x16gb-3200mhz-cl16-aegis.html
2026-07-16,Pamięć RAM,GOODRAM 8GB (1x8GB) 1600MHz CL11,209.0,,https://www.x-kom.pl/p/420909-pamiec-ram-sodimm-ddr3-goodram-8gb-1x8gb-1600mhz-cl11.html
2026-07-16,Pamięć RAM,Kingston FURY 16GB (2x8GB) 3200MHz CL16 Beast Black,739.0,,https://www.x-kom.pl/p/667295-pamiec-ram-ddr4-kingston-fury-16gb-2x8gb-3200mhz-cl16-beast-black.html
2026-07-16,Pamięć RAM,Patriot 32GB (2x16GB) 6000MT/s CL30 Venom,1779.0,,https://www.x-kom.pl/p/1258925-pamiec-ram-ddr5-patriot-32gb-2x16gb-6000mt-s-cl30-venom.html
2026-07-16,Procesor,AMD Ryzen 7 5800X,949.0,,https://www.x-kom.pl/p/597430-procesor-amd-ryzen-7-amd-ryzen-7-5800x.html
2026-07-16,Procesor,AMD Ryzen 7 9800X3D,1799.0,,https://www.x-kom.pl/p/1292320-procesor-amd-ryzen-7-amd-ryzen-7-9800x3d.html
2026-07-16,Procesor,AMD Ryzen Threadripper PRO 9995WX,51399.0,,https://www.x-kom.pl/p/1352192-procesor-amd-threadripper-amd-ryzen-threadripper-pro-9995wx.html
2026-07-16,Procesor,Intel Core i5-12400F,679.0,,https://www.x-kom.pl/p/702238-procesory-intel-core-i5-intel-core-i5-12400f.html
2026-07-16,Procesor,Intel Core i7-12700KF,1099.0,,https://www.x-kom.pl/p/689604-procesor-intel-core-i7-intel-core-i7-12700kf.html
2026-07-16,Płyta główna,ASRock A520M-ITX/AC,429.0,,https://www.x-kom.pl/p/613677-plyta-glowna-socket-am4-asrock-a520m-itx-ac.html
2026-07-16,Płyta główna,ASUS TUF GAMING B850-PLUS WIFI,885.0,,https://www.x-kom.pl/p/1306481-plyta-glowna-socket-am5-asus-tuf-gaming-b850-plus-wifi.html
2026-07-16,Płyta główna,Gigabyte B650 EAGLE AX,535.0,,https://www.x-kom.pl/p/1226980-plyta-glowna-socket-am5-gigabyte-b650-eagle-ax.html
2026-07-16,Płyta główna,Gigabyte X870 AORUS ELITE WIFI7 ICE,1199.0,,https://www.x-kom.pl/p/1282691-plyta-glowna-socket-am5-gigabyte-x870-aorus-elite-wifi7-ice.html
2026-07-16,Płyta główna,MSI B550 GAMING WIFI,599.0,,https://www.x-kom.pl/p/1480681-plyta-glowna-socket-am4-msi-b550-gaming-wifi.html
2026-07-17,Dysk,ADATA Dysk SSD External SD810 2TB USB3.2C 20Gb/s Srebrny,1349.0,,https://www.x-kom.pl/p/1211896-dysk-zewnetrzny-ssd-adata-dysk-ssd-external-sd810-2tb-usb32c-20gb-s-srebrny.html
2026-07-17,Dysk,Lexar 1TB M.2 PCIe Gen4 NVMe NM790,719.0,,https://www.x-kom.pl/p/1146134-dysk-ssd-lexar-1tb-m2-pcie-gen4-nvme-nm790.html
2026-07-17,Dysk,Samsung 2TB M.2 PCIe Gen5 NVMe 9100 PRO,2699.0,,https://www.x-kom.pl/p/1322624-dysk-ssd-samsung-2tb-m2-pcie-gen5-nvme-9100-pro.html
2026-07-17,Dysk,Seagate BARRACUDA 2TB 7200obr. 256MB,569.0,,https://www.x-kom.pl/p/461759-dysk-hdd-seagate-barracuda-2tb-7200obr-256mb.html
2026-07-17,Dysk,Synology HAT3320-8T 8TB Plus,2149.0,,https://www.x-kom.pl/p/1418298-dysk-hdd-synology-hat3320-8t-8tb-plus.html
2026-07-17,Karta graficzna,Gigabyte GeForce RTX 5070 Windforce OC 12GB GDDR7 DLSS4,2799.0,,https://www.x-kom.pl/p/1318534-karta-graficzna-nvidia-gigabyte-geforce-rtx-5070-windforce-oc-12gb-gddr7-dlss4.html
2026-07-17,Karta graficzna,Gigabyte GeForce RTX 5080 Windforce OC 16GB GDDR7 DLSS4,5999.0,,https://www.x-kom.pl/p/1309189-karta-graficzna-nvidia-gigabyte-geforce-rtx-5080-windforce-oc-16gb-gddr7-dlss4.html
2026-07-17,Karta graficzna,Gigabyte Radeon RX 9060 XT Gaming OC 16GB GDDR6,2099.0,,https://www.x-kom.pl/p/1339802-karta-graficzna-amd-gigabyte-radeon-rx-9060-xt-gaming-oc-16gb-gddr6.html
2026-07-17,Karta graficzna,MSI GeForce RTX 5090 Gaming Trio OC 32GB GDDR7 DLSS4,18999.0,,https://www.x-kom.pl/p/1314559-karta-graficzna-nvidia-msi-geforce-rtx-5090-gaming-trio-oc-32gb-gddr7-dlss4.html
2026-07-17,Karta graficzna,PowerColor Radeon RX 7600 Fighter 8GB V2 GDDR6,1249.0,,https://www.x-kom.pl/p/1368326-karta-graficzna-amd-powercolor-radeon-rx-7600-fighter-8gb-v2-gddr6.html
2026-07-17,Pamięć RAM,Corsair 16GB (2x8GB) 5600 CL40 Vengeance RGB,1259.0,,https://www.x-kom.pl/p/1486220-pamiec-ram-ddr5-corsair-16gb-2x8gb-5600-cl40-vengeance-rgb.html
2026-07-17,Pamięć RAM,G.SKILL 32GB (2x16GB) 3200MHz CL16 Aegis,1169.0,,https://www.x-kom.pl/p/539275-pamiec-ram-ddr4-gskill-32gb-2x16gb-3200mhz-cl16-aegis.html
2026-07-17,Pamięć RAM,GOODRAM 8GB (1x8GB) 1600MHz CL11,209.0,,https://www.x-kom.pl/p/420909-pamiec-ram-sodimm-ddr3-goodram-8gb-1x8gb-1600mhz-cl11.html
2026-07-17,Pamięć RAM,Kingston FURY 16GB (2x8GB) 3200MHz CL16 Beast Black,739.0,,https://www.x-kom.pl/p/667295-pamiec-ram-ddr4-kingston-fury-16gb-2x8gb-3200mhz-cl16-beast-black.html
2026-07-17,Pamięć RAM,Patriot 32GB (2x16GB) 6000MT/s CL30 Venom,1779.0,,https://www.x-kom.pl/p/1258925-pamiec-ram-ddr5-patriot-32gb-2x16gb-6000mt-s-cl30-venom.html
2026-07-17,Procesor,AMD Ryzen 7 5800X,949.0,,https://www.x-kom.pl/p/597430-procesor-amd-ryzen-7-amd-ryzen-7-5800x.html
2026-07-17,Procesor,AMD Ryzen 7 9800X3D,1799.0,,https://www.x-kom.pl/p/1292320-procesor-amd-ryzen-7-amd-ryzen-7-9800x3d.html
2026-07-17,Procesor,AMD Ryzen Threadripper PRO 9995WX,51399.0,,https://www.x-kom.pl/p/1352192-procesor-amd-threadripper-amd-ryzen-threadripper-pro-9995wx.html
2026-07-17,Procesor,Intel Core i5-12400F,679.0,,https://www.x-kom.pl/p/702238-procesory-intel-core-i5-intel-core-i5-12400f.html
2026-07-17,Procesor,Intel Core i7-12700KF,1099.0,,https://www.x-kom.pl/p/689604-procesor-intel-core-i7-intel-core-i7-12700kf.html
2026-07-17,Płyta główna,ASRock A520M-ITX/AC,429.0,,https://www.x-kom.pl/p/613677-plyta-glowna-socket-am4-asrock-a520m-itx-ac.html
2026-07-17,Płyta główna,ASUS TUF GAMING B850-PLUS WIFI,885.0,,https://www.x-kom.pl/p/1306481-plyta-glowna-socket-am5-asus-tuf-gaming-b850-plus-wifi.html
2026-07-17,Płyta główna,Gigabyte B650 EAGLE AX,535.0,,https://www.x-kom.pl/p/1226980-plyta-glowna-socket-am5-gigabyte-b650-eagle-ax.html
2026-07-17,Płyta główna,Gigabyte X870 AORUS ELITE WIFI7 ICE,1199.0,,https://www.x-kom.pl/p/1282691-plyta-glowna-socket-am5-gigabyte-x870-aorus-elite-wifi7-ice.html
2026-07-17,Płyta główna,MSI B550 GAMING WIFI,599.0,,https://www.x-kom.pl/p/1480681-plyta-glowna-socket-am4-msi-b550-gaming-wifi.html
2026-07-18,Dysk,ADATA Dysk SSD External SD810 2TB USB3.2C 20Gb/s Srebrny,1499.0,,https://www.x-kom.pl/p/1211896-dysk-zewnetrzny-ssd-adata-dysk-ssd-external-sd810-2tb-usb32c-20gb-s-srebrny.html
2026-07-18,Dysk,Lexar 1TB M.2 PCIe Gen4 NVMe NM790,719.0,,https://www.x-kom.pl/p/1146134-dysk-ssd-lexar-1tb-m2-pcie-gen4-nvme-nm790.html
2026-07-18,Dysk,Samsung 2TB M.2 PCIe Gen5 NVMe 9100 PRO,2699.0,,https://www.x-kom.pl/p/1322624-dysk-ssd-samsung-2tb-m2-pcie-gen5-nvme-9100-pro.html
2026-07-18,Dysk,Seagate BARRACUDA 2TB 7200obr. 256MB,569.0,,https://www.x-kom.pl/p/461759-dysk-hdd-seagate-barracuda-2tb-7200obr-256mb.html
2026-07-18,Dysk,Synology HAT3320-8T 8TB Plus,2199.0,,https://www.x-kom.pl/p/1418298-dysk-hdd-synology-hat3320-8t-8tb-plus.html
2026-07-18,Karta graficzna,Gigabyte GeForce RTX 5070 Windforce OC 12GB GDDR7 DLSS4,2799.0,,https://www.x-kom.pl/p/1318534-karta-graficzna-nvidia-gigabyte-geforce-rtx-5070-windforce-oc-12gb-gddr7-dlss4.html
2026-07-18,Karta graficzna,Gigabyte GeForce RTX 5080 Windforce OC 16GB GDDR7 DLSS4,5999.0,,https://www.x-kom.pl/p/1309189-karta-graficzna-nvidia-gigabyte-geforce-rtx-5080-windforce-oc-16gb-gddr7-dlss4.html
2026-07-18,Karta graficzna,Gigabyte Radeon RX 9060 XT Gaming OC 16GB GDDR6,2099.0,,https://www.x-kom.pl/p/1339802-karta-graficzna-amd-gigabyte-radeon-rx-9060-xt-gaming-oc-16gb-gddr6.html
2026-07-18,Karta graficzna,MSI GeForce RTX 5090 Gaming Trio OC 32GB GDDR7 DLSS4,18999.0,,https://www.x-kom.pl/p/1314559-karta-graficzna-nvidia-msi-geforce-rtx-5090-gaming-trio-oc-32gb-gddr7-dlss4.html
2026-07-18,Karta graficzna,PowerColor Radeon RX 7600 Fighter 8GB V2 GDDR6,1249.0,,https://www.x-kom.pl/p/1368326-karta-graficzna-amd-powercolor-radeon-rx-7600-fighter-8gb-v2-gddr6.html
2026-07-18,Pamięć RAM,Corsair 16GB (2x8GB) 5600 CL40 Vengeance RGB,1299.0,,https://www.x-kom.pl/p/1486220-pamiec-ram-ddr5-corsair-16gb-2x8gb-5600-cl40-vengeance-rgb.html
2026-07-18,Pamięć RAM,G.SKILL 32GB (2x16GB) 3200MHz CL16 Aegis,1169.0,,https://www.x-kom.pl/p/539275-pamiec-ram-ddr4-gskill-32gb-2x16gb-3200mhz-cl16-aegis.html
2026-07-18,Pamięć RAM,GOODRAM 8GB (1x8GB) 1600MHz CL11,209.0,,https://www.x-kom.pl/p/420909-pamiec-ram-sodimm-ddr3-goodram-8gb-1x8gb-1600mhz-cl11.html
2026-07-18,Pamięć RAM,Kingston FURY 16GB (2x8GB) 3200MHz CL16 Beast Black,739.0,,https://www.x-kom.pl/p/667295-pamiec-ram-ddr4-kingston-fury-16gb-2x8gb-3200mhz-cl16-beast-black.html
2026-07-18,Pamięć RAM,Patriot 32GB (2x16GB) 6000MT/s CL30 Venom,1779.0,,https://www.x-kom.pl/p/1258925-pamiec-ram-ddr5-patriot-32gb-2x16gb-6000mt-s-cl30-venom.html
2026-07-18,Procesor,AMD Ryzen 7 5800X,959.0,,https://www.x-kom.pl/p/597430-procesor-amd-ryzen-7-amd-ryzen-7-5800x.html
2026-07-18,Procesor,AMD Ryzen 7 9800X3D,1799.0,,https://www.x-kom.pl/p/1292320-procesor-amd-ryzen-7-amd-ryzen-7-9800x3d.html
2026-07-18,Procesor,AMD Ryzen Threadripper PRO 9995WX,51399.0,,https://www.x-kom.pl/p/1352192-procesor-amd-threadripper-amd-ryzen-threadripper-pro-9995wx.html
2026-07-18,Procesor,Intel Core i5-12400F,679.0,,https://www.x-kom.pl/p/702238-procesory-intel-core-i5-intel-core-i5-12400f.html
2026-07-18,Procesor,Intel Core i7-12700KF,1099.0,,https://www.x-kom.pl/p/689604-procesor-intel-core-i7-intel-core-i7-12700kf.html
2026-07-18,Płyta główna,ASRock A520M-ITX/AC,439.0,,https://www.x-kom.pl/p/613677-plyta-glowna-socket-am4-asrock-a520m-itx-ac.html
2026-07-18,Płyta główna,ASUS TUF GAMING B850-PLUS WIFI,885.0,,https://www.x-kom.pl/p/1306481-plyta-glowna-socket-am5-asus-tuf-gaming-b850-plus-wifi.html
2026-07-18,Płyta główna,Gigabyte B650 EAGLE AX,569.0,,https://www.x-kom.pl/p/1226980-plyta-glowna-socket-am5-gigabyte-b650-eagle-ax.html
2026-07-18,Płyta główna,Gigabyte X870 AORUS ELITE WIFI7 ICE,1199.0,,https://www.x-kom.pl/p/1282691-plyta-glowna-socket-am5-gigabyte-x870-aorus-elite-wifi7-ice.html
2026-07-18,Płyta główna,MSI B550 GAMING WIFI,559.0,,https://www.x-kom.pl/p/1480681-plyta-glowna-socket-am4-msi-b550-gaming-wifi.html
2026-07-19,Dysk,ADATA Dysk SSD External SD810 2TB USB3.2C 20Gb/s Srebrny,1499.0,,https://www.x-kom.pl/p/1211896-dysk-zewnetrzny-ssd-adata-dysk-ssd-external-sd810-2tb-usb32c-20gb-s-srebrny.html
2026-07-19,Dysk,Lexar 1TB M.2 PCIe Gen4 NVMe NM790,719.0,,https://www.x-kom.pl/p/1146134-dysk-ssd-lexar-1tb-m2-pcie-gen4-nvme-nm790.html
2026-07-19,Dysk,Samsung 2TB M.2 PCIe Gen5 NVMe 9100 PRO,2699.0,,https://www.x-kom.pl/p/1322624-dysk-ssd-samsung-2tb-m2-pcie-gen5-nvme-9100-pro.html
2026-07-19,Dysk,Seagate BARRACUDA 2TB 7200obr. 256MB,569.0,,https://www.x-kom.pl/p/461759-dysk-hdd-seagate-barracuda-2tb-7200obr-256mb.html
2026-07-19,Dysk,Synology HAT3320-8T 8TB Plus,2199.0,,https://www.x-kom.pl/p/1418298-dysk-hdd-synology-hat3320-8t-8tb-plus.html
2026-07-19,Karta graficzna,Gigabyte GeForce RTX 5070 Windforce OC 12GB GDDR7 DLSS4,2799.0,,https://www.x-kom.pl/p/1318534-karta-graficzna-nvidia-gigabyte-geforce-rtx-5070-windforce-oc-12gb-gddr7-dlss4.html
2026-07-19,Karta graficzna,Gigabyte GeForce RTX 5080 Windforce OC 16GB GDDR7 DLSS4,5999.0,,https://www.x-kom.pl/p/1309189-karta-graficzna-nvidia-gigabyte-geforce-rtx-5080-windforce-oc-16gb-gddr7-dlss4.html
2026-07-19,Karta graficzna,Gigabyte Radeon RX 9060 XT Gaming OC 16GB GDDR6,2099.0,,https://www.x-kom.pl/p/1339802-karta-graficzna-amd-gigabyte-radeon-rx-9060-xt-gaming-oc-16gb-gddr6.html
2026-07-19,Karta graficzna,MSI GeForce RTX 5090 Gaming Trio OC 32GB GDDR7 DLSS4,18999.0,,https://www.x-kom.pl/p/1314559-karta-graficzna-nvidia-msi-geforce-rtx-5090-gaming-trio-oc-32gb-gddr7-dlss4.html
2026-07-19,Karta graficzna,PowerColor Radeon RX 7600 Fighter 8GB V2 GDDR6,1249.0,,https://www.x-kom.pl/p/1368326-karta-graficzna-amd-powercolor-radeon-rx-7600-fighter-8gb-v2-gddr6.html
2026-07-19,Pamięć RAM,Corsair 16GB (2x8GB) 5600 CL40 Vengeance RGB,1299.0,,https://www.x-kom.pl/p/1486220-pamiec-ram-ddr5-corsair-16gb-2x8gb-5600-cl40-vengeance-rgb.html
2026-07-19,Pamięć RAM,G.SKILL 32GB (2x16GB) 3200MHz CL16 Aegis,1169.0,,https://www.x-kom.pl/p/539275-pamiec-ram-ddr4-gskill-32gb-2x16gb-3200mhz-cl16-aegis.html
2026-07-19,Pamięć RAM,GOODRAM 8GB (1x8GB) 1600MHz CL11,209.0,,https://www.x-kom.pl/p/420909-pamiec-ram-sodimm-ddr3-goodram-8gb-1x8gb-1600mhz-cl11.html
2026-07-19,Pamięć RAM,Kingston FURY 16GB (2x8GB) 3200MHz CL16 Beast Black,739.0,,https://www.x-kom.pl/p/667295-pamiec-ram-ddr4-kingston-fury-16gb-2x8gb-3200mhz-cl16-beast-black.html
2026-07-19,Pamięć RAM,Patriot 32GB (2x16GB) 6000MT/s CL30 Venom,1779.0,,https://www.x-kom.pl/p/1258925-pamiec-ram-ddr5-patriot-32gb-2x16gb-6000mt-s-cl30-venom.html
2026-07-19,Procesor,AMD Ryzen 7 5800X,959.0,,https://www.x-kom.pl/p/597430-procesor-amd-ryzen-7-amd-ryzen-7-5800x.html
2026-07-19,Procesor,AMD Ryzen 7 9800X3D,1799.0,,https://www.x-kom.pl/p/1292320-procesor-amd-ryzen-7-amd-ryzen-7-9800x3d.html
2026-07-19,Procesor,AMD Ryzen Threadripper PRO 9995WX,51399.0,,https://www.x-kom.pl/p/1352192-procesor-amd-threadripper-amd-ryzen-threadripper-pro-9995wx.html
2026-07-19,Procesor,Intel Core i5-12400F,679.0,,https://www.x-kom.pl/p/702238-procesory-intel-core-i5-intel-core-i5-12400f.html
2026-07-19,Procesor,Intel Core i7-12700KF,1099.0,,https://www.x-kom.pl/p/689604-procesor-intel-core-i7-intel-core-i7-12700kf.html
2026-07-19,Płyta główna,ASRock A520M-ITX/AC,439.0,,https://www.x-kom.pl/p/613677-plyta-glowna-socket-am4-asrock-a520m-itx-ac.html
2026-07-19,Płyta główna,ASUS TUF GAMING B850-PLUS WIFI,885.0,,https://www.x-kom.pl/p/1306481-plyta-glowna-socket-am5-asus-tuf-gaming-b850-plus-wifi.html
2026-07-19,Płyta główna,Gigabyte B650 EAGLE AX,569.0,,https://www.x-kom.pl/p/1226980-plyta-glowna-socket-am5-gigabyte-b650-eagle-ax.html
2026-07-19,Płyta główna,Gigabyte X870 AORUS ELITE WIFI7 ICE,1199.0,,https://www.x-kom.pl/p/1282691-plyta-glowna-socket-am5-gigabyte-x870-aorus-elite-wifi7-ice.html
2026-07-19,Płyta główna,MSI B550 GAMING WIFI,559.0,,https://www.x-kom.pl/p/1480681-plyta-glowna-socket-am4-msi-b550-gaming-wifi.html
2026-07-20,Dysk,ADATA Dysk SSD External SD810 2TB USB3.2C 20Gb/s Srebrny,1499.0,,https://www.x-kom.pl/p/1211896-dysk-zewnetrzny-ssd-adata-dysk-ssd-external-sd810-2tb-usb32c-20gb-s-srebrny.html
2026-07-20,Dysk,Lexar 1TB M.2 PCIe Gen4 NVMe NM790,629.0,,https://www.x-kom.pl/p/1146134-dysk-ssd-lexar-1tb-m2-pcie-gen4-nvme-nm790.html
2026-07-20,Dysk,Samsung 2TB M.2 PCIe Gen5 NVMe 9100 PRO,2699.0,,https://www.x-kom.pl/p/1322624-dysk-ssd-samsung-2tb-m2-pcie-gen5-nvme-9100-pro.html
2026-07-20,Dysk,Seagate BARRACUDA 2TB 7200obr. 256MB,569.0,,https://www.x-kom.pl/p/461759-dysk-hdd-seagate-barracuda-2tb-7200obr-256mb.html
2026-07-20,Dysk,Synology HAT3320-8T 8TB Plus,2199.0,,https://www.x-kom.pl/p/1418298-dysk-hdd-synology-hat3320-8t-8tb-plus.html
2026-07-20,Karta graficzna,Gigabyte GeForce RTX 5070 Windforce OC 12GB GDDR7 DLSS4,2799.0,,https://www.x-kom.pl/p/1318534-karta-graficzna-nvidia-gigabyte-geforce-rtx-5070-windforce-oc-12gb-gddr7-dlss4.html
2026-07-20,Karta graficzna,Gigabyte GeForce RTX 5080 Windforce OC 16GB GDDR7 DLSS4,5999.0,,https://www.x-kom.pl/p/1309189-karta-graficzna-nvidia-gigabyte-geforce-rtx-5080-windforce-oc-16gb-gddr7-dlss4.html
2026-07-20,Karta graficzna,Gigabyte Radeon RX 9060 XT Gaming OC 16GB GDDR6,2099.0,,https://www.x-kom.pl/p/1339802-karta-graficzna-amd-gigabyte-radeon-rx-9060-xt-gaming-oc-16gb-gddr6.html
2026-07-20,Karta graficzna,MSI GeForce RTX 5090 Gaming Trio OC 32GB GDDR7 DLSS4,18999.0,,https://www.x-kom.pl/p/1314559-karta-graficzna-nvidia-msi-geforce-rtx-5090-gaming-trio-oc-32gb-gddr7-dlss4.html
2026-07-20,Karta graficzna,PowerColor Radeon RX 7600 Fighter 8GB V2 GDDR6,1249.0,,https://www.x-kom.pl/p/1368326-karta-graficzna-amd-powercolor-radeon-rx-7600-fighter-8gb-v2-gddr6.html
2026-07-20,Pamięć RAM,Corsair 16GB (2x8GB) 5600 CL40 Vengeance RGB,1299.0,,https://www.x-kom.pl/p/1486220-pamiec-ram-ddr5-corsair-16gb-2x8gb-5600-cl40-vengeance-rgb.html
2026-07-20,Pamięć RAM,G.SKILL 32GB (2x16GB) 3200MHz CL16 Aegis,1169.0,,https://www.x-kom.pl/p/539275-pamiec-ram-ddr4-gskill-32gb-2x16gb-3200mhz-cl16-aegis.html
2026-07-20,Pamięć RAM,GOODRAM 8GB (1x8GB) 1600MHz CL11,209.0,,https://www.x-kom.pl/p/420909-pamiec-ram-sodimm-ddr3-goodram-8gb-1x8gb-1600mhz-cl11.html
2026-07-20,Pamięć RAM,Kingston FURY 16GB (2x8GB) 3200MHz CL16 Beast Black,749.0,,https://www.x-kom.pl/p/667295-pamiec-ram-ddr4-kingston-fury-16gb-2x8gb-3200mhz-cl16-beast-black.html
2026-07-20,Pamięć RAM,Patriot 32GB (2x16GB) 6000MT/s CL30 Venom,1699.0,,https://www.x-kom.pl/p/1258925-pamiec-ram-ddr5-patriot-32gb-2x16gb-6000mt-s-cl30-venom.html
2026-07-20,Procesor,AMD Ryzen 7 5800X,959.0,,https://www.x-kom.pl/p/597430-procesor-amd-ryzen-7-amd-ryzen-7-5800x.html
2026-07-20,Procesor,AMD Ryzen 7 9800X3D,1799.0,,https://www.x-kom.pl/p/1292320-procesor-amd-ryzen-7-amd-ryzen-7-9800x3d.html
2026-07-20,Procesor,AMD Ryzen Threadripper PRO 9995WX,51399.0,,https://www.x-kom.pl/p/1352192-procesor-amd-threadripper-amd-ryzen-threadripper-pro-9995wx.html
2026-07-20,Procesor,Intel Core i5-12400F,599.0,,https://www.x-kom.pl/p/702238-procesory-intel-core-i5-intel-core-i5-12400f.html
2026-07-20,Procesor,Intel Core i7-12700KF,1099.0,,https://www.x-kom.pl/p/689604-procesor-intel-core-i7-intel-core-i7-12700kf.html
2026-07-20,Płyta główna,ASRock A520M-ITX/AC,439.0,,https://www.x-kom.pl/p/613677-plyta-glowna-socket-am4-asrock-a520m-itx-ac.html
2026-07-20,Płyta główna,ASUS TUF GAMING B850-PLUS WIFI,885.0,,https://www.x-kom.pl/p/1306481-plyta-glowna-socket-am5-asus-tuf-gaming-b850-plus-wifi.html
2026-07-20,Płyta główna,Gigabyte B650 EAGLE AX,569.0,,https://www.x-kom.pl/p/1226980-plyta-glowna-socket-am5-gigabyte-b650-eagle-ax.html
2026-07-20,Płyta główna,Gigabyte X870 AORUS ELITE WIFI7 ICE,1189.0,,https://www.x-kom.pl/p/1282691-plyta-glowna-socket-am5-gigabyte-x870-aorus-elite-wifi7-ice.html
2026-07-20,Płyta główna,MSI B550 GAMING WIFI,559.0,,https://www.x-kom.pl/p/1480681-plyta-glowna-socket-am4-msi-b550-gaming-wifi.html
2026-07-21,Dysk,ADATA Dysk SSD External SD810 2TB USB3.2C 20Gb/s Srebrny,1499.0,,https://www.x-kom.pl/p/1211896-dysk-zewnetrzny-ssd-adata-dysk-ssd-external-sd810-2tb-usb32c-20gb-s-srebrny.html
2026-07-21,Dysk,Lexar 1TB M.2 PCIe Gen4 NVMe NM790,629.0,,https://www.x-kom.pl/p/1146134-dysk-ssd-lexar-1tb-m2-pcie-gen4-nvme-nm790.html
2026-07-21,Dysk,Samsung 2TB M.2 PCIe Gen5 NVMe 9100 PRO,2699.0,,https://www.x-kom.pl/p/1322624-dysk-ssd-samsung-2tb-m2-pcie-gen5-nvme-9100-pro.html
2026-07-21,Dysk,Seagate BARRACUDA 2TB 7200obr. 256MB,569.0,,https://www.x-kom.pl/p/461759-dysk-hdd-seagate-barracuda-2tb-7200obr-256mb.html
2026-07-21,Dysk,Synology HAT3320-8T 8TB Plus,2199.0,,https://www.x-kom.pl/p/1418298-dysk-hdd-synology-hat3320-8t-8tb-plus.html
2026-07-21,Karta graficzna,Gigabyte GeForce RTX 5070 Windforce OC 12GB GDDR7 DLSS4,2799.0,,https://www.x-kom.pl/p/1318534-karta-graficzna-nvidia-gigabyte-geforce-rtx-5070-windforce-oc-12gb-gddr7-dlss4.html
2026-07-21,Karta graficzna,Gigabyte GeForce RTX 5080 Windforce OC 16GB GDDR7 DLSS4,5999.0,,https://www.x-kom.pl/p/1309189-karta-graficzna-nvidia-gigabyte-geforce-rtx-5080-windforce-oc-16gb-gddr7-dlss4.html
2026-07-21,Karta graficzna,Gigabyte Radeon RX 9060 XT Gaming OC 16GB GDDR6,2099.0,,https://www.x-kom.pl/p/1339802-karta-graficzna-amd-gigabyte-radeon-rx-9060-xt-gaming-oc-16gb-gddr6.html
2026-07-21,Karta graficzna,MSI GeForce RTX 5090 Gaming Trio OC 32GB GDDR7 DLSS4,18999.0,,https://www.x-kom.pl/p/1314559-karta-graficzna-nvidia-msi-geforce-rtx-5090-gaming-trio-oc-32gb-gddr7-dlss4.html
2026-07-21,Karta graficzna,PowerColor Radeon RX 7600 Fighter 8GB V2 GDDR6,1249.0,,https://www.x-kom.pl/p/1368326-karta-graficzna-amd-powercolor-radeon-rx-7600-fighter-8gb-v2-gddr6.html
2026-07-21,Pamięć RAM,Corsair 16GB (2x8GB) 5600 CL40 Vengeance RGB,1299.0,,https://www.x-kom.pl/p/1486220-pamiec-ram-ddr5-corsair-16gb-2x8gb-5600-cl40-vengeance-rgb.html
2026-07-21,Pamięć RAM,G.SKILL 32GB (2x16GB) 3200MHz CL16 Aegis,1169.0,,https://www.x-kom.pl/p/539275-pamiec-ram-ddr4-gskill-32gb-2x16gb-3200mhz-cl16-aegis.html
2026-07-21,Pamięć RAM,GOODRAM 8GB (1x8GB) 1600MHz CL11,209.0,,https://www.x-kom.pl/p/420909-pamiec-ram-sodimm-ddr3-goodram-8gb-1x8gb-1600mhz-cl11.html
2026-07-21,Pamięć RAM,Kingston FURY 16GB (2x8GB) 3200MHz CL16 Beast Black,749.0,,https://www.x-kom.pl/p/667295-pamiec-ram-ddr4-kingston-fury-16gb-2x8gb-3200mhz-cl16-beast-black.html
2026-07-21,Pamięć RAM,Patriot 32GB (2x16GB) 6000MT/s CL30 Venom,1699.0,,https://www.x-kom.pl/p/1258925-pamiec-ram-ddr5-patriot-32gb-2x16gb-6000mt-s-cl30-venom.html
2026-07-21,Procesor,AMD Ryzen 7 5800X,959.0,,https://www.x-kom.pl/p/597430-procesor-amd-ryzen-7-amd-ryzen-7-5800x.html
2026-07-21,Procesor,AMD Ryzen 7 9800X3D,1799.0,,https://www.x-kom.pl/p/1292320-procesor-amd-ryzen-7-amd-ryzen-7-9800x3d.html
2026-07-21,Procesor,AMD Ryzen Threadripper PRO 9995WX,51399.0,,https://www.x-kom.pl/p/1352192-procesor-amd-threadripper-amd-ryzen-threadripper-pro-9995wx.html
2026-07-21,Procesor,Intel Core i5-12400F,599.0,,https://www.x-kom.pl/p/702238-procesory-intel-core-i5-intel-core-i5-12400f.html
2026-07-21,Procesor,Intel Core i7-12700KF,1099.0,,https://www.x-kom.pl/p/689604-procesor-intel-core-i7-intel-core-i7-12700kf.html
2026-07-21,Płyta główna,ASRock A520M-ITX/AC,439.0,,https://www.x-kom.pl/p/613677-plyta-glowna-socket-am4-asrock-a520m-itx-ac.html
2026-07-21,Płyta główna,ASUS TUF GAMING B850-PLUS WIFI,885.0,,https://www.x-kom.pl/p/1306481-plyta-glowna-socket-am5-asus-tuf-gaming-b850-plus-wifi.html
2026-07-21,Płyta główna,Gigabyte B650 EAGLE AX,569.0,,https://www.x-kom.pl/p/1226980-plyta-glowna-socket-am5-gigabyte-b650-eagle-ax.html
2026-07-21,Płyta główna,Gigabyte X870 AORUS ELITE WIFI7 ICE,1189.0,,https://www.x-kom.pl/p/1282691-plyta-glowna-socket-am5-gigabyte-x870-aorus-elite-wifi7-ice.html
2026-07-21,Płyta główna,MSI B550 GAMING WIFI,559.0,,https://www.x-kom.pl/p/1480681-plyta-glowna-socket-am4-msi-b550-gaming-wifi.html
2026-07-22,Dysk,ADATA Dysk SSD External SD810 2TB USB3.2C 20Gb/s Srebrny,1499.0,,https://www.x-kom.pl/p/1211896-dysk-zewnetrzny-ssd-adata-dysk-ssd-external-sd810-2tb-usb32c-20gb-s-srebrny.html
2026-07-22,Dysk,Lexar 1TB M.2 PCIe Gen4 NVMe NM790,629.0,,https://www.x-kom.pl/p/1146134-dysk-ssd-lexar-1tb-m2-pcie-gen4-nvme-nm790.html
2026-07-22,Dysk,Samsung 2TB M.2 PCIe Gen5 NVMe 9100 PRO,2699.0,,https://www.x-kom.pl/p/1322624-dysk-ssd-samsung-2tb-m2-pcie-gen5-nvme-9100-pro.html
2026-07-22,Dysk,Seagate BARRACUDA 2TB 7200obr. 256MB,569.0,,https://www.x-kom.pl/p/461759-dysk-hdd-seagate-barracuda-2tb-7200obr-256mb.html
2026-07-22,Dysk,Synology HAT3320-8T 8TB Plus,2199.0,,https://www.x-kom.pl/p/1418298-dysk-hdd-synology-hat3320-8t-8tb-plus.html
2026-07-22,Karta graficzna,Gigabyte GeForce RTX 5070 Windforce OC 12GB GDDR7 DLSS4,2799.0,,https://www.x-kom.pl/p/1318534-karta-graficzna-nvidia-gigabyte-geforce-rtx-5070-windforce-oc-12gb-gddr7-dlss4.html
2026-07-22,Karta graficzna,Gigabyte GeForce RTX 5080 Windforce OC 16GB GDDR7 DLSS4,5999.0,,https://www.x-kom.pl/p/1309189-karta-graficzna-nvidia-gigabyte-geforce-rtx-5080-windforce-oc-16gb-gddr7-dlss4.html
2026-07-22,Karta graficzna,Gigabyte Radeon RX 9060 XT Gaming OC 16GB GDDR6,2099.0,,https://www.x-kom.pl/p/1339802-karta-graficzna-amd-gigabyte-radeon-rx-9060-xt-gaming-oc-16gb-gddr6.html
2026-07-22,Karta graficzna,MSI GeForce RTX 5090 Gaming Trio OC 32GB GDDR7 DLSS4,18999.0,,https://www.x-kom.pl/p/1314559-karta-graficzna-nvidia-msi-geforce-rtx-5090-gaming-trio-oc-32gb-gddr7-dlss4.html
2026-07-22,Karta graficzna,PowerColor Radeon RX 7600 Fighter 8GB V2 GDDR6,1249.0,,https://www.x-kom.pl/p/1368326-karta-graficzna-amd-powercolor-radeon-rx-7600-fighter-8gb-v2-gddr6.html
2026-07-22,Pamięć RAM,Corsair 16GB (2x8GB) 5600 CL40 Vengeance RGB,1299.0,,https://www.x-kom.pl/p/1486220-pamiec-ram-ddr5-corsair-16gb-2x8gb-5600-cl40-vengeance-rgb.html
2026-07-22,Pamięć RAM,G.SKILL 32GB (2x16GB) 3200MHz CL16 Aegis,1169.0,,https://www.x-kom.pl/p/539275-pamiec-ram-ddr4-gskill-32gb-2x16gb-3200mhz-cl16-aegis.html
2026-07-22,Pamięć RAM,GOODRAM 8GB (1x8GB) 1600MHz CL11,209.0,,https://www.x-kom.pl/p/420909-pamiec-ram-sodimm-ddr3-goodram-8gb-1x8gb-1600mhz-cl11.html
2026-07-22,Pamięć RAM,Kingston FURY 16GB (2x8GB) 3200MHz CL16 Beast Black,749.0,,https://www.x-kom.pl/p/667295-pamiec-ram-ddr4-kingston-fury-16gb-2x8gb-3200mhz-cl16-beast-black.html
2026-07-22,Pamięć RAM,Patriot 32GB (2x16GB) 6000MT/s CL30 Venom,1699.0,,https://www.x-kom.pl/p/1258925-pamiec-ram-ddr5-patriot-32gb-2x16gb-6000mt-s-cl30-venom.html
2026-07-22,Procesor,AMD Ryzen 7 5800X,959.0,,https://www.x-kom.pl/p/597430-procesor-amd-ryzen-7-amd-ryzen-7-5800x.html
2026-07-22,Procesor,AMD Ryzen 7 9800X3D,1799.0,,https://www.x-kom.pl/p/1292320-procesor-amd-ryzen-7-amd-ryzen-7-9800x3d.html
2026-07-22,Procesor,AMD Ryzen Threadripper PRO 9995WX,51399.0,,https://www.x-kom.pl/p/1352192-procesor-amd-threadripper-amd-ryzen-threadripper-pro-9995wx.html
2026-07-22,Procesor,Intel Core i5-12400F,599.0,,https://www.x-kom.pl/p/702238-procesory-intel-core-i5-intel-core-i5-12400f.html
2026-07-22,Procesor,Intel Core i7-12700KF,1099.0,,https://www.x-kom.pl/p/689604-procesor-intel-core-i7-intel-core-i7-12700kf.html
2026-07-22,Płyta główna,ASRock A520M-ITX/AC,439.0,,https://www.x-kom.pl/p/613677-plyta-glowna-socket-am4-asrock-a520m-itx-ac.html
2026-07-22,Płyta główna,ASUS TUF GAMING B850-PLUS WIFI,885.0,,https://www.x-kom.pl/p/1306481-plyta-glowna-socket-am5-asus-tuf-gaming-b850-plus-wifi.html
2026-07-22,Płyta główna,Gigabyte B650 EAGLE AX,569.0,,https://www.x-kom.pl/p/1226980-plyta-glowna-socket-am5-gigabyte-b650-eagle-ax.html
2026-07-22,Płyta główna,Gigabyte X870 AORUS ELITE WIFI7 ICE,1189.0,,https://www.x-kom.pl/p/1282691-plyta-glowna-socket-am5-gigabyte-x870-aorus-elite-wifi7-ice.html
2026-07-22,Płyta główna,MSI B550 GAMING WIFI,559.0,,https://www.x-kom.pl/p/1480681-plyta-glowna-socket-am4-msi-b550-gaming-wifi.html
2026-07-23,Dysk,ADATA Dysk SSD External SD810 2TB USB3.2C 20Gb/s Srebrny,1499.0,,https://www.x-kom.pl/p/1211896-dysk-zewnetrzny-ssd-adata-dysk-ssd-external-sd810-2tb-usb32c-20gb-s-srebrny.html
2026-07-23,Dysk,Lexar 1TB M.2 PCIe Gen4 NVMe NM790,629.0,,https://www.x-kom.pl/p/1146134-dysk-ssd-lexar-1tb-m2-pcie-gen4-nvme-nm790.html
2026-07-23,Dysk,Samsung 2TB M.2 PCIe Gen5 NVMe 9100 PRO,2699.0,,https://www.x-kom.pl/p/1322624-dysk-ssd-samsung-2tb-m2-pcie-gen5-nvme-9100-pro.html
2026-07-23,Dysk,Seagate BARRACUDA 2TB 7200obr. 256MB,569.0,,https://www.x-kom.pl/p/461759-dysk-hdd-seagate-barracuda-2tb-7200obr-256mb.html
2026-07-23,Dysk,Synology HAT3320-8T 8TB Plus,2199.0,,https://www.x-kom.pl/p/1418298-dysk-hdd-synology-hat3320-8t-8tb-plus.html
2026-07-23,Karta graficzna,Gigabyte GeForce RTX 5070 Windforce OC 12GB GDDR7 DLSS4,2799.0,,https://www.x-kom.pl/p/1318534-karta-graficzna-nvidia-gigabyte-geforce-rtx-5070-windforce-oc-12gb-gddr7-dlss4.html
2026-07-23,Karta graficzna,Gigabyte GeForce RTX 5080 Windforce OC 16GB GDDR7 DLSS4,5999.0,,https://www.x-kom.pl/p/1309189-karta-graficzna-nvidia-gigabyte-geforce-rtx-5080-windforce-oc-16gb-gddr7-dlss4.html
2026-07-23,Karta graficzna,Gigabyte Radeon RX 9060 XT Gaming OC 16GB GDDR6,2099.0,,https://www.x-kom.pl/p/1339802-karta-graficzna-amd-gigabyte-radeon-rx-9060-xt-gaming-oc-16gb-gddr6.html
2026-07-23,Karta graficzna,MSI GeForce RTX 5090 Gaming Trio OC 32GB GDDR7 DLSS4,18999.0,,https://www.x-kom.pl/p/1314559-karta-graficzna-nvidia-msi-geforce-rtx-5090-gaming-trio-oc-32gb-gddr7-dlss4.html
2026-07-23,Karta graficzna,PowerColor Radeon RX 7600 Fighter 8GB V2 GDDR6,1249.0,,https://www.x-kom.pl/p/1368326-karta-graficzna-amd-powercolor-radeon-rx-7600-fighter-8gb-v2-gddr6.html
2026-07-23,Pamięć RAM,Corsair 16GB (2x8GB) 5600 CL40 Vengeance RGB,1299.0,,https://www.x-kom.pl/p/1486220-pamiec-ram-ddr5-corsair-16gb-2x8gb-5600-cl40-vengeance-rgb.html
2026-07-23,Pamięć RAM,G.SKILL 32GB (2x16GB) 3200MHz CL16 Aegis,1169.0,,https://www.x-kom.pl/p/539275-pamiec-ram-ddr4-gskill-32gb-2x16gb-3200mhz-cl16-aegis.html
2026-07-23,Pamięć RAM,GOODRAM 8GB (1x8GB) 1600MHz CL11,209.0,,https://www.x-kom.pl/p/420909-pamiec-ram-sodimm-ddr3-goodram-8gb-1x8gb-1600mhz-cl11.html
2026-07-23,Pamięć RAM,Kingston FURY 16GB (2x8GB) 3200MHz CL16 Beast Black,749.0,,https://www.x-kom.pl/p/667295-pamiec-ram-ddr4-kingston-fury-16gb-2x8gb-3200mhz-cl16-beast-black.html
2026-07-23,Pamięć RAM,Patriot 32GB (2x16GB) 6000MT/s CL30 Venom,1699.0,,https://www.x-kom.pl/p/1258925-pamiec-ram-ddr5-patriot-32gb-2x16gb-6000mt-s-cl30-venom.html
2026-07-23,Procesor,AMD Ryzen 7 5800X,959.0,,https://www.x-kom.pl/p/597430-procesor-amd-ryzen-7-amd-ryzen-7-5800x.html
2026-07-23,Procesor,AMD Ryzen 7 9800X3D,1799.0,,https://www.x-kom.pl/p/1292320-procesor-amd-ryzen-7-amd-ryzen-7-9800x3d.html
2026-07-23,Procesor,AMD Ryzen Threadripper PRO 9995WX,51399.0,,https://www.x-kom.pl/p/1352192-procesor-amd-threadripper-amd-ryzen-threadripper-pro-9995wx.html
2026-07-23,Procesor,Intel Core i5-12400F,599.0,,https://www.x-kom.pl/p/702238-procesory-intel-core-i5-intel-core-i5-12400f.html
2026-07-23,Procesor,Intel Core i7-12700KF,1099.0,,https://www.x-kom.pl/p/689604-procesor-intel-core-i7-intel-core-i7-12700kf.html
2026-07-23,Płyta główna,ASRock A520M-ITX/AC,439.0,,https://www.x-kom.pl/p/613677-plyta-glowna-socket-am4-asrock-a520m-itx-ac.html
2026-07-23,Płyta główna,ASUS TUF GAMING B850-PLUS WIFI,885.0,,https://www.x-kom.pl/p/1306481-plyta-glowna-socket-am5-asus-tuf-gaming-b850-plus-wifi.html
2026-07-23,Płyta główna,Gigabyte B650 EAGLE AX,569.0,,https://www.x-kom.pl/p/1226980-plyta-glowna-socket-am5-gigabyte-b650-eagle-ax.html
2026-07-23,Płyta główna,Gigabyte X870 AORUS ELITE WIFI7 ICE,1189.0,,https://www.x-kom.pl/p/1282691-plyta-glowna-socket-am5-gigabyte-x870-aorus-elite-wifi7-ice.html
2026-07-23,Płyta główna,MSI B550 GAMING WIFI,559.0,,https://www.x-kom.pl/p/1480681-plyta-glowna-socket-am4-msi-b550-gaming-wifi.html
2026-07-24,Dysk,ADATA Dysk SSD External SD810 2TB USB3.2C 20Gb/s Srebrny,1499.0,,https://www.x-kom.pl/p/1211896-dysk-zewnetrzny-ssd-adata-dysk-ssd-external-sd810-2tb-usb32c-20gb-s-srebrny.html
2026-07-24,Dysk,Lexar 1TB M.2 PCIe Gen4 NVMe NM790,629.0,,https://www.x-kom.pl/p/1146134-dysk-ssd-lexar-1tb-m2-pcie-gen4-nvme-nm790.html
2026-07-24,Dysk,Samsung 2TB M.2 PCIe Gen5 NVMe 9100 PRO,2699.0,,https://www.x-kom.pl/p/1322624-dysk-ssd-samsung-2tb-m2-pcie-gen5-nvme-9100-pro.html
2026-07-24,Dysk,Seagate BARRACUDA 2TB 7200obr. 256MB,569.0,,https://www.x-kom.pl/p/461759-dysk-hdd-seagate-barracuda-2tb-7200obr-256mb.html
2026-07-24,Dysk,Synology HAT3320-8T 8TB Plus,2199.0,,https://www.x-kom.pl/p/1418298-dysk-hdd-synology-hat3320-8t-8tb-plus.html
2026-07-24,Karta graficzna,Gigabyte GeForce RTX 5070 Windforce OC 12GB GDDR7 DLSS4,3099.0,,https://www.x-kom.pl/p/1318534-karta-graficzna-nvidia-gigabyte-geforce-rtx-5070-windforce-oc-12gb-gddr7-dlss4.html
2026-07-24,Karta graficzna,Gigabyte GeForce RTX 5080 Windforce OC 16GB GDDR7 DLSS4,6199.0,,https://www.x-kom.pl/p/1309189-karta-graficzna-nvidia-gigabyte-geforce-rtx-5080-windforce-oc-16gb-gddr7-dlss4.html
2026-07-24,Karta graficzna,Gigabyte Radeon RX 9060 XT Gaming OC 16GB GDDR6,2099.0,,https://www.x-kom.pl/p/1339802-karta-graficzna-amd-gigabyte-radeon-rx-9060-xt-gaming-oc-16gb-gddr6.html
2026-07-24,Karta graficzna,MSI GeForce RTX 5090 Gaming Trio OC 32GB GDDR7 DLSS4,21499.0,,https://www.x-kom.pl/p/1314559-karta-graficzna-nvidia-msi-geforce-rtx-5090-gaming-trio-oc-32gb-gddr7-dlss4.html
2026-07-24,Karta graficzna,PowerColor Radeon RX 7600 Fighter 8GB V2 GDDR6,1249.0,,https://www.x-kom.pl/p/1368326-karta-graficzna-amd-powercolor-radeon-rx-7600-fighter-8gb-v2-gddr6.html
2026-07-24,Pamięć RAM,Corsair 16GB (2x8GB) 5600 CL40 Vengeance RGB,1299.0,,https://www.x-kom.pl/p/1486220-pamiec-ram-ddr5-corsair-16gb-2x8gb-5600-cl40-vengeance-rgb.html
2026-07-24,Pamięć RAM,G.SKILL 32GB (2x16GB) 3200MHz CL16 Aegis,1169.0,,https://www.x-kom.pl/p/539275-pamiec-ram-ddr4-gskill-32gb-2x16gb-3200mhz-cl16-aegis.html
2026-07-24,Pamięć RAM,GOODRAM 8GB (1x8GB) 1600MHz CL11,209.0,,https://www.x-kom.pl/p/420909-pamiec-ram-sodimm-ddr3-goodram-8gb-1x8gb-1600mhz-cl11.html
2026-07-24,Pamięć RAM,Kingston FURY 16GB (2x8GB) 3200MHz CL16 Beast Black,749.0,,https://www.x-kom.pl/p/667295-pamiec-ram-ddr4-kingston-fury-16gb-2x8gb-3200mhz-cl16-beast-black.html
2026-07-24,Pamięć RAM,Patriot 32GB (2x16GB) 6000MT/s CL30 Venom,1699.0,,https://www.x-kom.pl/p/1258925-pamiec-ram-ddr5-patriot-32gb-2x16gb-6000mt-s-cl30-venom.html
2026-07-24,Procesor,AMD Ryzen 7 5800X,959.0,,https://www.x-kom.pl/p/597430-procesor-amd-ryzen-7-amd-ryzen-7-5800x.html
2026-07-24,Procesor,AMD Ryzen 7 9800X3D,1799.0,,https://www.x-kom.pl/p/1292320-procesor-amd-ryzen-7-amd-ryzen-7-9800x3d.html
2026-07-24,Procesor,AMD Ryzen Threadripper PRO 9995WX,51399.0,,https://www.x-kom.pl/p/1352192-procesor-amd-threadripper-amd-ryzen-threadripper-pro-9995wx.html
2026-07-24,Procesor,Intel Core i5-12400F,599.0,,https://www.x-kom.pl/p/702238-procesory-intel-core-i5-intel-core-i5-12400f.html
2026-07-24,Procesor,Intel Core i7-12700KF,1099.0,,https://www.x-kom.pl/p/689604-procesor-intel-core-i7-intel-core-i7-12700kf.html
2026-07-24,Płyta główna,ASRock A520M-ITX/AC,439.0,,https://www.x-kom.pl/p/613677-plyta-glowna-socket-am4-asrock-a520m-itx-ac.html
2026-07-24,Płyta główna,ASUS TUF GAMING B850-PLUS WIFI,885.0,,https://www.x-kom.pl/p/1306481-plyta-glowna-socket-am5-asus-tuf-gaming-b850-plus-wifi.html
2026-07-24,Płyta główna,Gigabyte B650 EAGLE AX,569.0,,https://www.x-kom.pl/p/1226980-plyta-glowna-socket-am5-gigabyte-b650-eagle-ax.html
2026-07-24,Płyta główna,Gigabyte X870 AORUS ELITE WIFI7 ICE,1189.0,,https://www.x-kom.pl/p/1282691-plyta-glowna-socket-am5-gigabyte-x870-aorus-elite-wifi7-ice.html
2026-07-24,Płyta główna,MSI B550 GAMING WIFI,559.0,,https://www.x-kom.pl/p/1480681-plyta-glowna-socket-am4-msi-b550-gaming-wifi.html
2026-07-25,Dysk,ADATA Dysk SSD External SD810 2TB USB3.2C 20Gb/s Srebrny,1499.0,,https://www.x-kom.pl/p/1211896-dysk-zewnetrzny-ssd-adata-dysk-ssd-external-sd810-2tb-usb32c-20gb-s-srebrny.html
2026-07-25,Dysk,Lexar 1TB M.2 PCIe Gen4 NVMe NM790,629.0,,https://www.x-kom.pl/p/1146134-dysk-ssd-lexar-1tb-m2-pcie-gen4-nvme-nm790.html
2026-07-25,Dysk,Samsung 2TB M.2 PCIe Gen5 NVMe 9100 PRO,2699.0,,https://www.x-kom.pl/p/1322624-dysk-ssd-samsung-2tb-m2-pcie-gen5-nvme-9100-pro.html
2026-07-25,Dysk,Seagate BARRACUDA 2TB 7200obr. 256MB,569.0,,https://www.x-kom.pl/p/461759-dysk-hdd-seagate-barracuda-2tb-7200obr-256mb.html
2026-07-25,Dysk,Synology HAT3320-8T 8TB Plus,2199.0,,https://www.x-kom.pl/p/1418298-dysk-hdd-synology-hat3320-8t-8tb-plus.html
2026-07-25,Karta graficzna,Gigabyte GeForce RTX 5070 Windforce OC 12GB GDDR7 DLSS4,3099.0,,https://www.x-kom.pl/p/1318534-karta-graficzna-nvidia-gigabyte-geforce-rtx-5070-windforce-oc-12gb-gddr7-dlss4.html
2026-07-25,Karta graficzna,Gigabyte GeForce RTX 5080 Windforce OC 16GB GDDR7 DLSS4,6199.0,,https://www.x-kom.pl/p/1309189-karta-graficzna-nvidia-gigabyte-geforce-rtx-5080-windforce-oc-16gb-gddr7-dlss4.html
2026-07-25,Karta graficzna,Gigabyte Radeon RX 9060 XT Gaming OC 16GB GDDR6,2099.0,,https://www.x-kom.pl/p/1339802-karta-graficzna-amd-gigabyte-radeon-rx-9060-xt-gaming-oc-16gb-gddr6.html
2026-07-25,Karta graficzna,MSI GeForce RTX 5090 Gaming Trio OC 32GB GDDR7 DLSS4,21499.0,,https://www.x-kom.pl/p/1314559-karta-graficzna-nvidia-msi-geforce-rtx-5090-gaming-trio-oc-32gb-gddr7-dlss4.html
2026-07-25,Karta graficzna,PowerColor Radeon RX 7600 Fighter 8GB V2 GDDR6,1249.0,,https://www.x-kom.pl/p/1368326-karta-graficzna-amd-powercolor-radeon-rx-7600-fighter-8gb-v2-gddr6.html
2026-07-25,Pamięć RAM,Corsair 16GB (2x8GB) 5600 CL40 Vengeance RGB,1299.0,,https://www.x-kom.pl/p/1486220-pamiec-ram-ddr5-corsair-16gb-2x8gb-5600-cl40-vengeance-rgb.html
2026-07-25,Pamięć RAM,G.SKILL 32GB (2x16GB) 3200MHz CL16 Aegis,1169.0,,https://www.x-kom.pl/p/539275-pamiec-ram-ddr4-gskill-32gb-2x16gb-3200mhz-cl16-aegis.html
2026-07-25,Pamięć RAM,GOODRAM 8GB (1x8GB) 1600MHz CL11,209.0,,https://www.x-kom.pl/p/420909-pamiec-ram-sodimm-ddr3-goodram-8gb-1x8gb-1600mhz-cl11.html
2026-07-25,Pamięć RAM,Kingston FURY 16GB (2x8GB) 3200MHz CL16 Beast Black,749.0,,https://www.x-kom.pl/p/667295-pamiec-ram-ddr4-kingston-fury-16gb-2x8gb-3200mhz-cl16-beast-black.html
2026-07-25,Pamięć RAM,Patriot 32GB (2x16GB) 6000MT/s CL30 Venom,1699.0,,https://www.x-kom.pl/p/1258925-pamiec-ram-ddr5-patriot-32gb-2x16gb-6000mt-s-cl30-venom.html
2026-07-25,Procesor,AMD Ryzen 7 5800X,959.0,,https://www.x-kom.pl/p/597430-procesor-amd-ryzen-7-amd-ryzen-7-5800x.html
2026-07-25,Procesor,AMD Ryzen 7 9800X3D,1799.0,,https://www.x-kom.pl/p/1292320-procesor-amd-ryzen-7-amd-ryzen-7-9800x3d.html
2026-07-25,Procesor,AMD Ryzen Threadripper PRO 9995WX,51399.0,,https://www.x-kom.pl/p/1352192-procesor-amd-threadripper-amd-ryzen-threadripper-pro-9995wx.html
2026-07-25,Procesor,Intel Core i5-12400F,599.0,,https://www.x-kom.pl/p/702238-procesory-intel-core-i5-intel-core-i5-12400f.html
2026-07-25,Procesor,Intel Core i7-12700KF,1099.0,,https://www.x-kom.pl/p/689604-procesor-intel-core-i7-intel-core-i7-12700kf.html
2026-07-25,Płyta główna,ASRock A520M-ITX/AC,439.0,,https://www.x-kom.pl/p/613677-plyta-glowna-socket-am4-asrock-a520m-itx-ac.html
2026-07-25,Płyta główna,ASUS TUF GAMING B850-PLUS WIFI,885.0,,https://www.x-kom.pl/p/1306481-plyta-glowna-socket-am5-asus-tuf-gaming-b850-plus-wifi.html
2026-07-25,Płyta główna,Gigabyte B650 EAGLE AX,569.0,,https://www.x-kom.pl/p/1226980-plyta-glowna-socket-am5-gigabyte-b650-eagle-ax.html
2026-07-25,Płyta główna,Gigabyte X870 AORUS ELITE WIFI7 ICE,1189.0,,https://www.x-kom.pl/p/1282691-plyta-glowna-socket-am5-gigabyte-x870-aorus-elite-wifi7-ice.html
2026-07-25,Płyta główna,MSI B550 GAMING WIFI,559.0,,https://www.x-kom.pl/p/1480681-plyta-glowna-socket-am4-msi-b550-gaming-wifi.html
2026-07-26,Dysk,ADATA Dysk SSD External SD810 2TB USB3.2C 20Gb/s Srebrny,1499.0,,https://www.x-kom.pl/p/1211896-dysk-zewnetrzny-ssd-adata-dysk-ssd-external-sd810-2tb-usb32c-20gb-s-srebrny.html
2026-07-26,Dysk,Lexar 1TB M.2 PCIe Gen4 NVMe NM790,629.0,,https://www.x-kom.pl/p/1146134-dysk-ssd-lexar-1tb-m2-pcie-gen4-nvme-nm790.html
2026-07-26,Dysk,Samsung 2TB M.2 PCIe Gen5 NVMe 9100 PRO,2699.0,,https://www.x-kom.pl/p/1322624-dysk-ssd-samsung-2tb-m2-pcie-gen5-nvme-9100-pro.html
2026-07-26,Dysk,Seagate BARRACUDA 2TB 7200obr. 256MB,569.0,,https://www.x-kom.pl/p/461759-dysk-hdd-seagate-barracuda-2tb-7200obr-256mb.html
2026-07-26,Dysk,Synology HAT3320-8T 8TB Plus,2199.0,,https://www.x-kom.pl/p/1418298-dysk-hdd-synology-hat3320-8t-8tb-plus.html
2026-07-26,Karta graficzna,Gigabyte GeForce RTX 5070 Windforce OC 12GB GDDR7 DLSS4,3099.0,,https://www.x-kom.pl/p/1318534-karta-graficzna-nvidia-gigabyte-geforce-rtx-5070-windforce-oc-12gb-gddr7-dlss4.html
2026-07-26,Karta graficzna,Gigabyte GeForce RTX 5080 Windforce OC 16GB GDDR7 DLSS4,6199.0,,https://www.x-kom.pl/p/1309189-karta-graficzna-nvidia-gigabyte-geforce-rtx-5080-windforce-oc-16gb-gddr7-dlss4.html
2026-07-26,Karta graficzna,Gigabyte Radeon RX 9060 XT Gaming OC 16GB GDDR6,2099.0,,https://www.x-kom.pl/p/1339802-karta-graficzna-amd-gigabyte-radeon-rx-9060-xt-gaming-oc-16gb-gddr6.html
2026-07-26,Karta graficzna,MSI GeForce RTX 5090 Gaming Trio OC 32GB GDDR7 DLSS4,21499.0,,https://www.x-kom.pl/p/1314559-karta-graficzna-nvidia-msi-geforce-rtx-5090-gaming-trio-oc-32gb-gddr7-dlss4.html
2026-07-26,Karta graficzna,PowerColor Radeon RX 7600 Fighter 8GB V2 GDDR6,1249.0,,https://www.x-kom.pl/p/1368326-karta-graficzna-amd-powercolor-radeon-rx-7600-fighter-8gb-v2-gddr6.html
2026-07-26,Pamięć RAM,Corsair 16GB (2x8GB) 5600 CL40 Vengeance RGB,1299.0,,https://www.x-kom.pl/p/1486220-pamiec-ram-ddr5-corsair-16gb-2x8gb-5600-cl40-vengeance-rgb.html
2026-07-26,Pamięć RAM,G.SKILL 32GB (2x16GB) 3200MHz CL16 Aegis,1169.0,,https://www.x-kom.pl/p/539275-pamiec-ram-ddr4-gskill-32gb-2x16gb-3200mhz-cl16-aegis.html
2026-07-26,Pamięć RAM,GOODRAM 8GB (1x8GB) 1600MHz CL11,209.0,,https://www.x-kom.pl/p/420909-pamiec-ram-sodimm-ddr3-goodram-8gb-1x8gb-1600mhz-cl11.html
2026-07-26,Pamięć RAM,Kingston FURY 16GB (2x8GB) 3200MHz CL16 Beast Black,749.0,,https://www.x-kom.pl/p/667295-pamiec-ram-ddr4-kingston-fury-16gb-2x8gb-3200mhz-cl16-beast-black.html
2026-07-26,Pamięć RAM,Patriot 32GB (2x16GB) 6000MT/s CL30 Venom,1779.0,,https://www.x-kom.pl/p/1258925-pamiec-ram-ddr5-patriot-32gb-2x16gb-6000mt-s-cl30-venom.html
2026-07-26,Procesor,AMD Ryzen 7 5800X,959.0,,https://www.x-kom.pl/p/597430-procesor-amd-ryzen-7-amd-ryzen-7-5800x.html
2026-07-26,Procesor,AMD Ryzen 7 9800X3D,1799.0,,https://www.x-kom.pl/p/1292320-procesor-amd-ryzen-7-amd-ryzen-7-9800x3d.html
2026-07-26,Procesor,AMD Ryzen Threadripper PRO 9995WX,51399.0,,https://www.x-kom.pl/p/1352192-procesor-amd-threadripper-amd-ryzen-threadripper-pro-9995wx.html
2026-07-26,Procesor,Intel Core i5-12400F,599.0,,https://www.x-kom.pl/p/702238-procesory-intel-core-i5-intel-core-i5-12400f.html
2026-07-26,Procesor,Intel Core i7-12700KF,1099.0,,https://www.x-kom.pl/p/689604-procesor-intel-core-i7-intel-core-i7-12700kf.html
2026-07-26,Płyta główna,ASRock A520M-ITX/AC,439.0,,https://www.x-kom.pl/p/613677-plyta-glowna-socket-am4-asrock-a520m-itx-ac.html
2026-07-26,Płyta główna,ASUS TUF GAMING B850-PLUS WIFI,885.0,,https://www.x-kom.pl/p/1306481-plyta-glowna-socket-am5-asus-tuf-gaming-b850-plus-wifi.html
2026-07-26,Płyta główna,Gigabyte B650 EAGLE AX,569.0,,https://www.x-kom.pl/p/1226980-plyta-glowna-socket-am5-gigabyte-b650-eagle-ax.html
2026-07-26,Płyta główna,Gigabyte X870 AORUS ELITE WIFI7 ICE,1189.0,,https://www.x-kom.pl/p/1282691-plyta-glowna-socket-am5-gigabyte-x870-aorus-elite-wifi7-ice.html
2026-07-26,Płyta główna,MSI B550 GAMING WIFI,559.0,,https://www.x-kom.pl/p/1480681-plyta-glowna-socket-am4-msi-b550-gaming-wifi.html
2026-07-27,Dysk,ADATA Dysk SSD External SD810 2TB USB3.2C 20Gb/s Srebrny,1499.0,,https://www.x-kom.pl/p/1211896-dysk-zewnetrzny-ssd-adata-dysk-ssd-external-sd810-2tb-usb32c-20gb-s-srebrny.html
2026-07-27,Dysk,Lexar 1TB M.2 PCIe Gen4 NVMe NM790,739.0,,https://www.x-kom.pl/p/1146134-dysk-ssd-lexar-1tb-m2-pcie-gen4-nvme-nm790.html
2026-07-27,Dysk,Samsung 2TB M.2 PCIe Gen5 NVMe 9100 PRO,2699.0,,https://www.x-kom.pl/p/1322624-dysk-ssd-samsung-2tb-m2-pcie-gen5-nvme-9100-pro.html
2026-07-27,Dysk,Seagate BARRACUDA 2TB 7200obr. 256MB,569.0,,https://www.x-kom.pl/p/461759-dysk-hdd-seagate-barracuda-2tb-7200obr-256mb.html
2026-07-27,Dysk,Synology HAT3320-8T 8TB Plus,2199.0,,https://www.x-kom.pl/p/1418298-dysk-hdd-synology-hat3320-8t-8tb-plus.html
2026-07-27,Karta graficzna,Gigabyte GeForce RTX 5070 Windforce OC 12GB GDDR7 DLSS4,3399.0,,https://www.x-kom.pl/p/1318534-karta-graficzna-nvidia-gigabyte-geforce-rtx-5070-windforce-oc-12gb-gddr7-dlss4.html
2026-07-27,Karta graficzna,Gigabyte GeForce RTX 5080 Windforce OC 16GB GDDR7 DLSS4,6599.0,,https://www.x-kom.pl/p/1309189-karta-graficzna-nvidia-gigabyte-geforce-rtx-5080-windforce-oc-16gb-gddr7-dlss4.html
2026-07-27,Karta graficzna,Gigabyte Radeon RX 9060 XT Gaming OC 16GB GDDR6,2099.0,,https://www.x-kom.pl/p/1339802-karta-graficzna-amd-gigabyte-radeon-rx-9060-xt-gaming-oc-16gb-gddr6.html
2026-07-27,Karta graficzna,MSI GeForce RTX 5090 Gaming Trio OC 32GB GDDR7 DLSS4,21499.0,,https://www.x-kom.pl/p/1314559-karta-graficzna-nvidia-msi-geforce-rtx-5090-gaming-trio-oc-32gb-gddr7-dlss4.html
2026-07-27,Karta graficzna,PowerColor Radeon RX 7600 Fighter 8GB V2 GDDR6,1249.0,,https://www.x-kom.pl/p/1368326-karta-graficzna-amd-powercolor-radeon-rx-7600-fighter-8gb-v2-gddr6.html
2026-07-27,Pamięć RAM,Corsair 16GB (2x8GB) 5600 CL40 Vengeance RGB,1299.0,,https://www.x-kom.pl/p/1486220-pamiec-ram-ddr5-corsair-16gb-2x8gb-5600-cl40-vengeance-rgb.html
2026-07-27,Pamięć RAM,G.SKILL 32GB (2x16GB) 3200MHz CL16 Aegis,1169.0,,https://www.x-kom.pl/p/539275-pamiec-ram-ddr4-gskill-32gb-2x16gb-3200mhz-cl16-aegis.html
2026-07-27,Pamięć RAM,GOODRAM 8GB (1x8GB) 1600MHz CL11,209.0,,https://www.x-kom.pl/p/420909-pamiec-ram-sodimm-ddr3-goodram-8gb-1x8gb-1600mhz-cl11.html
2026-07-27,Pamięć RAM,Kingston FURY 16GB (2x8GB) 3200MHz CL16 Beast Black,749.0,,https://www.x-kom.pl/p/667295-pamiec-ram-ddr4-kingston-fury-16gb-2x8gb-3200mhz-cl16-beast-black.html
2026-07-27,Pamięć RAM,Patriot 32GB (2x16GB) 6000MT/s CL30 Venom,1779.0,,https://www.x-kom.pl/p/1258925-pamiec-ram-ddr5-patriot-32gb-2x16gb-6000mt-s-cl30-venom.html
2026-07-27,Procesor,AMD Ryzen 7 5800X,959.0,,https://www.x-kom.pl/p/597430-procesor-amd-ryzen-7-amd-ryzen-7-5800x.html
2026-07-27,Procesor,AMD Ryzen 7 9800X3D,1799.0,,https://www.x-kom.pl/p/1292320-procesor-amd-ryzen-7-amd-ryzen-7-9800x3d.html
2026-07-27,Procesor,AMD Ryzen Threadripper PRO 9995WX,51399.0,,https://www.x-kom.pl/p/1352192-procesor-amd-threadripper-amd-ryzen-threadripper-pro-9995wx.html
2026-07-27,Procesor,Intel Core i5-12400F,679.0,,https://www.x-kom.pl/p/702238-procesory-intel-core-i5-intel-core-i5-12400f.html
2026-07-27,Procesor,Intel Core i7-12700KF,1099.0,,https://www.x-kom.pl/p/689604-procesor-intel-core-i7-intel-core-i7-12700kf.html
2026-07-27,Płyta główna,ASRock A520M-ITX/AC,439.0,,https://www.x-kom.pl/p/613677-plyta-glowna-socket-am4-asrock-a520m-itx-ac.html
2026-07-27,Płyta główna,ASUS TUF GAMING B850-PLUS WIFI,909.0,,https://www.x-kom.pl/p/1306481-plyta-glowna-socket-am5-asus-tuf-gaming-b850-plus-wifi.html
2026-07-27,Płyta główna,Gigabyte B650 EAGLE AX,569.0,,https://www.x-kom.pl/p/1226980-plyta-glowna-socket-am5-gigabyte-b650-eagle-ax.html
2026-07-27,Płyta główna,Gigabyte X870 AORUS ELITE WIFI7 ICE,1189.0,,https://www.x-kom.pl/p/1282691-plyta-glowna-socket-am5-gigabyte-x870-aorus-elite-wifi7-ice.html
2026-07-27,Płyta główna,MSI B550 GAMING WIFI,559.0,,https://www.x-kom.pl/p/1480681-plyta-glowna-socket-am4-msi-b550-gaming-wifi.html
2026-07-28,Dysk,ADATA Dysk SSD External SD810 2TB USB3.2C 20Gb/s Srebrny,1499.0,,https://www.x-kom.pl/p/1211896-dysk-zewnetrzny-ssd-adata-dysk-ssd-external-sd810-2tb-usb32c-20gb-s-srebrny.html
2026-07-28,Dysk,Lexar 1TB M.2 PCIe Gen4 NVMe NM790,739.0,,https://www.x-kom.pl/p/1146134-dysk-ssd-lexar-1tb-m2-pcie-gen4-nvme-nm790.html
2026-07-28,Dysk,Samsung 2TB M.2 PCIe Gen5 NVMe 9100 PRO,2699.0,,https://www.x-kom.pl/p/1322624-dysk-ssd-samsung-2tb-m2-pcie-gen5-nvme-9100-pro.html
2026-07-28,Dysk,Seagate BARRACUDA 2TB 7200obr. 256MB,569.0,,https://www.x-kom.pl/p/461759-dysk-hdd-seagate-barracuda-2tb-7200obr-256mb.html
2026-07-28,Dysk,Synology HAT3320-8T 8TB Plus,2199.0,,https://www.x-kom.pl/p/1418298-dysk-hdd-synology-hat3320-8t-8tb-plus.html
2026-07-28,Karta graficzna,Gigabyte GeForce RTX 5070 Windforce OC 12GB GDDR7 DLSS4,3399.0,,https://www.x-kom.pl/p/1318534-karta-graficzna-nvidia-gigabyte-geforce-rtx-5070-windforce-oc-12gb-gddr7-dlss4.html
2026-07-28,Karta graficzna,Gigabyte GeForce RTX 5080 Windforce OC 16GB GDDR7 DLSS4,6599.0,,https://www.x-kom.pl/p/1309189-karta-graficzna-nvidia-gigabyte-geforce-rtx-5080-windforce-oc-16gb-gddr7-dlss4.html
2026-07-28,Karta graficzna,Gigabyte Radeon RX 9060 XT Gaming OC 16GB GDDR6,2099.0,,https://www.x-kom.pl/p/1339802-karta-graficzna-amd-gigabyte-radeon-rx-9060-xt-gaming-oc-16gb-gddr6.html
2026-07-28,Karta graficzna,MSI GeForce RTX 5090 Gaming Trio OC 32GB GDDR7 DLSS4,21499.0,,https://www.x-kom.pl/p/1314559-karta-graficzna-nvidia-msi-geforce-rtx-5090-gaming-trio-oc-32gb-gddr7-dlss4.html
2026-07-28,Karta graficzna,PowerColor Radeon RX 7600 Fighter 8GB V2 GDDR6,1249.0,,https://www.x-kom.pl/p/1368326-karta-graficzna-amd-powercolor-radeon-rx-7600-fighter-8gb-v2-gddr6.html
2026-07-28,Pamięć RAM,Corsair 16GB (2x8GB) 5600 CL40 Vengeance RGB,1299.0,,https://www.x-kom.pl/p/1486220-pamiec-ram-ddr5-corsair-16gb-2x8gb-5600-cl40-vengeance-rgb.html
2026-07-28,Pamięć RAM,G.SKILL 32GB (2x16GB) 3200MHz CL16 Aegis,1169.0,,https://www.x-kom.pl/p/539275-pamiec-ram-ddr4-gskill-32gb-2x16gb-3200mhz-cl16-aegis.html
2026-07-28,Pamięć RAM,GOODRAM 8GB (1x8GB) 1600MHz CL11,209.0,,https://www.x-kom.pl/p/420909-pamiec-ram-sodimm-ddr3-goodram-8gb-1x8gb-1600mhz-cl11.html
2026-07-28,Pamięć RAM,Kingston FURY 16GB (2x8GB) 3200MHz CL16 Beast Black,749.0,,https://www.x-kom.pl/p/667295-pamiec-ram-ddr4-kingston-fury-16gb-2x8gb-3200mhz-cl16-beast-black.html
2026-07-28,Pamięć RAM,Patriot 32GB (2x16GB) 6000MT/s CL30 Venom,1779.0,,https://www.x-kom.pl/p/1258925-pamiec-ram-ddr5-patriot-32gb-2x16gb-6000mt-s-cl30-venom.html
2026-07-28,Procesor,AMD Ryzen 7 5800X,959.0,,https://www.x-kom.pl/p/597430-procesor-amd-ryzen-7-amd-ryzen-7-5800x.html
2026-07-28,Procesor,AMD Ryzen 7 9800X3D,1799.0,,https://www.x-kom.pl/p/1292320-procesor-amd-ryzen-7-amd-ryzen-7-9800x3d.html
2026-07-28,Procesor,AMD Ryzen Threadripper PRO 9995WX,51399.0,,https://www.x-kom.pl/p/1352192-procesor-amd-threadripper-amd-ryzen-threadripper-pro-9995wx.html
2026-07-28,Procesor,Intel Core i5-12400F,679.0,,https://www.x-kom.pl/p/702238-procesory-intel-core-i5-intel-core-i5-12400f.html
2026-07-28,Procesor,Intel Core i7-12700KF,1099.0,,https://www.x-kom.pl/p/689604-procesor-intel-core-i7-intel-core-i7-12700kf.html
2026-07-28,Płyta główna,ASRock A520M-ITX/AC,439.0,,https://www.x-kom.pl/p/613677-plyta-glowna-socket-am4-asrock-a520m-itx-ac.html
2026-07-28,Płyta główna,ASUS TUF GAMING B850-PLUS WIFI,909.0,,https://www.x-kom.pl/p/1306481-plyta-glowna-socket-am5-asus-tuf-gaming-b850-plus-wifi.html
2026-07-28,Płyta główna,Gigabyte B650 EAGLE AX,569.0,,https://www.x-kom.pl/p/1226980-plyta-glowna-socket-am5-gigabyte-b650-eagle-ax.html
2026-07-28,Płyta główna,Gigabyte X870 AORUS ELITE WIFI7 ICE,1189.0,,https://www.x-kom.pl/p/1282691-plyta-glowna-socket-am5-gigabyte-x870-aorus-elite-wifi7-ice.html
2026-07-28,Płyta główna,MSI B550 GAMING WIFI,559.0,,https://www.x-kom.pl/p/1480681-plyta-glowna-socket-am4-msi-b550-gaming-wifi.html
2026-07-29,Dysk,ADATA Dysk SSD External SD810 2TB USB3.2C 20Gb/s Srebrny,1499.0,,https://www.x-kom.pl/p/1211896-dysk-zewnetrzny-ssd-adata-dysk-ssd-external-sd810-2tb-usb32c-20gb-s-srebrny.html
2026-07-29,Dysk,Lexar 1TB M.2 PCIe Gen4 NVMe NM790,739.0,,https://www.x-kom.pl/p/1146134-dysk-ssd-lexar-1tb-m2-pcie-gen4-nvme-nm790.html
2026-07-29,Dysk,Samsung 2TB M.2 PCIe Gen5 NVMe 9100 PRO,2699.0,,https://www.x-kom.pl/p/1322624-dysk-ssd-samsung-2tb-m2-pcie-gen5-nvme-9100-pro.html
2026-07-29,Dysk,Seagate BARRACUDA 2TB 7200obr. 256MB,569.0,,https://www.x-kom.pl/p/461759-dysk-hdd-seagate-barracuda-2tb-7200obr-256mb.html
2026-07-29,Dysk,Synology HAT3320-8T 8TB Plus,2199.0,,https://www.x-kom.pl/p/1418298-dysk-hdd-synology-hat3320-8t-8tb-plus.html
2026-07-29,Karta graficzna,Gigabyte GeForce RTX 5070 Windforce OC 12GB GDDR7 DLSS4,3399.0,,https://www.x-kom.pl/p/1318534-karta-graficzna-nvidia-gigabyte-geforce-rtx-5070-windforce-oc-12gb-gddr7-dlss4.html
2026-07-29,Karta graficzna,Gigabyte GeForce RTX 5080 Windforce OC 16GB GDDR7 DLSS4,6599.0,,https://www.x-kom.pl/p/1309189-karta-graficzna-nvidia-gigabyte-geforce-rtx-5080-windforce-oc-16gb-gddr7-dlss4.html
2026-07-29,Karta graficzna,Gigabyte Radeon RX 9060 XT Gaming OC 16GB GDDR6,2099.0,,https://www.x-kom.pl/p/1339802-karta-graficzna-amd-gigabyte-radeon-rx-9060-xt-gaming-oc-16gb-gddr6.html
2026-07-29,Karta graficzna,MSI GeForce RTX 5090 Gaming Trio OC 32GB GDDR7 DLSS4,21499.0,,https://www.x-kom.pl/p/1314559-karta-graficzna-nvidia-msi-geforce-rtx-5090-gaming-trio-oc-32gb-gddr7-dlss4.html
2026-07-29,Karta graficzna,PowerColor Radeon RX 7600 Fighter 8GB V2 GDDR6,1249.0,,https://www.x-kom.pl/p/1368326-karta-graficzna-amd-powercolor-radeon-rx-7600-fighter-8gb-v2-gddr6.html
2026-07-29,Pamięć RAM,Corsair 16GB (2x8GB) 5600 CL40 Vengeance RGB,1299.0,,https://www.x-kom.pl/p/1486220-pamiec-ram-ddr5-corsair-16gb-2x8gb-5600-cl40-vengeance-rgb.html
2026-07-29,Pamięć RAM,G.SKILL 32GB (2x16GB) 3200MHz CL16 Aegis,1169.0,,https://www.x-kom.pl/p/539275-pamiec-ram-ddr4-gskill-32gb-2x16gb-3200mhz-cl16-aegis.html
2026-07-29,Pamięć RAM,GOODRAM 8GB (1x8GB) 1600MHz CL11,209.0,,https://www.x-kom.pl/p/420909-pamiec-ram-sodimm-ddr3-goodram-8gb-1x8gb-1600mhz-cl11.html
2026-07-29,Pamięć RAM,Kingston FURY 16GB (2x8GB) 3200MHz CL16 Beast Black,749.0,,https://www.x-kom.pl/p/667295-pamiec-ram-ddr4-kingston-fury-16gb-2x8gb-3200mhz-cl16-beast-black.html
2026-07-29,Pamięć RAM,Patriot 32GB (2x16GB) 6000MT/s CL30 Venom,1779.0,,https://www.x-kom.pl/p/1258925-pamiec-ram-ddr5-patriot-32gb-2x16gb-6000mt-s-cl30-venom.html
2026-07-29,Procesor,AMD Ryzen 7 5800X,959.0,,https://www.x-kom.pl/p/597430-procesor-amd-ryzen-7-amd-ryzen-7-5800x.html
2026-07-29,Procesor,AMD Ryzen 7 9800X3D,1799.0,,https://www.x-kom.pl/p/1292320-procesor-amd-ryzen-7-amd-ryzen-7-9800x3d.html
2026-07-29,Procesor,AMD Ryzen Threadripper PRO 9995WX,51399.0,,https://www.x-kom.pl/p/1352192-procesor-amd-threadripper-amd-ryzen-threadripper-pro-9995wx.html
2026-07-29,Procesor,Intel Core i5-12400F,679.0,,https://www.x-kom.pl/p/702238-procesory-intel-core-i5-intel-core-i5-12400f.html
2026-07-29,Procesor,Intel Core i7-12700KF,1099.0,,https://www.x-kom.pl/p/689604-procesor-intel-core-i7-intel-core-i7-12700kf.html
2026-07-29,Płyta główna,ASRock A520M-ITX/AC,439.0,,https://www.x-kom.pl/p/613677-plyta-glowna-socket-am4-asrock-a520m-itx-ac.html
2026-07-29,Płyta główna,ASUS TUF GAMING B850-PLUS WIFI,909.0,,https://www.x-kom.pl/p/1306481-plyta-glowna-socket-am5-asus-tuf-gaming-b850-plus-wifi.html
2026-07-29,Płyta główna,Gigabyte B650 EAGLE AX,569.0,,https://www.x-kom.pl/p/1226980-plyta-glowna-socket-am5-gigabyte-b650-eagle-ax.html
2026-07-29,Płyta główna,Gigabyte X870 AORUS ELITE WIFI7 ICE,1189.0,,https://www.x-kom.pl/p/1282691-plyta-glowna-socket-am5-gigabyte-x870-aorus-elite-wifi7-ice.html
2026-07-29,Płyta główna,MSI B550 GAMING WIFI,559.0,,https://www.x-kom.pl/p/1480681-plyta-glowna-socket-am4-msi-b550-gaming-wifi.html
2026-07-30,Dysk,ADATA Dysk SSD External SD810 2TB USB3.2C 20Gb/s Srebrny,1499.0,,https://www.x-kom.pl/p/1211896-dysk-zewnetrzny-ssd-adata-dysk-ssd-external-sd810-2tb-usb32c-20gb-s-srebrny.html
2026-07-30,Dysk,Lexar 1TB M.2 PCIe Gen4 NVMe NM790,739.0,,https://www.x-kom.pl/p/1146134-dysk-ssd-lexar-1tb-m2-pcie-gen4-nvme-nm790.html
2026-07-30,Dysk,Samsung 2TB M.2 PCIe Gen5 NVMe 9100 PRO,2699.0,,https://www.x-kom.pl/p/1322624-dysk-ssd-samsung-2tb-m2-pcie-gen5-nvme-9100-pro.html
2026-07-30,Dysk,Seagate BARRACUDA 2TB 7200obr. 256MB,569.0,,https://www.x-kom.pl/p/461759-dysk-hdd-seagate-barracuda-2tb-7200obr-256mb.html
2026-07-30,Dysk,Synology HAT3320-8T 8TB Plus,2199.0,,https://www.x-kom.pl/p/1418298-dysk-hdd-synology-hat3320-8t-8tb-plus.html
2026-07-30,Karta graficzna,Gigabyte GeForce RTX 5070 Windforce OC 12GB GDDR7 DLSS4,3099.0,,https://www.x-kom.pl/p/1318534-karta-graficzna-nvidia-gigabyte-geforce-rtx-5070-windforce-oc-12gb-gddr7-dlss4.html
2026-07-30,Karta graficzna,Gigabyte GeForce RTX 5080 Windforce OC 16GB GDDR7 DLSS4,6199.0,,https://www.x-kom.pl/p/1309189-karta-graficzna-nvidia-gigabyte-geforce-rtx-5080-windforce-oc-16gb-gddr7-dlss4.html
2026-07-30,Karta graficzna,Gigabyte Radeon RX 9060 XT Gaming OC 16GB GDDR6,2099.0,,https://www.x-kom.pl/p/1339802-karta-graficzna-amd-gigabyte-radeon-rx-9060-xt-gaming-oc-16gb-gddr6.html
2026-07-30,Karta graficzna,MSI GeForce RTX 5090 Gaming Trio OC 32GB GDDR7 DLSS4,21499.0,,https://www.x-kom.pl/p/1314559-karta-graficzna-nvidia-msi-geforce-rtx-5090-gaming-trio-oc-32gb-gddr7-dlss4.html
2026-07-30,Karta graficzna,PowerColor Radeon RX 7600 Fighter 8GB V2 GDDR6,1249.0,,https://www.x-kom.pl/p/1368326-karta-graficzna-amd-powercolor-radeon-rx-7600-fighter-8gb-v2-gddr6.html
2026-07-30,Pamięć RAM,Corsair 16GB (2x8GB) 5600 CL40 Vengeance RGB,1299.0,,https://www.x-kom.pl/p/1486220-pamiec-ram-ddr5-corsair-16gb-2x8gb-5600-cl40-vengeance-rgb.html
2026-07-30,Pamięć RAM,G.SKILL 32GB (2x16GB) 3200MHz CL16 Aegis,1169.0,,https://www.x-kom.pl/p/539275-pamiec-ram-ddr4-gskill-32gb-2x16gb-3200mhz-cl16-aegis.html
2026-07-30,Pamięć RAM,GOODRAM 8GB (1x8GB) 1600MHz CL11,209.0,,https://www.x-kom.pl/p/420909-pamiec-ram-sodimm-ddr3-goodram-8gb-1x8gb-1600mhz-cl11.html
2026-07-30,Pamięć RAM,Kingston FURY 16GB (2x8GB) 3200MHz CL16 Beast Black,749.0,,https://www.x-kom.pl/p/667295-pamiec-ram-ddr4-kingston-fury-16gb-2x8gb-3200mhz-cl16-beast-black.html
2026-07-30,Pamięć RAM,Patriot 32GB (2x16GB) 6000MT/s CL30 Venom,1779.0,,https://www.x-kom.pl/p/1258925-pamiec-ram-ddr5-patriot-32gb-2x16gb-6000mt-s-cl30-venom.html
2026-07-30,Procesor,AMD Ryzen 7 5800X,959.0,,https://www.x-kom.pl/p/597430-procesor-amd-ryzen-7-amd-ryzen-7-5800x.html
2026-07-30,Procesor,AMD Ryzen 7 9800X3D,1849.0,,https://www.x-kom.pl/p/1292320-procesor-amd-ryzen-7-amd-ryzen-7-9800x3d.html
2026-07-30,Procesor,AMD Ryzen Threadripper PRO 9995WX,51399.0,,https://www.x-kom.pl/p/1352192-procesor-amd-threadripper-amd-ryzen-threadripper-pro-9995wx.html
2026-07-30,Procesor,Intel Core i5-12400F,679.0,,https://www.x-kom.pl/p/702238-procesory-intel-core-i5-intel-core-i5-12400f.html
2026-07-30,Procesor,Intel Core i7-12700KF,1039.0,,https://www.x-kom.pl/p/689604-procesor-intel-core-i7-intel-core-i7-12700kf.html
2026-07-30,Płyta główna,ASRock A520M-ITX/AC,429.0,,https://www.x-kom.pl/p/613677-plyta-glowna-socket-am4-asrock-a520m-itx-ac.html
2026-07-30,Płyta główna,ASUS TUF GAMING B850-PLUS WIFI,909.0,,https://www.x-kom.pl/p/1306481-plyta-glowna-socket-am5-asus-tuf-gaming-b850-plus-wifi.html
2026-07-30,Płyta główna,Gigabyte B650 EAGLE AX,569.0,,https://www.x-kom.pl/p/1226980-plyta-glowna-socket-am5-gigabyte-b650-eagle-ax.html
2026-07-30,Płyta główna,Gigabyte X870 AORUS ELITE WIFI7 ICE,1189.0,,https://www.x-kom.pl/p/1282691-plyta-glowna-socket-am5-gigabyte-x870-aorus-elite-wifi7-ice.html
2026-07-30,Płyta główna,MSI B550 GAMING WIFI,559.0,,https://www.x-kom.pl/p/1480681-plyta-glowna-socket-am4-msi-b550-gaming-wifi.html
2026-07-31,Dysk,ADATA Dysk SSD External SD810 2TB USB3.2C 20Gb/s Srebrny,1499.0,,https://www.x-kom.pl/p/1211896-dysk-zewnetrzny-ssd-adata-dysk-ssd-external-sd810-2tb-usb32c-20gb-s-srebrny.html
2026-07-31,Dysk,Lexar 1TB M.2 PCIe Gen4 NVMe NM790,739.0,,https://www.x-kom.pl/p/1146134-dysk-ssd-lexar-1tb-m2-pcie-gen4-nvme-nm790.html
2026-07-31,Dysk,Samsung 2TB M.2 PCIe Gen5 NVMe 9100 PRO,2699.0,,https://www.x-kom.pl/p/1322624-dysk-ssd-samsung-2tb-m2-pcie-gen5-nvme-9100-pro.html
2026-07-31,Dysk,Seagate BARRACUDA 2TB 7200obr. 256MB,569.0,,https://www.x-kom.pl/p/461759-dysk-hdd-seagate-barracuda-2tb-7200obr-256mb.html
2026-07-31,Dysk,Synology HAT3320-8T 8TB Plus,2199.0,,https://www.x-kom.pl/p/1418298-dysk-hdd-synology-hat3320-8t-8tb-plus.html
2026-07-31,Karta graficzna,Gigabyte GeForce RTX 5070 Windforce OC 12GB GDDR7 DLSS4,3099.0,,https://www.x-kom.pl/p/1318534-karta-graficzna-nvidia-gigabyte-geforce-rtx-5070-windforce-oc-12gb-gddr7-dlss4.html
2026-07-31,Karta graficzna,Gigabyte GeForce RTX 5080 Windforce OC 16GB GDDR7 DLSS4,6199.0,,https://www.x-kom.pl/p/1309189-karta-graficzna-nvidia-gigabyte-geforce-rtx-5080-windforce-oc-16gb-gddr7-dlss4.html
2026-07-31,Karta graficzna,Gigabyte Radeon RX 9060 XT Gaming OC 16GB GDDR6,2099.0,,https://www.x-kom.pl/p/1339802-karta-graficzna-amd-gigabyte-radeon-rx-9060-xt-gaming-oc-16gb-gddr6.html
2026-07-31,Karta graficzna,MSI GeForce RTX 5090 Gaming Trio OC 32GB GDDR7 DLSS4,21499.0,,https://www.x-kom.pl/p/1314559-karta-graficzna-nvidia-msi-geforce-rtx-5090-gaming-trio-oc-32gb-gddr7-dlss4.html
2026-07-31,Karta graficzna,PowerColor Radeon RX 7600 Fighter 8GB V2 GDDR6,1249.0,,https://www.x-kom.pl/p/1368326-karta-graficzna-amd-powercolor-radeon-rx-7600-fighter-8gb-v2-gddr6.html
2026-07-31,Pamięć RAM,Corsair 16GB (2x8GB) 5600 CL40 Vengeance RGB,1299.0,,https://www.x-kom.pl/p/1486220-pamiec-ram-ddr5-corsair-16gb-2x8gb-5600-cl40-vengeance-rgb.html
2026-07-31,Pamięć RAM,G.SKILL 32GB (2x16GB) 3200MHz CL16 Aegis,1169.0,,https://www.x-kom.pl/p/539275-pamiec-ram-ddr4-gskill-32gb-2x16gb-3200mhz-cl16-aegis.html
2026-07-31,Pamięć RAM,GOODRAM 8GB (1x8GB) 1600MHz CL11,209.0,,https://www.x-kom.pl/p/420909-pamiec-ram-sodimm-ddr3-goodram-8gb-1x8gb-1600mhz-cl11.html
2026-07-31,Pamięć RAM,Kingston FURY 16GB (2x8GB) 3200MHz CL16 Beast Black,749.0,,https://www.x-kom.pl/p/667295-pamiec-ram-ddr4-kingston-fury-16gb-2x8gb-3200mhz-cl16-beast-black.html
2026-07-31,Pamięć RAM,Patriot 32GB (2x16GB) 6000MT/s CL30 Venom,1779.0,,https://www.x-kom.pl/p/1258925-pamiec-ram-ddr5-patriot-32gb-2x16gb-6000mt-s-cl30-venom.html
2026-07-31,Procesor,AMD Ryzen 7 5800X,959.0,,https://www.x-kom.pl/p/597430-procesor-amd-ryzen-7-amd-ryzen-7-5800x.html
2026-07-31,Procesor,AMD Ryzen 7 9800X3D,1849.0,,https://www.x-kom.pl/p/1292320-procesor-amd-ryzen-7-amd-ryzen-7-9800x3d.html
2026-07-31,Procesor,AMD Ryzen Threadripper PRO 9995WX,51399.0,,https://www.x-kom.pl/p/1352192-procesor-amd-threadripper-amd-ryzen-threadripper-pro-9995wx.html
2026-07-31,Procesor,Intel Core i5-12400F,679.0,,https://www.x-kom.pl/p/702238-procesory-intel-core-i5-intel-core-i5-12400f.html
2026-07-31,Procesor,Intel Core i7-12700KF,1039.0,,https://www.x-kom.pl/p/689604-procesor-intel-core-i7-intel-core-i7-12700kf.html
2026-07-31,Płyta główna,ASRock A520M-ITX/AC,429.0,,https://www.x-kom.pl/p/613677-plyta-glowna-socket-am4-asrock-a520m-itx-ac.html
2026-07-31,Płyta główna,ASUS TUF GAMING B850-PLUS WIFI,909.0,,https://www.x-kom.pl/p/1306481-plyta-glowna-socket-am5-asus-tuf-gaming-b850-plus-wifi.html
2026-07-31,Płyta główna,Gigabyte B650 EAGLE AX,569.0,,https://www.x-kom.pl/p/1226980-plyta-glowna-socket-am5-gigabyte-b650-eagle-ax.html
2026-07-31,Płyta główna,Gigabyte X870 AORUS ELITE WIFI7 ICE,1189.0,,https://www.x-kom.pl/p/1282691-plyta-glowna-socket-am5-gigabyte-x870-aorus-elite-wifi7-ice.html
2026-07-31,Płyta główna,MSI B550 GAMING WIFI,559.0,,https://www.x-kom.pl/p/1480681-plyta-glowna-socket-am4-msi-b550-gaming-wifi.html
2026-08-01,Dysk,ADATA Dysk SSD External SD810 2TB USB3.2C 20Gb/s Srebrny,1499.0,,https://www.x-kom.pl/p/1211896-dysk-zewnetrzny-ssd-adata-dysk-ssd-external-sd810-2tb-usb32c-20gb-s-srebrny.html
2026-08-01,Dysk,Lexar 1TB M.2 PCIe Gen4 NVMe NM790,739.0,,https://www.x-kom.pl/p/1146134-dysk-ssd-lexar-1tb-m2-pcie-gen4-nvme-nm790.html
2026-08-01,Dysk,Samsung 2TB M.2 PCIe Gen5 NVMe 9100 PRO,2699.0,,https://www.x-kom.pl/p/1322624-dysk-ssd-samsung-2tb-m2-pcie-gen5-nvme-9100-pro.html
2026-08-01,Dysk,Seagate BARRACUDA 2TB 7200obr. 256MB,569.0,,https://www.x-kom.pl/p/461759-dysk-hdd-seagate-barracuda-2tb-7200obr-256mb.html
2026-08-01,Dysk,Synology HAT3320-8T 8TB Plus,2199.0,,https://www.x-kom.pl/p/1418298-dysk-hdd-synology-hat3320-8t-8tb-plus.html
2026-08-01,Karta graficzna,Gigabyte GeForce RTX 5070 Windforce OC 12GB GDDR7 DLSS4,3099.0,,https://www.x-kom.pl/p/1318534-karta-graficzna-nvidia-gigabyte-geforce-rtx-5070-windforce-oc-12gb-gddr7-dlss4.html
2026-08-01,Karta graficzna,Gigabyte GeForce RTX 5080 Windforce OC 16GB GDDR7 DLSS4,6199.0,,https://www.x-kom.pl/p/1309189-karta-graficzna-nvidia-gigabyte-geforce-rtx-5080-windforce-oc-16gb-gddr7-dlss4.html
2026-08-01,Karta graficzna,Gigabyte Radeon RX 9060 XT Gaming OC 16GB GDDR6,2099.0,,https://www.x-kom.pl/p/1339802-karta-graficzna-amd-gigabyte-radeon-rx-9060-xt-gaming-oc-16gb-gddr6.html
2026-08-01,Karta graficzna,MSI GeForce RTX 5090 Gaming Trio OC 32GB GDDR7 DLSS4,21499.0,,https://www.x-kom.pl/p/1314559-karta-graficzna-nvidia-msi-geforce-rtx-5090-gaming-trio-oc-32gb-gddr7-dlss4.html
2026-08-01,Karta graficzna,PowerColor Radeon RX 7600 Fighter 8GB V2 GDDR6,1249.0,,https://www.x-kom.pl/p/1368326-karta-graficzna-amd-powercolor-radeon-rx-7600-fighter-8gb-v2-gddr6.html
2026-08-01,Pamięć RAM,Corsair 16GB (2x8GB) 5600 CL40 Vengeance RGB,1299.0,,https://www.x-kom.pl/p/1486220-pamiec-ram-ddr5-corsair-16gb-2x8gb-5600-cl40-vengeance-rgb.html
2026-08-01,Pamięć RAM,G.SKILL 32GB (2x16GB) 3200MHz CL16 Aegis,1169.0,,https://www.x-kom.pl/p/539275-pamiec-ram-ddr4-gskill-32gb-2x16gb-3200mhz-cl16-aegis.html
2026-08-01,Pamięć RAM,GOODRAM 8GB (1x8GB) 1600MHz CL11,209.0,,https://www.x-kom.pl/p/420909-pamiec-ram-sodimm-ddr3-goodram-8gb-1x8gb-1600mhz-cl11.html
2026-08-01,Pamięć RAM,Kingston FURY 16GB (2x8GB) 3200MHz CL16 Beast Black,749.0,,https://www.x-kom.pl/p/667295-pamiec-ram-ddr4-kingston-fury-16gb-2x8gb-3200mhz-cl16-beast-black.html
2026-08-01,Pamięć RAM,Patriot 32GB (2x16GB) 6000MT/s CL30 Venom,1779.0,,https://www.x-kom.pl/p/1258925-pamiec-ram-ddr5-patriot-32gb-2x16gb-6000mt-s-cl30-venom.html
2026-08-01,Procesor,AMD Ryzen 7 5800X,959.0,,https://www.x-kom.pl/p/597430-procesor-amd-ryzen-7-amd-ryzen-7-5800x.html
2026-08-01,Procesor,AMD Ryzen 7 9800X3D,1849.0,,https://www.x-kom.pl/p/1292320-procesor-amd-ryzen-7-amd-ryzen-7-9800x3d.html
2026-08-01,Procesor,AMD Ryzen Threadripper PRO 9995WX,51399.0,,https://www.x-kom.pl/p/1352192-procesor-amd-threadripper-amd-ryzen-threadripper-pro-9995wx.html
2026-08-01,Procesor,Intel Core i5-12400F,679.0,,https://www.x-kom.pl/p/702238-procesory-intel-core-i5-intel-core-i5-12400f.html
2026-08-01,Procesor,Intel Core i7-12700KF,1039.0,,https://www.x-kom.pl/p/689604-procesor-intel-core-i7-intel-core-i7-12700kf.html
2026-08-01,Płyta główna,ASRock A520M-ITX/AC,429.0,,https://www.x-kom.pl/p/613677-plyta-glowna-socket-am4-asrock-a520m-itx-ac.html
2026-08-01,Płyta główna,ASUS TUF GAMING B850-PLUS WIFI,909.0,,https://www.x-kom.pl/p/1306481-plyta-glowna-socket-am5-asus-tuf-gaming-b850-plus-wifi.html
2026-08-01,Płyta główna,Gigabyte B650 EAGLE AX,569.0,,https://www.x-kom.pl/p/1226980-plyta-glowna-socket-am5-gigabyte-b650-eagle-ax.html
2026-08-01,Płyta główna,Gigabyte X870 AORUS ELITE WIFI7 ICE,1189.0,,https://www.x-kom.pl/p/1282691-plyta-glowna-socket-am5-gigabyte-x870-aorus-elite-wifi7-ice.html
2026-08-01,Płyta główna,MSI B550 GAMING WIFI,559.0,,https://www.x-kom.pl/p/1480681-plyta-glowna-socket-am4-msi-b550-gaming-wifi.html
2026-08-02,Dysk,ADATA Dysk SSD External SD810 2TB USB3.2C 20Gb/s Srebrny,1499.0,,https://www.x-kom.pl/p/1211896-dysk-zewnetrzny-ssd-adata-dysk-ssd-external-sd810-2tb-usb32c-20gb-s-srebrny.html
2026-08-02,Dysk,Lexar 1TB M.2 PCIe Gen4 NVMe NM790,739.0,,https://www.x-kom.pl/p/1146134-dysk-ssd-lexar-1tb-m2-pcie-gen4-nvme-nm790.html
2026-08-02,Dysk,Samsung 2TB M.2 PCIe Gen5 NVMe 9100 PRO,2699.0,,https://www.x-kom.pl/p/1322624-dysk-ssd-samsung-2tb-m2-pcie-gen5-nvme-9100-pro.html
2026-08-02,Dysk,Seagate BARRACUDA 2TB 7200obr. 256MB,569.0,,https://www.x-kom.pl/p/461759-dysk-hdd-seagate-barracuda-2tb-7200obr-256mb.html
2026-08-02,Dysk,Synology HAT3320-8T 8TB Plus,2199.0,,https://www.x-kom.pl/p/1418298-dysk-hdd-synology-hat3320-8t-8tb-plus.html
2026-08-02,Karta graficzna,Gigabyte GeForce RTX 5070 Windforce OC 12GB GDDR7 DLSS4,3099.0,,https://www.x-kom.pl/p/1318534-karta-graficzna-nvidia-gigabyte-geforce-rtx-5070-windforce-oc-12gb-gddr7-dlss4.html
2026-08-02,Karta graficzna,Gigabyte GeForce RTX 5080 Windforce OC 16GB GDDR7 DLSS4,6199.0,,https://www.x-kom.pl/p/1309189-karta-graficzna-nvidia-gigabyte-geforce-rtx-5080-windforce-oc-16gb-gddr7-dlss4.html
2026-08-02,Karta graficzna,Gigabyte Radeon RX 9060 XT Gaming OC 16GB GDDR6,2099.0,,https://www.x-kom.pl/p/1339802-karta-graficzna-amd-gigabyte-radeon-rx-9060-xt-gaming-oc-16gb-gddr6.html
2026-08-02,Karta graficzna,MSI GeForce RTX 5090 Gaming Trio OC 32GB GDDR7 DLSS4,21499.0,,https://www.x-kom.pl/p/1314559-karta-graficzna-nvidia-msi-geforce-rtx-5090-gaming-trio-oc-32gb-gddr7-dlss4.html
2026-08-02,Karta graficzna,PowerColor Radeon RX 7600 Fighter 8GB V2 GDDR6,1249.0,,https://www.x-kom.pl/p/1368326-karta-graficzna-amd-powercolor-radeon-rx-7600-fighter-8gb-v2-gddr6.html
2026-08-02,Pamięć RAM,Corsair 16GB (2x8GB) 5600 CL40 Vengeance RGB,1299.0,,https://www.x-kom.pl/p/1486220-pamiec-ram-ddr5-corsair-16gb-2x8gb-5600-cl40-vengeance-rgb.html
2026-08-02,Pamięć RAM,G.SKILL 32GB (2x16GB) 3200MHz CL16 Aegis,1169.0,,https://www.x-kom.pl/p/539275-pamiec-ram-ddr4-gskill-32gb-2x16gb-3200mhz-cl16-aegis.html
2026-08-02,Pamięć RAM,GOODRAM 8GB (1x8GB) 1600MHz CL11,209.0,,https://www.x-kom.pl/p/420909-pamiec-ram-sodimm-ddr3-goodram-8gb-1x8gb-1600mhz-cl11.html
2026-08-02,Pamięć RAM,Kingston FURY 16GB (2x8GB) 3200MHz CL16 Beast Black,749.0,,https://www.x-kom.pl/p/667295-pamiec-ram-ddr4-kingston-fury-16gb-2x8gb-3200mhz-cl16-beast-black.html
2026-08-02,Pamięć RAM,Patriot 32GB (2x16GB) 6000MT/s CL30 Venom,1779.0,,https://www.x-kom.pl/p/1258925-pamiec-ram-ddr5-patriot-32gb-2x16gb-6000mt-s-cl30-venom.html
2026-08-02,Procesor,AMD Ryzen 7 5800X,959.0,,https://www.x-kom.pl/p/597430-procesor-amd-ryzen-7-amd-ryzen-7-5800x.html
2026-08-02,Procesor,AMD Ryzen 7 9800X3D,1849.0,,https://www.x-kom.pl/p/1292320-procesor-amd-ryzen-7-amd-ryzen-7-9800x3d.html
2026-08-02,Procesor,AMD Ryzen Threadripper PRO 9995WX,51399.0,,https://www.x-kom.pl/p/1352192-procesor-amd-threadripper-amd-ryzen-threadripper-pro-9995wx.html
2026-08-02,Procesor,Intel Core i5-12400F,679.0,,https://www.x-kom.pl/p/702238-procesory-intel-core-i5-intel-core-i5-12400f.html
2026-08-02,Procesor,Intel Core i7-12700KF,1039.0,,https://www.x-kom.pl/p/689604-procesor-intel-core-i7-intel-core-i7-12700kf.html
2026-08-02,Płyta główna,ASRock A520M-ITX/AC,429.0,,https://www.x-kom.pl/p/613677-plyta-glowna-socket-am4-asrock-a520m-itx-ac.html
2026-08-02,Płyta główna,ASUS TUF GAMING B850-PLUS WIFI,909.0,,https://www.x-kom.pl/p/1306481-plyta-glowna-socket-am5-asus-tuf-gaming-b850-plus-wifi.html
2026-08-02,Płyta główna,Gigabyte B650 EAGLE AX,569.0,,https://www.x-kom.pl/p/1226980-plyta-glowna-socket-am5-gigabyte-b650-eagle-ax.html
2026-08-02,Płyta główna,Gigabyte X870 AORUS ELITE WIFI7 ICE,1189.0,,https://www.x-kom.pl/p/1282691-plyta-glowna-socket-am5-gigabyte-x870-aorus-elite-wifi7-ice.html
2026-08-02,Płyta główna,MSI B550 GAMING WIFI,559.0,,https://www.x-kom.pl/p/1480681-plyta-glowna-socket-am4-msi-b550-gaming-wifi.html
2026-08-03,Dysk,ADATA Dysk SSD External SD810 2TB USB3.2C 20Gb/s Srebrny,1499.0,,https://www.x-kom.pl/p/1211896-dysk-zewnetrzny-ssd-adata-dysk-ssd-external-sd810-2tb-usb32c-20gb-s-srebrny.html
2026-08-03,Dysk,Lexar 1TB M.2 PCIe Gen4 NVMe NM790,739.0,,https://www.x-kom.pl/p/1146134-dysk-ssd-lexar-1tb-m2-pcie-gen4-nvme-nm790.html
2026-08-03,Dysk,Samsung 2TB M.2 PCIe Gen5 NVMe 9100 PRO,2699.0,,https://www.x-kom.pl/p/1322624-dysk-ssd-samsung-2tb-m2-pcie-gen5-nvme-9100-pro.html
2026-08-03,Dysk,Seagate BARRACUDA 2TB 7200obr. 256MB,569.0,,https://www.x-kom.pl/p/461759-dysk-hdd-seagate-barracuda-2tb-7200obr-256mb.html
2026-08-03,Dysk,Synology HAT3320-8T 8TB Plus,2199.0,,https://www.x-kom.pl/p/1418298-dysk-hdd-synology-hat3320-8t-8tb-plus.html
2026-08-03,Karta graficzna,Gigabyte GeForce RTX 5070 Windforce OC 12GB GDDR7 DLSS4,3099.0,Zobacz produkty,https://www.x-kom.pl/p/1318534-karta-graficzna-nvidia-gigabyte-geforce-rtx-5070-windforce-oc-12gb-gddr7-dlss4.html
2026-08-03,Karta graficzna,Gigabyte GeForce RTX 5080 Windforce OC 16GB GDDR7 DLSS4,6199.0,,https://www.x-kom.pl/p/1309189-karta-graficzna-nvidia-gigabyte-geforce-rtx-5080-windforce-oc-16gb-gddr7-dlss4.html
2026-08-03,Karta graficzna,Gigabyte Radeon RX 9060 XT Gaming OC 16GB GDDR6,2199.0,Zobacz produkty,https://www.x-kom.pl/p/1339802-karta-graficzna-amd-gigabyte-radeon-rx-9060-xt-gaming-oc-16gb-gddr6.html
2026-08-03,Karta graficzna,MSI GeForce RTX 5090 Gaming Trio OC 32GB GDDR7 DLSS4,21499.0,,https://www.x-kom.pl/p/1314559-karta-graficzna-nvidia-msi-geforce-rtx-5090-gaming-trio-oc-32gb-gddr7-dlss4.html
2026-08-03,Karta graficzna,PowerColor Radeon RX 7600 Fighter 8GB V2 GDDR6,1249.0,,https://www.x-kom.pl/p/1368326-karta-graficzna-amd-powercolor-radeon-rx-7600-fighter-8gb-v2-gddr6.html
2026-08-03,Pamięć RAM,Corsair 16GB (2x8GB) 5600 CL40 Vengeance RGB,1299.0,,https://www.x-kom.pl/p/1486220-pamiec-ram-ddr5-corsair-16gb-2x8gb-5600-cl40-vengeance-rgb.html
2026-08-03,Pamięć RAM,G.SKILL 32GB (2x16GB) 3200MHz CL16 Aegis,1169.0,,https://www.x-kom.pl/p/539275-pamiec-ram-ddr4-gskill-32gb-2x16gb-3200mhz-cl16-aegis.html
2026-08-03,Pamięć RAM,GOODRAM 8GB (1x8GB) 1600MHz CL11,209.0,,https://www.x-kom.pl/p/420909-pamiec-ram-sodimm-ddr3-goodram-8gb-1x8gb-1600mhz-cl11.html
2026-08-03,Pamięć RAM,Kingston FURY 16GB (2x8GB) 3200MHz CL16 Beast Black,749.0,,https://www.x-kom.pl/p/667295-pamiec-ram-ddr4-kingston-fury-16gb-2x8gb-3200mhz-cl16-beast-black.html
2026-08-03,Pamięć RAM,Patriot 32GB (2x16GB) 6000MT/s CL30 Venom,1809.0,,https://www.x-kom.pl/p/1258925-pamiec-ram-ddr5-patriot-32gb-2x16gb-6000mt-s-cl30-venom.html
2026-08-03,Procesor,AMD Ryzen 7 5800X,959.0,,https://www.x-kom.pl/p/597430-procesor-amd-ryzen-7-amd-ryzen-7-5800x.html
2026-08-03,Procesor,AMD Ryzen 7 9800X3D,1849.0,,https://www.x-kom.pl/p/1292320-procesor-amd-ryzen-7-amd-ryzen-7-9800x3d.html
2026-08-03,Procesor,AMD Ryzen Threadripper PRO 9995WX,51399.0,,https://www.x-kom.pl/p/1352192-procesor-amd-threadripper-amd-ryzen-threadripper-pro-9995wx.html
2026-08-03,Procesor,Intel Core i5-12400F,679.0,,https://www.x-kom.pl/p/702238-procesory-intel-core-i5-intel-core-i5-12400f.html
2026-08-03,Procesor,Intel Core i7-12700KF,1039.0,,https://www.x-kom.pl/p/689604-procesor-intel-core-i7-intel-core-i7-12700kf.html
2026-08-03,Płyta główna,ASRock A520M-ITX/AC,429.0,,https://www.x-kom.pl/p/613677-plyta-glowna-socket-am4-asrock-a520m-itx-ac.html
2026-08-03,Płyta główna,ASUS TUF GAMING B850-PLUS WIFI,909.0,,https://www.x-kom.pl/p/1306481-plyta-glowna-socket-am5-asus-tuf-gaming-b850-plus-wifi.html
2026-08-03,Płyta główna,Gigabyte B650 EAGLE AX,569.0,,https://www.x-kom.pl/p/1226980-plyta-glowna-socket-am5-gigabyte-b650-eagle-ax.html
2026-08-03,Płyta główna,Gigabyte X870 AORUS ELITE WIFI7 ICE,1189.0,,https://www.x-kom.pl/p/1282691-plyta-glowna-socket-am5-gigabyte-x870-aorus-elite-wifi7-ice.html
2026-08-03,Płyta główna,MSI B550 GAMING WIFI,559.0,,https://www.x-kom.pl/p/1480681-plyta-glowna-socket-am4-msi-b550-gaming-wifi.html
2026-08-04,Dysk,ADATA Dysk SSD External SD810 2TB USB3.2C 20Gb/s Srebrny,1499.0,,https://www.x-kom.pl/p/1211896-dysk-zewnetrzny-ssd-adata-dysk-ssd-external-sd810-2tb-usb32c-20gb-s-srebrny.html
2026-08-04,Dysk,Lexar 1TB M.2 PCIe Gen4 NVMe NM790,739.0,,https://www.x-kom.pl/p/1146134-dysk-ssd-lexar-1tb-m2-pcie-gen4-nvme-nm790.html
2026-08-04,Dysk,Samsung 2TB M.2 PCIe Gen5 NVMe 9100 PRO,2699.0,,https://www.x-kom.pl/p/1322624-dysk-ssd-samsung-2tb-m2-pcie-gen5-nvme-9100-pro.html
2026-08-04,Dysk,Seagate BARRACUDA 2TB 7200obr. 256MB,569.0,,https://www.x-kom.pl/p/461759-dysk-hdd-seagate-barracuda-2tb-7200obr-256mb.html
2026-08-04,Dysk,Synology HAT3320-8T 8TB Plus,2199.0,,https://www.x-kom.pl/p/1418298-dysk-hdd-synology-hat3320-8t-8tb-plus.html
2026-08-04,Karta graficzna,Gigabyte GeForce RTX 5070 Windforce OC 12GB GDDR7 DLSS4,3099.0,,https://www.x-kom.pl/p/1318534-karta-graficzna-nvidia-gigabyte-geforce-rtx-5070-windforce-oc-12gb-gddr7-dlss4.html
2026-08-04,Karta graficzna,Gigabyte GeForce RTX 5080 Windforce OC 16GB GDDR7 DLSS4,6199.0,,https://www.x-kom.pl/p/1309189-karta-graficzna-nvidia-gigabyte-geforce-rtx-5080-windforce-oc-16gb-gddr7-dlss4.html
2026-08-04,Karta graficzna,Gigabyte Radeon RX 9060 XT Gaming OC 16GB GDDR6,2199.0,,https://www.x-kom.pl/p/1339802-karta-graficzna-amd-gigabyte-radeon-rx-9060-xt-gaming-oc-16gb-gddr6.html
2026-08-04,Karta graficzna,MSI GeForce RTX 5090 Gaming Trio OC 32GB GDDR7 DLSS4,21499.0,,https://www.x-kom.pl/p/1314559-karta-graficzna-nvidia-msi-geforce-rtx-5090-gaming-trio-oc-32gb-gddr7-dlss4.html
2026-08-04,Karta graficzna,PowerColor Radeon RX 7600 Fighter 8GB V2 GDDR6,1249.0,,https://www.x-kom.pl/p/1368326-karta-graficzna-amd-powercolor-radeon-rx-7600-fighter-8gb-v2-gddr6.html
2026-08-04,Pamięć RAM,Corsair 16GB (2x8GB) 5600 CL40 Vengeance RGB,1299.0,,https://www.x-kom.pl/p/1486220-pamiec-ram-ddr5-corsair-16gb-2x8gb-5600-cl40-vengeance-rgb.html
2026-08-04,Pamięć RAM,G.SKILL 32GB (2x16GB) 3200MHz CL16 Aegis,1169.0,,https://www.x-kom.pl/p/539275-pamiec-ram-ddr4-gskill-32gb-2x16gb-3200mhz-cl16-aegis.html
2026-08-04,Pamięć RAM,GOODRAM 8GB (1x8GB) 1600MHz CL11,209.0,,https://www.x-kom.pl/p/420909-pamiec-ram-sodimm-ddr3-goodram-8gb-1x8gb-1600mhz-cl11.html
2026-08-04,Pamięć RAM,Kingston FURY 16GB (2x8GB) 3200MHz CL16 Beast Black,749.0,,https://www.x-kom.pl/p/667295-pamiec-ram-ddr4-kingston-fury-16gb-2x8gb-3200mhz-cl16-beast-black.html
2026-08-04,Pamięć RAM,Patriot 32GB (2x16GB) 6000MT/s CL30 Venom,1809.0,,https://www.x-kom.pl/p/1258925-pamiec-ram-ddr5-patriot-32gb-2x16gb-6000mt-s-cl30-venom.html
2026-08-04,Procesor,AMD Ryzen 7 5800X,959.0,,https://www.x-kom.pl/p/597430-procesor-amd-ryzen-7-amd-ryzen-7-5800x.html
2026-08-04,Procesor,AMD Ryzen 7 9800X3D,1849.0,,https://www.x-kom.pl/p/1292320-procesor-amd-ryzen-7-amd-ryzen-7-9800x3d.html
2026-08-04,Procesor,AMD Ryzen Threadripper PRO 9995WX,51399.0,,https://www.x-kom.pl/p/1352192-procesor-amd-threadripper-amd-ryzen-threadripper-pro-9995wx.html
2026-08-04,Procesor,Intel Core i5-12400F,679.0,,https://www.x-kom.pl/p/702238-procesory-intel-core-i5-intel-core-i5-12400f.html
2026-08-04,Procesor,Intel Core i7-12700KF,1039.0,,https://www.x-kom.pl/p/689604-procesor-intel-core-i7-intel-core-i7-12700kf.html
2026-08-04,Płyta główna,ASRock A520M-ITX/AC,429.0,,https://www.x-kom.pl/p/613677-plyta-glowna-socket-am4-asrock-a520m-itx-ac.html
2026-08-04,Płyta główna,ASUS TUF GAMING B850-PLUS WIFI,909.0,,https://www.x-kom.pl/p/1306481-plyta-glowna-socket-am5-asus-tuf-gaming-b850-plus-wifi.html
2026-08-04,Płyta główna,Gigabyte B650 EAGLE AX,569.0,,https://www.x-kom.pl/p/1226980-plyta-glowna-socket-am5-gigabyte-b650-eagle-ax.html
2026-08-04,Płyta główna,Gigabyte X870 AORUS ELITE WIFI7 ICE,1189.0,,https://www.x-kom.pl/p/1282691-plyta-glowna-socket-am5-gigabyte-x870-aorus-elite-wifi7-ice.html
2026-08-04,Płyta główna,MSI B550 GAMING WIFI,559.0,,https://www.x-kom.pl/p/1480681-plyta-glowna-socket-am4-msi-b550-gaming-wifi.html
2026-08-05,Dysk,ADATA Dysk SSD External SD810 2TB USB3.2C 20Gb/s Srebrny,1499.0,,https://www.x-kom.pl/p/1211896-dysk-zewnetrzny-ssd-adata-dysk-ssd-external-sd810-2tb-usb32c-20gb-s-srebrny.html
2026-08-05,Dysk,Lexar 1TB M.2 PCIe Gen4 NVMe NM790,739.0,,https://www.x-kom.pl/p/1146134-dysk-ssd-lexar-1tb-m2-pcie-gen4-nvme-nm790.html
2026-08-05,Dysk,Samsung 2TB M.2 PCIe Gen5 NVMe 9100 PRO,2699.0,,https://www.x-kom.pl/p/1322624-dysk-ssd-samsung-2tb-m2-pcie-gen5-nvme-9100-pro.html
2026-08-05,Dysk,Seagate BARRACUDA 2TB 7200obr. 256MB,569.0,,https://www.x-kom.pl/p/461759-dysk-hdd-seagate-barracuda-2tb-7200obr-256mb.html
2026-08-05,Dysk,Synology HAT3320-8T 8TB Plus,2199.0,,https://www.x-kom.pl/p/1418298-dysk-hdd-synology-hat3320-8t-8tb-plus.html
2026-08-05,Karta graficzna,Gigabyte GeForce RTX 5070 Windforce OC 12GB GDDR7 DLSS4,3099.0,,https://www.x-kom.pl/p/1318534-karta-graficzna-nvidia-gigabyte-geforce-rtx-5070-windforce-oc-12gb-gddr7-dlss4.html
2026-08-05,Karta graficzna,Gigabyte GeForce RTX 5080 Windforce OC 16GB GDDR7 DLSS4,6199.0,,https://www.x-kom.pl/p/1309189-karta-graficzna-nvidia-gigabyte-geforce-rtx-5080-windforce-oc-16gb-gddr7-dlss4.html
2026-08-05,Karta graficzna,Gigabyte Radeon RX 9060 XT Gaming OC 16GB GDDR6,2199.0,Zobacz produkty,https://www.x-kom.pl/p/1339802-karta-graficzna-amd-gigabyte-radeon-rx-9060-xt-gaming-oc-16gb-gddr6.html
2026-08-05,Karta graficzna,MSI GeForce RTX 5090 Gaming Trio OC 32GB GDDR7 DLSS4,21499.0,,https://www.x-kom.pl/p/1314559-karta-graficzna-nvidia-msi-geforce-rtx-5090-gaming-trio-oc-32gb-gddr7-dlss4.html
2026-08-05,Karta graficzna,PowerColor Radeon RX 7600 Fighter 8GB V2 GDDR6,1249.0,,https://www.x-kom.pl/p/1368326-karta-graficzna-amd-powercolor-radeon-rx-7600-fighter-8gb-v2-gddr6.html
2026-08-05,Pamięć RAM,Corsair 16GB (2x8GB) 5600 CL40 Vengeance RGB,1299.0,,https://www.x-kom.pl/p/1486220-pamiec-ram-ddr5-corsair-16gb-2x8gb-5600-cl40-vengeance-rgb.html
2026-08-05,Pamięć RAM,G.SKILL 32GB (2x16GB) 3200MHz CL16 Aegis,1169.0,,https://www.x-kom.pl/p/539275-pamiec-ram-ddr4-gskill-32gb-2x16gb-3200mhz-cl16-aegis.html
2026-08-05,Pamięć RAM,GOODRAM 8GB (1x8GB) 1600MHz CL11,209.0,,https://www.x-kom.pl/p/420909-pamiec-ram-sodimm-ddr3-goodram-8gb-1x8gb-1600mhz-cl11.html
2026-08-05,Pamięć RAM,Kingston FURY 16GB (2x8GB) 3200MHz CL16 Beast Black,749.0,,https://www.x-kom.pl/p/667295-pamiec-ram-ddr4-kingston-fury-16gb-2x8gb-3200mhz-cl16-beast-black.html
2026-08-05,Pamięć RAM,Patriot 32GB (2x16GB) 6000MT/s CL30 Venom,1899.0,,https://www.x-kom.pl/p/1258925-pamiec-ram-ddr5-patriot-32gb-2x16gb-6000mt-s-cl30-venom.html
2026-08-05,Procesor,AMD Ryzen 7 5800X,959.0,,https://www.x-kom.pl/p/597430-procesor-amd-ryzen-7-amd-ryzen-7-5800x.html
2026-08-05,Procesor,AMD Ryzen 7 9800X3D,1829.0,,https://www.x-kom.pl/p/1292320-procesor-amd-ryzen-7-amd-ryzen-7-9800x3d.html
2026-08-05,Procesor,AMD Ryzen Threadripper PRO 9995WX,51399.0,,https://www.x-kom.pl/p/1352192-procesor-amd-threadripper-amd-ryzen-threadripper-pro-9995wx.html
2026-08-05,Procesor,Intel Core i5-12400F,679.0,,https://www.x-kom.pl/p/702238-procesory-intel-core-i5-intel-core-i5-12400f.html
2026-08-05,Procesor,Intel Core i7-12700KF,1039.0,,https://www.x-kom.pl/p/689604-procesor-intel-core-i7-intel-core-i7-12700kf.html
2026-08-05,Płyta główna,ASRock A520M-ITX/AC,429.0,,https://www.x-kom.pl/p/613677-plyta-glowna-socket-am4-asrock-a520m-itx-ac.html
2026-08-05,Płyta główna,ASUS TUF GAMING B850-PLUS WIFI,909.0,,https://www.x-kom.pl/p/1306481-plyta-glowna-socket-am5-asus-tuf-gaming-b850-plus-wifi.html
2026-08-05,Płyta główna,Gigabyte B650 EAGLE AX,569.0,,https://www.x-kom.pl/p/1226980-plyta-glowna-socket-am5-gigabyte-b650-eagle-ax.html
2026-08-05,Płyta główna,Gigabyte X870 AORUS ELITE WIFI7 ICE,1189.0,,https://www.x-kom.pl/p/1282691-plyta-glowna-socket-am5-gigabyte-x870-aorus-elite-wifi7-ice.html
2026-08-05,Płyta główna,MSI B550 GAMING WIFI,559.0,,https://www.x-kom.pl/p/1480681-plyta-glowna-socket-am4-msi-b550-gaming-wifi.html
2026-08-06,Dysk,ADATA Dysk SSD External SD810 2TB USB3.2C 20Gb/s Srebrny,1499.0,,https://www.x-kom.pl/p/1211896-dysk-zewnetrzny-ssd-adata-dysk-ssd-external-sd810-2tb-usb32c-20gb-s-srebrny.html
2026-08-06,Dysk,Lexar 1TB M.2 PCIe Gen4 NVMe NM790,749.0,,https://www.x-kom.pl/p/1146134-dysk-ssd-lexar-1tb-m2-pcie-gen4-nvme-nm790.html
2026-08-06,Dysk,Samsung 2TB M.2 PCIe Gen5 NVMe 9100 PRO,2699.0,,https://www.x-kom.pl/p/1322624-dysk-ssd-samsung-2tb-m2-pcie-gen5-nvme-9100-pro.html
2026-08-06,Dysk,Seagate BARRACUDA 2TB 7200obr. 256MB,569.0,,https://www.x-kom.pl/p/461759-dysk-hdd-seagate-barracuda-2tb-7200obr-256mb.html
2026-08-06,Dysk,Synology HAT3320-8T 8TB Plus,2199.0,,https://www.x-kom.pl/p/1418298-dysk-hdd-synology-hat3320-8t-8tb-plus.html
2026-08-06,Karta graficzna,Gigabyte GeForce RTX 5070 Windforce OC 12GB GDDR7 DLSS4,3199.0,,https://www.x-kom.pl/p/1318534-karta-graficzna-nvidia-gigabyte-geforce-rtx-5070-windforce-oc-12gb-gddr7-dlss4.html
2026-08-06,Karta graficzna,Gigabyte GeForce RTX 5080 Windforce OC 16GB GDDR7 DLSS4,6199.0,,https://www.x-kom.pl/p/1309189-karta-graficzna-nvidia-gigabyte-geforce-rtx-5080-windforce-oc-16gb-gddr7-dlss4.html
2026-08-06,Karta graficzna,Gigabyte Radeon RX 9060 XT Gaming OC 16GB GDDR6,2199.0,Zobacz produkty,https://www.x-kom.pl/p/1339802-karta-graficzna-amd-gigabyte-radeon-rx-9060-xt-gaming-oc-16gb-gddr6.html
2026-08-06,Karta graficzna,MSI GeForce RTX 5090 Gaming Trio OC 32GB GDDR7 DLSS4,21499.0,,https://www.x-kom.pl/p/1314559-karta-graficzna-nvidia-msi-geforce-rtx-5090-gaming-trio-oc-32gb-gddr7-dlss4.html
2026-08-06,Karta graficzna,PowerColor Radeon RX 7600 Fighter 8GB V2 GDDR6,1249.0,,https://www.x-kom.pl/p/1368326-karta-graficzna-amd-powercolor-radeon-rx-7600-fighter-8gb-v2-gddr6.html
2026-08-06,Pamięć RAM,Corsair 16GB (2x8GB) 5600 CL40 Vengeance RGB,1299.0,,https://www.x-kom.pl/p/1486220-pamiec-ram-ddr5-corsair-16gb-2x8gb-5600-cl40-vengeance-rgb.html
2026-08-06,Pamięć RAM,G.SKILL 32GB (2x16GB) 3200MHz CL16 Aegis,1169.0,,https://www.x-kom.pl/p/539275-pamiec-ram-ddr4-gskill-32gb-2x16gb-3200mhz-cl16-aegis.html
2026-08-06,Pamięć RAM,GOODRAM 8GB (1x8GB) 1600MHz CL11,209.0,,https://www.x-kom.pl/p/420909-pamiec-ram-sodimm-ddr3-goodram-8gb-1x8gb-1600mhz-cl11.html
2026-08-06,Pamięć RAM,Kingston FURY 16GB (2x8GB) 3200MHz CL16 Beast Black,749.0,,https://www.x-kom.pl/p/667295-pamiec-ram-ddr4-kingston-fury-16gb-2x8gb-3200mhz-cl16-beast-black.html
2026-08-06,Pamięć RAM,Patriot 32GB (2x16GB) 6000MT/s CL30 Venom,1899.0,,https://www.x-kom.pl/p/1258925-pamiec-ram-ddr5-patriot-32gb-2x16gb-6000mt-s-cl30-venom.html
2026-08-06,Procesor,AMD Ryzen 7 5800X,959.0,,https://www.x-kom.pl/p/597430-procesor-amd-ryzen-7-amd-ryzen-7-5800x.html
2026-08-06,Procesor,AMD Ryzen 7 9800X3D,1829.0,,https://www.x-kom.pl/p/1292320-procesor-amd-ryzen-7-amd-ryzen-7-9800x3d.html
2026-08-06,Procesor,AMD Ryzen Threadripper PRO 9995WX,51399.0,,https://www.x-kom.pl/p/1352192-procesor-amd-threadripper-amd-ryzen-threadripper-pro-9995wx.html
2026-08-06,Procesor,Intel Core i5-12400F,679.0,,https://www.x-kom.pl/p/702238-procesory-intel-core-i5-intel-core-i5-12400f.html
2026-08-06,Procesor,Intel Core i7-12700KF,1039.0,,https://www.x-kom.pl/p/689604-procesor-intel-core-i7-intel-core-i7-12700kf.html
2026-08-06,Płyta główna,ASRock A520M-ITX/AC,429.0,,https://www.x-kom.pl/p/613677-plyta-glowna-socket-am4-asrock-a520m-itx-ac.html
2026-08-06,Płyta główna,ASUS TUF GAMING B850-PLUS WIFI,909.0,,https://www.x-kom.pl/p/1306481-plyta-glowna-socket-am5-asus-tuf-gaming-b850-plus-wifi.html
2026-08-06,Płyta główna,Gigabyte X870 AORUS ELITE WIFI7 ICE,1189.0,,https://www.x-kom.pl/p/1282691-plyta-glowna-socket-am5-gigabyte-x870-aorus-elite-wifi7-ice.html
2026-08-06,Płyta główna,MSI B550 GAMING WIFI,559.0,,https://www.x-kom.pl/p/1480681-plyta-glowna-socket-am4-msi-b550-gaming-wifi.html
2026-08-06,Płyta główna,,569.0,,https://www.x-kom.pl/p/1226980-plyta-glowna-socket-am5-gigabyte-b650-eagle-ax.html
2026-08-07,Dysk,ADATA Dysk SSD External SD810 2TB USB3.2C 20Gb/s Srebrny,1499.0,,https://www.x-kom.pl/p/1211896-dysk-zewnetrzny-ssd-adata-dysk-ssd-external-sd810-2tb-usb32c-20gb-s-srebrny.html
2026-08-07,Dysk,Lexar 1TB M.2 PCIe Gen4 NVMe NM790,749.0,,https://www.x-kom.pl/p/1146134-dysk-ssd-lexar-1tb-m2-pcie-gen4-nvme-nm790.html
2026-08-07,Dysk,Samsung 2TB M.2 PCIe Gen5 NVMe 9100 PRO,2699.0,,https://www.x-kom.pl/p/1322624-dysk-ssd-samsung-2tb-m2-pcie-gen5-nvme-9100-pro.html
2026-08-07,Dysk,Seagate BARRACUDA 2TB 7200obr. 256MB,569.0,,https://www.x-kom.pl/p/461759-dysk-hdd-seagate-barracuda-2tb-7200obr-256mb.html
2026-08-07,Dysk,Synology HAT3320-8T 8TB Plus,2199.0,,https://www.x-kom.pl/p/1418298-dysk-hdd-synology-hat3320-8t-8tb-plus.html
2026-08-07,Karta graficzna,Gigabyte GeForce RTX 5070 Windforce OC 12GB GDDR7 DLSS4,3199.0,,https://www.x-kom.pl/p/1318534-karta-graficzna-nvidia-gigabyte-geforce-rtx-5070-windforce-oc-12gb-gddr7-dlss4.html
2026-08-07,Karta graficzna,Gigabyte GeForce RTX 5080 Windforce OC 16GB GDDR7 DLSS4,6199.0,,https://www.x-kom.pl/p/1309189-karta-graficzna-nvidia-gigabyte-geforce-rtx-5080-windforce-oc-16gb-gddr7-dlss4.html
2026-08-07,Karta graficzna,Gigabyte Radeon RX 9060 XT Gaming OC 16GB GDDR6,2199.0,,https://www.x-kom.pl/p/1339802-karta-graficzna-amd-gigabyte-radeon-rx-9060-xt-gaming-oc-16gb-gddr6.html
2026-08-07,Karta graficzna,MSI GeForce RTX 5090 Gaming Trio OC 32GB GDDR7 DLSS4,21499.0,,https://www.x-kom.pl/p/1314559-karta-graficzna-nvidia-msi-geforce-rtx-5090-gaming-trio-oc-32gb-gddr7-dlss4.html
2026-08-07,Karta graficzna,PowerColor Radeon RX 7600 Fighter 8GB V2 GDDR6,1249.0,,https://www.x-kom.pl/p/1368326-karta-graficzna-amd-powercolor-radeon-rx-7600-fighter-8gb-v2-gddr6.html
2026-08-07,Pamięć RAM,Corsair 16GB (2x8GB) 5600 CL40 Vengeance RGB,1299.0,,https://www.x-kom.pl/p/1486220-pamiec-ram-ddr5-corsair-16gb-2x8gb-5600-cl40-vengeance-rgb.html
2026-08-07,Pamięć RAM,G.SKILL 32GB (2x16GB) 3200MHz CL16 Aegis,1169.0,,https://www.x-kom.pl/p/539275-pamiec-ram-ddr4-gskill-32gb-2x16gb-3200mhz-cl16-aegis.html
2026-08-07,Pamięć RAM,GOODRAM 8GB (1x8GB) 1600MHz CL11,209.0,,https://www.x-kom.pl/p/420909-pamiec-ram-sodimm-ddr3-goodram-8gb-1x8gb-1600mhz-cl11.html
2026-08-07,Pamięć RAM,Kingston FURY 16GB (2x8GB) 3200MHz CL16 Beast Black,749.0,,https://www.x-kom.pl/p/667295-pamiec-ram-ddr4-kingston-fury-16gb-2x8gb-3200mhz-cl16-beast-black.html
2026-08-07,Pamięć RAM,Patriot 32GB (2x16GB) 6000MT/s CL30 Venom,1899.0,,https://www.x-kom.pl/p/1258925-pamiec-ram-ddr5-patriot-32gb-2x16gb-6000mt-s-cl30-venom.html
2026-08-07,Procesor,AMD Ryzen 7 5800X,959.0,,https://www.x-kom.pl/p/597430-procesor-amd-ryzen-7-amd-ryzen-7-5800x.html
2026-08-07,Procesor,AMD Ryzen 7 9800X3D,1829.0,,https://www.x-kom.pl/p/1292320-procesor-amd-ryzen-7-amd-ryzen-7-9800x3d.html
2026-08-07,Procesor,AMD Ryzen Threadripper PRO 9995WX,51399.0,,https://www.x-kom.pl/p/1352192-procesor-amd-threadripper-amd-ryzen-threadripper-pro-9995wx.html
2026-08-07,Procesor,Intel Core i5-12400F,679.0,,https://www.x-kom.pl/p/702238-procesory-intel-core-i5-intel-core-i5-12400f.html
2026-08-07,Procesor,Intel Core i7-12700KF,1039.0,,https://www.x-kom.pl/p/689604-procesor-intel-core-i7-intel-core-i7-12700kf.html
2026-08-07,Płyta główna,ASRock A520M-ITX/AC,429.0,,https://www.x-kom.pl/p/613677-plyta-glowna-socket-am4-asrock-a520m-itx-ac.html
2026-08-07,Płyta główna,ASUS TUF GAMING B850-PLUS WIFI,909.0,,https://www.x-kom.pl/p/1306481-plyta-glowna-socket-am5-asus-tuf-gaming-b850-plus-wifi.html
2026-08-07,Płyta główna,Gigabyte B650 EAGLE AX,569.0,,https://www.x-kom.pl/p/1226980-plyta-glowna-socket-am5-gigabyte-b650-eagle-ax.html
2026-08-07,Płyta główna,Gigabyte X870 AORUS ELITE WIFI7 ICE,1189.0,,https://www.x-kom.pl/p/1282691-plyta-glowna-socket-am5-gigabyte-x870-aorus-elite-wifi7-ice.html
2026-08-07,Płyta główna,MSI B550 GAMING WIFI,559.0,,https://www.x-kom.pl/p/1480681-plyta-glowna-socket-am4-msi-b550-gaming-wifi.html
2026-08-08,Dysk,ADATA Dysk SSD External SD810 2TB USB3.2C 20Gb/s Srebrny,1499.0,,https://www.x-kom.pl/p/1211896-dysk-zewnetrzny-ssd-adata-dysk-ssd-external-sd810-2tb-usb32c-20gb-s-srebrny.html
2026-08-08,Dysk,Lexar 1TB M.2 PCIe Gen4 NVMe NM790,749.0,,https://www.x-kom.pl/p/1146134-dysk-ssd-lexar-1tb-m2-pcie-gen4-nvme-nm790.html
2026-08-08,Dysk,Samsung 2TB M.2 PCIe Gen5 NVMe 9100 PRO,2699.0,,https://www.x-kom.pl/p/1322624-dysk-ssd-samsung-2tb-m2-pcie-gen5-nvme-9100-pro.html
2026-08-08,Dysk,Seagate BARRACUDA 2TB 7200obr. 256MB,569.0,,https://www.x-kom.pl/p/461759-dysk-hdd-seagate-barracuda-2tb-7200obr-256mb.html
2026-08-08,Dysk,Synology HAT3320-8T 8TB Plus,2199.0,,https://www.x-kom.pl/p/1418298-dysk-hdd-synology-hat3320-8t-8tb-plus.html
2026-08-08,Karta graficzna,Gigabyte GeForce RTX 5070 Windforce OC 12GB GDDR7 DLSS4,3199.0,Zobacz produkty,https://www.x-kom.pl/p/1318534-karta-graficzna-nvidia-gigabyte-geforce-rtx-5070-windforce-oc-12gb-gddr7-dlss4.html
2026-08-08,Karta graficzna,Gigabyte GeForce RTX 5080 Windforce OC 16GB GDDR7 DLSS4,6199.0,,https://www.x-kom.pl/p/1309189-karta-graficzna-nvidia-gigabyte-geforce-rtx-5080-windforce-oc-16gb-gddr7-dlss4.html
2026-08-08,Karta graficzna,Gigabyte Radeon RX 9060 XT Gaming OC 16GB GDDR6,2199.0,Zobacz produkty,https://www.x-kom.pl/p/1339802-karta-graficzna-amd-gigabyte-radeon-rx-9060-xt-gaming-oc-16gb-gddr6.html
2026-08-08,Karta graficzna,MSI GeForce RTX 5090 Gaming Trio OC 32GB GDDR7 DLSS4,21499.0,,https://www.x-kom.pl/p/1314559-karta-graficzna-nvidia-msi-geforce-rtx-5090-gaming-trio-oc-32gb-gddr7-dlss4.html
2026-08-08,Karta graficzna,PowerColor Radeon RX 7600 Fighter 8GB V2 GDDR6,1249.0,,https://www.x-kom.pl/p/1368326-karta-graficzna-amd-powercolor-radeon-rx-7600-fighter-8gb-v2-gddr6.html
2026-08-08,Pamięć RAM,Corsair 16GB (2x8GB) 5600 CL40 Vengeance RGB,1299.0,,https://www.x-kom.pl/p/1486220-pamiec-ram-ddr5-corsair-16gb-2x8gb-5600-cl40-vengeance-rgb.html
2026-08-08,Pamięć RAM,G.SKILL 32GB (2x16GB) 3200MHz CL16 Aegis,1169.0,,https://www.x-kom.pl/p/539275-pamiec-ram-ddr4-gskill-32gb-2x16gb-3200mhz-cl16-aegis.html
2026-08-08,Pamięć RAM,GOODRAM 8GB (1x8GB) 1600MHz CL11,209.0,,https://www.x-kom.pl/p/420909-pamiec-ram-sodimm-ddr3-goodram-8gb-1x8gb-1600mhz-cl11.html
2026-08-08,Pamięć RAM,Kingston FURY 16GB (2x8GB) 3200MHz CL16 Beast Black,749.0,,https://www.x-kom.pl/p/667295-pamiec-ram-ddr4-kingston-fury-16gb-2x8gb-3200mhz-cl16-beast-black.html
2026-08-08,Pamięć RAM,Patriot 32GB (2x16GB) 6000MT/s CL30 Venom,1899.0,,https://www.x-kom.pl/p/1258925-pamiec-ram-ddr5-patriot-32gb-2x16gb-6000mt-s-cl30-venom.html
2026-08-08,Procesor,AMD Ryzen 7 5800X,959.0,,https://www.x-kom.pl/p/597430-procesor-amd-ryzen-7-amd-ryzen-7-5800x.html
2026-08-08,Procesor,AMD Ryzen 7 9800X3D,1829.0,,https://www.x-kom.pl/p/1292320-procesor-amd-ryzen-7-amd-ryzen-7-9800x3d.html
2026-08-08,Procesor,AMD Ryzen Threadripper PRO 9995WX,51399.0,,https://www.x-kom.pl/p/1352192-procesor-amd-threadripper-amd-ryzen-threadripper-pro-9995wx.html
2026-08-08,Procesor,Intel Core i5-12400F,679.0,,https://www.x-kom.pl/p/702238-procesory-intel-core-i5-intel-core-i5-12400f.html
2026-08-08,Procesor,Intel Core i7-12700KF,1039.0,,https://www.x-kom.pl/p/689604-procesor-intel-core-i7-intel-core-i7-12700kf.html
2026-08-08,Płyta główna,ASRock A520M-ITX/AC,429.0,,https://www.x-kom.pl/p/613677-plyta-glowna-socket-am4-asrock-a520m-itx-ac.html
2026-08-08,Płyta główna,ASUS TUF GAMING B850-PLUS WIFI,909.0,,https://www.x-kom.pl/p/1306481-plyta-glowna-socket-am5-asus-tuf-gaming-b850-plus-wifi.html
2026-08-08,Płyta główna,Gigabyte B650 EAGLE AX,569.0,,https://www.x-kom.pl/p/1226980-plyta-glowna-socket-am5-gigabyte-b650-eagle-ax.html
2026-08-08,Płyta główna,Gigabyte X870 AORUS ELITE WIFI7 ICE,1189.0,,https://www.x-kom.pl/p/1282691-plyta-glowna-socket-am5-gigabyte-x870-aorus-elite-wifi7-ice.html
2026-08-08,Płyta główna,MSI B550 GAMING WIFI,559.0,,https://www.x-kom.pl/p/1480681-plyta-glowna-socket-am4-msi-b550-gaming-wifi.html
2026-08-09,Dysk,ADATA Dysk SSD External SD810 2TB USB3.2C 20Gb/s Srebrny,1499.0,,https://www.x-kom.pl/p/1211896-dysk-zewnetrzny-ssd-adata-dysk-ssd-external-sd810-2tb-usb32c-20gb-s-srebrny.html
2026-08-09,Dysk,Lexar 1TB M.2 PCIe Gen4 NVMe NM790,749.0,,https://www.x-kom.pl/p/1146134-dysk-ssd-lexar-1tb-m2-pcie-gen4-nvme-nm790.html
2026-08-09,Dysk,Samsung 2TB M.2 PCIe Gen5 NVMe 9100 PRO,2699.0,,https://www.x-kom.pl/p/1322624-dysk-ssd-samsung-2tb-m2-pcie-gen5-nvme-9100-pro.html
2026-08-09,Dysk,Seagate BARRACUDA 2TB 7200obr. 256MB,569.0,,https://www.x-kom.pl/p/461759-dysk-hdd-seagate-barracuda-2tb-7200obr-256mb.html
2026-08-09,Dysk,Synology HAT3320-8T 8TB Plus,2199.0,,https://www.x-kom.pl/p/1418298-dysk-hdd-synology-hat3320-8t-8tb-plus.html
2026-08-09,Karta graficzna,Gigabyte GeForce RTX 5070 Windforce OC 12GB GDDR7 DLSS4,3199.0,Zobacz produkty,https://www.x-kom.pl/p/1318534-karta-graficzna-nvidia-gigabyte-geforce-rtx-5070-windforce-oc-12gb-gddr7-dlss4.html
2026-08-09,Karta graficzna,Gigabyte GeForce RTX 5080 Windforce OC 16GB GDDR7 DLSS4,6199.0,,https://www.x-kom.pl/p/1309189-karta-graficzna-nvidia-gigabyte-geforce-rtx-5080-windforce-oc-16gb-gddr7-dlss4.html
2026-08-09,Karta graficzna,Gigabyte Radeon RX 9060 XT Gaming OC 16GB GDDR6,2199.0,Zobacz produkty,https://www.x-kom.pl/p/1339802-karta-graficzna-amd-gigabyte-radeon-rx-9060-xt-gaming-oc-16gb-gddr6.html
2026-08-09,Karta graficzna,MSI GeForce RTX 5090 Gaming Trio OC 32GB GDDR7 DLSS4,21499.0,,https://www.x-kom.pl/p/1314559-karta-graficzna-nvidia-msi-geforce-rtx-5090-gaming-trio-oc-32gb-gddr7-dlss4.html
2026-08-09,Karta graficzna,PowerColor Radeon RX 7600 Fighter 8GB V2 GDDR6,1249.0,,https://www.x-kom.pl/p/1368326-karta-graficzna-amd-powercolor-radeon-rx-7600-fighter-8gb-v2-gddr6.html
2026-08-09,Pamięć RAM,Corsair 16GB (2x8GB) 5600 CL40 Vengeance RGB,1299.0,,https://www.x-kom.pl/p/1486220-pamiec-ram-ddr5-corsair-16gb-2x8gb-5600-cl40-vengeance-rgb.html
2026-08-09,Pamięć RAM,G.SKILL 32GB (2x16GB) 3200MHz CL16 Aegis,1169.0,,https://www.x-kom.pl/p/539275-pamiec-ram-ddr4-gskill-32gb-2x16gb-3200mhz-cl16-aegis.html
2026-08-09,Pamięć RAM,GOODRAM 8GB (1x8GB) 1600MHz CL11,209.0,,https://www.x-kom.pl/p/420909-pamiec-ram-sodimm-ddr3-goodram-8gb-1x8gb-1600mhz-cl11.html
2026-08-09,Pamięć RAM,Kingston FURY 16GB (2x8GB) 3200MHz CL16 Beast Black,749.0,,https://www.x-kom.pl/p/667295-pamiec-ram-ddr4-kingston-fury-16gb-2x8gb-3200mhz-cl16-beast-black.html
2026-08-09,Pamięć RAM,Patriot 32GB (2x16GB) 6000MT/s CL30 Venom,1899.0,,https://www.x-kom.pl/p/1258925-pamiec-ram-ddr5-patriot-32gb-2x16gb-6000mt-s-cl30-venom.html
2026-08-09,Procesor,AMD Ryzen 7 5800X,959.0,,https://www.x-kom.pl/p/597430-procesor-amd-ryzen-7-amd-ryzen-7-5800x.html
2026-08-09,Procesor,AMD Ryzen 7 9800X3D,1829.0,,https://www.x-kom.pl/p/1292320-procesor-amd-ryzen-7-amd-ryzen-7-9800x3d.html
2026-08-09,Procesor,AMD Ryzen Threadripper PRO 9995WX,51399.0,,https://www.x-kom.pl/p/1352192-procesor-amd-threadripper-amd-ryzen-threadripper-pro-9995wx.html
2026-08-09,Procesor,Intel Core i5-12400F,679.0,,https://www.x-kom.pl/p/702238-procesory-intel-core-i5-intel-core-i5-12400f.html
2026-08-09,Procesor,Intel Core i7-12700KF,1039.0,,https://www.x-kom.pl/p/689604-procesor-intel-core-i7-intel-core-i7-12700kf.html
2026-08-09,Płyta główna,ASRock A520M-ITX/AC,429.0,,https://www.x-kom.pl/p/613677-plyta-glowna-socket-am4-asrock-a520m-itx-ac.html
2026-08-09,Płyta główna,ASUS TUF GAMING B850-PLUS WIFI,909.0,,https://www.x-kom.pl/p/1306481-plyta-glowna-socket-am5-asus-tuf-gaming-b850-plus-wifi.html
2026-08-09,Płyta główna,Gigabyte B650 EAGLE AX,569.0,,https://www.x-kom.pl/p/1226980-plyta-glowna-socket-am5-gigabyte-b650-eagle-ax.html
2026-08-09,Płyta główna,Gigabyte X870 AORUS ELITE WIFI7 ICE,1189.0,,https://www.x-kom.pl/p/1282691-plyta-glowna-socket-am5-gigabyte-x870-aorus-elite-wifi7-ice.html
2026-08-09,Płyta główna,MSI B550 GAMING WIFI,559.0,,https://www.x-kom.pl/p/1480681-plyta-glowna-socket-am4-msi-b550-gaming-wifi.html
2026-08-10,Dysk,ADATA Dysk SSD External SD810 2TB USB3.2C 20Gb/s Srebrny,1499.0,,https://www.x-kom.pl/p/1211896-dysk-zewnetrzny-ssd-adata-dysk-ssd-external-sd810-2tb-usb32c-20gb-s-srebrny.html
2026-08-10,Dysk,Lexar 1TB M.2 PCIe Gen4 NVMe NM790,749.0,,https://www.x-kom.pl/p/1146134-dysk-ssd-lexar-1tb-m2-pcie-gen4-nvme-nm790.html
2026-08-10,Dysk,Samsung 2TB M.2 PCIe Gen5 NVMe 9100 PRO,2699.0,,https://www.x-kom.pl/p/1322624-dysk-ssd-samsung-2tb-m2-pcie-gen5-nvme-9100-pro.html
2026-08-10,Dysk,Seagate BARRACUDA 2TB 7200obr. 256MB,569.0,,https://www.x-kom.pl/p/461759-dysk-hdd-seagate-barracuda-2tb-7200obr-256mb.html
2026-08-10,Dysk,Synology HAT3320-8T 8TB Plus,2199.0,,https://www.x-kom.pl/p/1418298-dysk-hdd-synology-hat3320-8t-8tb-plus.html
2026-08-10,Karta graficzna,Gigabyte GeForce RTX 5070 Windforce OC 12GB GDDR7 DLSS4,3199.0,Zobacz produkty,https://www.x-kom.pl/p/1318534-karta-graficzna-nvidia-gigabyte-geforce-rtx-5070-windforce-oc-12gb-gddr7-dlss4.html
2026-08-10,Karta graficzna,Gigabyte GeForce RTX 5080 Windforce OC 16GB GDDR7 DLSS4,6199.0,,https://www.x-kom.pl/p/1309189-karta-graficzna-nvidia-gigabyte-geforce-rtx-5080-windforce-oc-16gb-gddr7-dlss4.html
2026-08-10,Karta graficzna,Gigabyte Radeon RX 9060 XT Gaming OC 16GB GDDR6,2199.0,Zobacz produkty,https://www.x-kom.pl/p/1339802-karta-graficzna-amd-gigabyte-radeon-rx-9060-xt-gaming-oc-16gb-gddr6.html
2026-08-10,Karta graficzna,MSI GeForce RTX 5090 Gaming Trio OC 32GB GDDR7 DLSS4,21499.0,,https://www.x-kom.pl/p/1314559-karta-graficzna-nvidia-msi-geforce-rtx-5090-gaming-trio-oc-32gb-gddr7-dlss4.html
2026-08-10,Karta graficzna,PowerColor Radeon RX 7600 Fighter 8GB V2 GDDR6,1249.0,,https://www.x-kom.pl/p/1368326-karta-graficzna-amd-powercolor-radeon-rx-7600-fighter-8gb-v2-gddr6.html
2026-08-10,Pamięć RAM,Corsair 16GB (2x8GB) 5600 CL40 Vengeance RGB,1299.0,,https://www.x-kom.pl/p/1486220-pamiec-ram-ddr5-corsair-16gb-2x8gb-5600-cl40-vengeance-rgb.html
2026-08-10,Pamięć RAM,G.SKILL 32GB (2x16GB) 3200MHz CL16 Aegis,989.0,,https://www.x-kom.pl/p/539275-pamiec-ram-ddr4-gskill-32gb-2x16gb-3200mhz-cl16-aegis.html
2026-08-10,Pamięć RAM,GOODRAM 8GB (1x8GB) 1600MHz CL11,209.0,,https://www.x-kom.pl/p/420909-pamiec-ram-sodimm-ddr3-goodram-8gb-1x8gb-1600mhz-cl11.html
2026-08-10,Pamięć RAM,Kingston FURY 16GB (2x8GB) 3200MHz CL16 Beast Black,749.0,,https://www.x-kom.pl/p/667295-pamiec-ram-ddr4-kingston-fury-16gb-2x8gb-3200mhz-cl16-beast-black.html
2026-08-10,Pamięć RAM,Patriot 32GB (2x16GB) 6000MT/s CL30 Venom,1899.0,,https://www.x-kom.pl/p/1258925-pamiec-ram-ddr5-patriot-32gb-2x16gb-6000mt-s-cl30-venom.html
2026-08-10,Procesor,AMD Ryzen 7 5800X,959.0,,https://www.x-kom.pl/p/597430-procesor-amd-ryzen-7-amd-ryzen-7-5800x.html
2026-08-10,Procesor,AMD Ryzen 7 9800X3D,1829.0,,https://www.x-kom.pl/p/1292320-procesor-amd-ryzen-7-amd-ryzen-7-9800x3d.html
2026-08-10,Procesor,AMD Ryzen Threadripper PRO 9995WX,51399.0,,https://www.x-kom.pl/p/1352192-procesor-amd-threadripper-amd-ryzen-threadripper-pro-9995wx.html
2026-08-10,Procesor,Intel Core i5-12400F,579.0,,https://www.x-kom.pl/p/702238-procesory-intel-core-i5-intel-core-i5-12400f.html
2026-08-10,Procesor,Intel Core i7-12700KF,979.0,,https://www.x-kom.pl/p/689604-procesor-intel-core-i7-intel-core-i7-12700kf.html
2026-08-10,Płyta główna,ASRock A520M-ITX/AC,429.0,,https://www.x-kom.pl/p/613677-plyta-glowna-socket-am4-asrock-a520m-itx-ac.html
2026-08-10,Płyta główna,ASUS TUF GAMING B850-PLUS WIFI,909.0,,https://www.x-kom.pl/p/1306481-plyta-glowna-socket-am5-asus-tuf-gaming-b850-plus-wifi.html
2026-08-10,Płyta główna,Gigabyte B650 EAGLE AX,569.0,,https://www.x-kom.pl/p/1226980-plyta-glowna-socket-am5-gigabyte-b650-eagle-ax.html
2026-08-10,Płyta główna,Gigabyte X870 AORUS ELITE WIFI7 ICE,1189.0,,https://www.x-kom.pl/p/1282691-plyta-glowna-socket-am5-gigabyte-x870-aorus-elite-wifi7-ice.html
2026-08-10,Płyta główna,MSI B550 GAMING WIFI,559.0,,https://www.x-kom.pl/p/1480681-plyta-glowna-socket-am4-msi-b550-gaming-wifi.html
2026-08-11,Dysk,ADATA Dysk SSD External SD810 2TB USB3.2C 20Gb/s Srebrny,1499.0,,https://www.x-kom.pl/p/1211896-dysk-zewnetrzny-ssd-adata-dysk-ssd-external-sd810-2tb-usb32c-20gb-s-srebrny.html
2026-08-11,Dysk,Lexar 1TB M.2 PCIe Gen4 NVMe NM790,769.0,,https://www.x-kom.pl/p/1146134-dysk-ssd-lexar-1tb-m2-pcie-gen4-nvme-nm790.html
2026-08-11,Dysk,Samsung 2TB M.2 PCIe Gen5 NVMe 9100 PRO,2699.0,,https://www.x-kom.pl/p/1322624-dysk-ssd-samsung-2tb-m2-pcie-gen5-nvme-9100-pro.html
2026-08-11,Dysk,Seagate BARRACUDA 2TB 7200obr. 256MB,569.0,,https://www.x-kom.pl/p/461759-dysk-hdd-seagate-barracuda-2tb-7200obr-256mb.html
2026-08-11,Dysk,Synology HAT3320-8T 8TB Plus,2199.0,,https://www.x-kom.pl/p/1418298-dysk-hdd-synology-hat3320-8t-8tb-plus.html
2026-08-11,Karta graficzna,Gigabyte GeForce RTX 5070 Windforce OC 12GB GDDR7 DLSS4,3499.0,Zobacz produkty,https://www.x-kom.pl/p/1318534-karta-graficzna-nvidia-gigabyte-geforce-rtx-5070-windforce-oc-12gb-gddr7-dlss4.html
2026-08-11,Karta graficzna,Gigabyte GeForce RTX 5080 Windforce OC 16GB GDDR7 DLSS4,6199.0,,https://www.x-kom.pl/p/1309189-karta-graficzna-nvidia-gigabyte-geforce-rtx-5080-windforce-oc-16gb-gddr7-dlss4.html
2026-08-11,Karta graficzna,Gigabyte Radeon RX 9060 XT Gaming OC 16GB GDDR6,2299.0,Zobacz produkty,https://www.x-kom.pl/p/1339802-karta-graficzna-amd-gigabyte-radeon-rx-9060-xt-gaming-oc-16gb-gddr6.html
2026-08-11,Karta graficzna,MSI GeForce RTX 5090 Gaming Trio OC 32GB GDDR7 DLSS4,21499.0,Zobacz produkty,https://www.x-kom.pl/p/1314559-karta-graficzna-nvidia-msi-geforce-rtx-5090-gaming-trio-oc-32gb-gddr7-dlss4.html
2026-08-11,Karta graficzna,PowerColor Radeon RX 7600 Fighter 8GB V2 GDDR6,1249.0,,https://www.x-kom.pl/p/1368326-karta-graficzna-amd-powercolor-radeon-rx-7600-fighter-8gb-v2-gddr6.html
2026-08-11,Pamięć RAM,Corsair 16GB (2x8GB) 5600 CL40 Vengeance RGB,1299.0,,https://www.x-kom.pl/p/1486220-pamiec-ram-ddr5-corsair-16gb-2x8gb-5600-cl40-vengeance-rgb.html
2026-08-11,Pamięć RAM,G.SKILL 32GB (2x16GB) 3200MHz CL16 Aegis,989.0,,https://www.x-kom.pl/p/539275-pamiec-ram-ddr4-gskill-32gb-2x16gb-3200mhz-cl16-aegis.html
2026-08-11,Pamięć RAM,GOODRAM 8GB (1x8GB) 1600MHz CL11,209.0,,https://www.x-kom.pl/p/420909-pamiec-ram-sodimm-ddr3-goodram-8gb-1x8gb-1600mhz-cl11.html
2026-08-11,Pamięć RAM,Kingston FURY 16GB (2x8GB) 3200MHz CL16 Beast Black,749.0,,https://www.x-kom.pl/p/667295-pamiec-ram-ddr4-kingston-fury-16gb-2x8gb-3200mhz-cl16-beast-black.html
2026-08-11,Pamięć RAM,Patriot 32GB (2x16GB) 6000MT/s CL30 Venom,1899.0,,https://www.x-kom.pl/p/1258925-pamiec-ram-ddr5-patriot-32gb-2x16gb-6000mt-s-cl30-venom.html
2026-08-11,Procesor,AMD Ryzen 7 5800X,959.0,,https://www.x-kom.pl/p/597430-procesor-amd-ryzen-7-amd-ryzen-7-5800x.html
2026-08-11,Procesor,AMD Ryzen 7 9800X3D,1829.0,,https://www.x-kom.pl/p/1292320-procesor-amd-ryzen-7-amd-ryzen-7-9800x3d.html
2026-08-11,Procesor,AMD Ryzen Threadripper PRO 9995WX,51399.0,,https://www.x-kom.pl/p/1352192-procesor-amd-threadripper-amd-ryzen-threadripper-pro-9995wx.html
2026-08-11,Procesor,Intel Core i5-12400F,579.0,,https://www.x-kom.pl/p/702238-procesory-intel-core-i5-intel-core-i5-12400f.html
2026-08-11,Procesor,Intel Core i7-12700KF,979.0,,https://www.x-kom.pl/p/689604-procesor-intel-core-i7-intel-core-i7-12700kf.html
2026-08-11,Płyta główna,ASRock A520M-ITX/AC,429.0,,https://www.x-kom.pl/p/613677-plyta-glowna-socket-am4-asrock-a520m-itx-ac.html
2026-08-11,Płyta główna,ASUS TUF GAMING B850-PLUS WIFI,909.0,,https://www.x-kom.pl/p/1306481-plyta-glowna-socket-am5-asus-tuf-gaming-b850-plus-wifi.html
2026-08-11,Płyta główna,Gigabyte B650 EAGLE AX,569.0,,https://www.x-kom.pl/p/1226980-plyta-glowna-socket-am5-gigabyte-b650-eagle-ax.html
2026-08-11,Płyta główna,Gigabyte X870 AORUS ELITE WIFI7 ICE,1189.0,,https://www.x-kom.pl/p/1282691-plyta-glowna-socket-am5-gigabyte-x870-aorus-elite-wifi7-ice.html
2026-08-11,Płyta główna,MSI B550 GAMING WIFI,559.0,,https://www.x-kom.pl/p/1480681-plyta-glowna-socket-am4-msi-b550-gaming-wifi.html
2026-08-12,Dysk,ADATA Dysk SSD External SD810 2TB USB3.2C 20Gb/s Srebrny,1499.0,,https://www.x-kom.pl/p/1211896-dysk-zewnetrzny-ssd-adata-dysk-ssd-external-sd810-2tb-usb32c-20gb-s-srebrny.html
2026-08-12,Dysk,Lexar 1TB M.2 PCIe Gen4 NVMe NM790,769.0,,https://www.x-kom.pl/p/1146134-dysk-ssd-lexar-1tb-m2-pcie-gen4-nvme-nm790.html
2026-08-12,Dysk,Samsung 2TB M.2 PCIe Gen5 NVMe 9100 PRO,2699.0,,https://www.x-kom.pl/p/1322624-dysk-ssd-samsung-2tb-m2-pcie-gen5-nvme-9100-pro.html
2026-08-12,Dysk,Seagate BARRACUDA 2TB 7200obr. 256MB,569.0,,https://www.x-kom.pl/p/461759-dysk-hdd-seagate-barracuda-2tb-7200obr-256mb.html
2026-08-12,Dysk,Synology HAT3320-8T 8TB Plus,2199.0,,https://www.x-kom.pl/p/1418298-dysk-hdd-synology-hat3320-8t-8tb-plus.html
2026-08-12,Karta graficzna,Gigabyte GeForce RTX 5070 Windforce OC 12GB GDDR7 DLSS4,3499.0,Zobacz produkty,https://www.x-kom.pl/p/1318534-karta-graficzna-nvidia-gigabyte-geforce-rtx-5070-windforce-oc-12gb-gddr7-dlss4.html
2026-08-12,Karta graficzna,Gigabyte GeForce RTX 5080 Windforce OC 16GB GDDR7 DLSS4,6199.0,Zobacz produkty,https://www.x-kom.pl/p/1309189-karta-graficzna-nvidia-gigabyte-geforce-rtx-5080-windforce-oc-16gb-gddr7-dlss4.html
2026-08-12,Karta graficzna,Gigabyte Radeon RX 9060 XT Gaming OC 16GB GDDR6,2299.0,Zobacz produkty,https://www.x-kom.pl/p/1339802-karta-graficzna-amd-gigabyte-radeon-rx-9060-xt-gaming-oc-16gb-gddr6.html
2026-08-12,Karta graficzna,MSI GeForce RTX 5090 Gaming Trio OC 32GB GDDR7 DLSS4,21499.0,Zobacz produkty,https://www.x-kom.pl/p/1314559-karta-graficzna-nvidia-msi-geforce-rtx-5090-gaming-trio-oc-32gb-gddr7-dlss4.html
2026-08-12,Karta graficzna,PowerColor Radeon RX 7600 Fighter 8GB V2 GDDR6,1249.0,Zobacz produkty,https://www.x-kom.pl/p/1368326-karta-graficzna-amd-powercolor-radeon-rx-7600-fighter-8gb-v2-gddr6.html
2026-08-12,Pamięć RAM,Corsair 16GB (2x8GB) 5600 CL40 Vengeance RGB,1299.0,,https://www.x-kom.pl/p/1486220-pamiec-ram-ddr5-corsair-16gb-2x8gb-5600-cl40-vengeance-rgb.html
2026-08-12,Pamięć RAM,G.SKILL 32GB (2x16GB) 3200MHz CL16 Aegis,989.0,,https://www.x-kom.pl/p/539275-pamiec-ram-ddr4-gskill-32gb-2x16gb-3200mhz-cl16-aegis.html
2026-08-12,Pamięć RAM,GOODRAM 8GB (1x8GB) 1600MHz CL11,209.0,,https://www.x-kom.pl/p/420909-pamiec-ram-sodimm-ddr3-goodram-8gb-1x8gb-1600mhz-cl11.html
2026-08-12,Pamięć RAM,Kingston FURY 16GB (2x8GB) 3200MHz CL16 Beast Black,749.0,,https://www.x-kom.pl/p/667295-pamiec-ram-ddr4-kingston-fury-16gb-2x8gb-3200mhz-cl16-beast-black.html
2026-08-12,Pamięć RAM,Patriot 32GB (2x16GB) 6000MT/s CL30 Venom,1899.0,,https://www.x-kom.pl/p/1258925-pamiec-ram-ddr5-patriot-32gb-2x16gb-6000mt-s-cl30-venom.html
2026-08-12,Procesor,AMD Ryzen 7 5800X,959.0,,https://www.x-kom.pl/p/597430-procesor-amd-ryzen-7-amd-ryzen-7-5800x.html
2026-08-12,Procesor,AMD Ryzen 7 9800X3D,1829.0,Zobacz produkty,https://www.x-kom.pl/p/1292320-procesor-amd-ryzen-7-amd-ryzen-7-9800x3d.html
2026-08-12,Procesor,AMD Ryzen Threadripper PRO 9995WX,51399.0,,https://www.x-kom.pl/p/1352192-procesor-amd-threadripper-amd-ryzen-threadripper-pro-9995wx.html
2026-08-12,Procesor,Intel Core i5-12400F,579.0,,https://www.x-kom.pl/p/702238-procesory-intel-core-i5-intel-core-i5-12400f.html
2026-08-12,Procesor,Intel Core i7-12700KF,979.0,,https://www.x-kom.pl/p/689604-procesor-intel-core-i7-intel-core-i7-12700kf.html
2026-08-12,Płyta główna,ASRock A520M-ITX/AC,429.0,,https://www.x-kom.pl/p/613677-plyta-glowna-socket-am4-asrock-a520m-itx-ac.html
2026-08-12,Płyta główna,ASUS TUF GAMING B850-PLUS WIFI,909.0,,https://www.x-kom.pl/p/1306481-plyta-glowna-socket-am5-asus-tuf-gaming-b850-plus-wifi.html
2026-08-12,Płyta główna,Gigabyte B650 EAGLE AX,569.0,,https://www.x-kom.pl/p/1226980-plyta-glowna-socket-am5-gigabyte-b650-eagle-ax.html
2026-08-12,Płyta główna,Gigabyte X870 AORUS ELITE WIFI7 ICE,1189.0,,https://www.x-kom.pl/p/1282691-plyta-glowna-socket-am5-gigabyte-x870-aorus-elite-wifi7-ice.html
2026-08-12,Płyta główna,MSI B550 GAMING WIFI,559.0,,https://www.x-kom.pl/p/1480681-plyta-glowna-socket-am4-msi-b550-gaming-wifi.html
2026-08-13,Dysk,ADATA Dysk SSD External SD810 2TB USB3.2C 20Gb/s Srebrny,1499.0,,https://www.x-kom.pl/p/1211896-dysk-zewnetrzny-ssd-adata-dysk-ssd-external-sd810-2tb-usb32c-20gb-s-srebrny.html
2026-08-13,Dysk,Lexar 1TB M.2 PCIe Gen4 NVMe NM790,769.0,,https://www.x-kom.pl/p/1146134-dysk-ssd-lexar-1tb-m2-pcie-gen4-nvme-nm790.html
2026-08-13,Dysk,Samsung 2TB M.2 PCIe Gen5 NVMe 9100 PRO,2699.0,,https://www.x-kom.pl/p/1322624-dysk-ssd-samsung-2tb-m2-pcie-gen5-nvme-9100-pro.html
2026-08-13,Dysk,Seagate BARRACUDA 2TB 7200obr. 256MB,569.0,,https://www.x-kom.pl/p/461759-dysk-hdd-seagate-barracuda-2tb-7200obr-256mb.html
2026-08-13,Dysk,Synology HAT3320-8T 8TB Plus,2199.0,,https://www.x-kom.pl/p/1418298-dysk-hdd-synology-hat3320-8t-8tb-plus.html
2026-08-13,Karta graficzna,Gigabyte GeForce RTX 5070 Windforce OC 12GB GDDR7 DLSS4,3499.0,,https://www.x-kom.pl/p/1318534-karta-graficzna-nvidia-gigabyte-geforce-rtx-5070-windforce-oc-12gb-gddr7-dlss4.html
2026-08-13,Karta graficzna,Gigabyte GeForce RTX 5080 Windforce OC 16GB GDDR7 DLSS4,6199.0,,https://www.x-kom.pl/p/1309189-karta-graficzna-nvidia-gigabyte-geforce-rtx-5080-windforce-oc-16gb-gddr7-dlss4.html
2026-08-13,Karta graficzna,Gigabyte Radeon RX 9060 XT Gaming OC 16GB GDDR6,2299.0,,https://www.x-kom.pl/p/1339802-karta-graficzna-amd-gigabyte-radeon-rx-9060-xt-gaming-oc-16gb-gddr6.html
2026-08-13,Karta graficzna,MSI GeForce RTX 5090 Gaming Trio OC 32GB GDDR7 DLSS4,21499.0,,https://www.x-kom.pl/p/1314559-karta-graficzna-nvidia-msi-geforce-rtx-5090-gaming-trio-oc-32gb-gddr7-dlss4.html
2026-08-13,Karta graficzna,PowerColor Radeon RX 7600 Fighter 8GB V2 GDDR6,1249.0,,https://www.x-kom.pl/p/1368326-karta-graficzna-amd-powercolor-radeon-rx-7600-fighter-8gb-v2-gddr6.html
2026-08-13,Pamięć RAM,Corsair 16GB (2x8GB) 5600 CL40 Vengeance RGB,1299.0,,https://www.x-kom.pl/p/1486220-pamiec-ram-ddr5-corsair-16gb-2x8gb-5600-cl40-vengeance-rgb.html
2026-08-13,Pamięć RAM,G.SKILL 32GB (2x16GB) 3200MHz CL16 Aegis,989.0,,https://www.x-kom.pl/p/539275-pamiec-ram-ddr4-gskill-32gb-2x16gb-3200mhz-cl16-aegis.html
2026-08-13,Pamięć RAM,GOODRAM 8GB (1x8GB) 1600MHz CL11,209.0,,https://www.x-kom.pl/p/420909-pamiec-ram-sodimm-ddr3-goodram-8gb-1x8gb-1600mhz-cl11.html
2026-08-13,Pamięć RAM,Kingston FURY 16GB (2x8GB) 3200MHz CL16 Beast Black,749.0,,https://www.x-kom.pl/p/667295-pamiec-ram-ddr4-kingston-fury-16gb-2x8gb-3200mhz-cl16-beast-black.html
2026-08-13,Pamięć RAM,Patriot 32GB (2x16GB) 6000MT/s CL30 Venom,1899.0,,https://www.x-kom.pl/p/1258925-pamiec-ram-ddr5-patriot-32gb-2x16gb-6000mt-s-cl30-venom.html
2026-08-13,Procesor,AMD Ryzen 7 5800X,959.0,,https://www.x-kom.pl/p/597430-procesor-amd-ryzen-7-amd-ryzen-7-5800x.html
2026-08-13,Procesor,AMD Ryzen 7 9800X3D,1829.0,,https://www.x-kom.pl/p/1292320-procesor-amd-ryzen-7-amd-ryzen-7-9800x3d.html
2026-08-13,Procesor,AMD Ryzen Threadripper PRO 9995WX,51399.0,,https://www.x-kom.pl/p/1352192-procesor-amd-threadripper-amd-ryzen-threadripper-pro-9995wx.html
2026-08-13,Procesor,Intel Core i5-12400F,579.0,,https://www.x-kom.pl/p/702238-procesory-intel-core-i5-intel-core-i5-12400f.html
2026-08-13,Procesor,Intel Core i7-12700KF,979.0,,https://www.x-kom.pl/p/689604-procesor-intel-core-i7-intel-core-i7-12700kf.html
2026-08-13,Płyta główna,ASRock A520M-ITX/AC,429.0,,https://www.x-kom.pl/p/613677-plyta-glowna-socket-am4-asrock-a520m-itx-ac.html
2026-08-13,Płyta główna,ASUS TUF GAMING B850-PLUS WIFI,909.0,,https://www.x-kom.pl/p/1306481-plyta-glowna-socket-am5-asus-tuf-gaming-b850-plus-wifi.html
2026-08-13,Płyta główna,Gigabyte B650 EAGLE AX,569.0,,https://www.x-kom.pl/p/1226980-plyta-glowna-socket-am5-gigabyte-b650-eagle-ax.html
2026-08-13,Płyta główna,Gigabyte X870 AORUS ELITE WIFI7 ICE,1189.0,,https://www.x-kom.pl/p/1282691-plyta-glowna-socket-am5-gigabyte-x870-aorus-elite-wifi7-ice.html
2026-08-13,Płyta główna,MSI B550 GAMING WIFI,559.0,,https://www.x-kom.pl/p/1480681-plyta-glowna-socket-am4-msi-b550-gaming-wifi.html
2026-08-14,Dysk,ADATA Dysk SSD External SD810 2TB USB3.2C 20Gb/s Srebrny,1499.0,,https://www.x-kom.pl/p/1211896-dysk-zewnetrzny-ssd-adata-dysk-ssd-external-sd810-2tb-usb32c-20gb-s-srebrny.html
2026-08-14,Dysk,Lexar 1TB M.2 PCIe Gen4 NVMe NM790,769.0,,https://www.x-kom.pl/p/1146134-dysk-ssd-lexar-1tb-m2-pcie-gen4-nvme-nm790.html
2026-08-14,Dysk,Samsung 2TB M.2 PCIe Gen5 NVMe 9100 PRO,2699.0,,https://www.x-kom.pl/p/1322624-dysk-ssd-samsung-2tb-m2-pcie-gen5-nvme-9100-pro.html
2026-08-14,Dysk,Seagate BARRACUDA 2TB 7200obr. 256MB,569.0,,https://www.x-kom.pl/p/461759-dysk-hdd-seagate-barracuda-2tb-7200obr-256mb.html
2026-08-14,Dysk,Synology HAT3320-8T 8TB Plus,2199.0,,https://www.x-kom.pl/p/1418298-dysk-hdd-synology-hat3320-8t-8tb-plus.html
2026-08-14,Karta graficzna,Gigabyte GeForce RTX 5070 Windforce OC 12GB GDDR7 DLSS4,3499.0,Zobacz produkty,https://www.x-kom.pl/p/1318534-karta-graficzna-nvidia-gigabyte-geforce-rtx-5070-windforce-oc-12gb-gddr7-dlss4.html
2026-08-14,Karta graficzna,Gigabyte GeForce RTX 5080 Windforce OC 16GB GDDR7 DLSS4,6199.0,Zobacz produkty,https://www.x-kom.pl/p/1309189-karta-graficzna-nvidia-gigabyte-geforce-rtx-5080-windforce-oc-16gb-gddr7-dlss4.html
2026-08-14,Karta graficzna,Gigabyte Radeon RX 9060 XT Gaming OC 16GB GDDR6,2299.0,Zobacz produkty,https://www.x-kom.pl/p/1339802-karta-graficzna-amd-gigabyte-radeon-rx-9060-xt-gaming-oc-16gb-gddr6.html
2026-08-14,Karta graficzna,MSI GeForce RTX 5090 Gaming Trio OC 32GB GDDR7 DLSS4,21499.0,Zobacz produkty,https://www.x-kom.pl/p/1314559-karta-graficzna-nvidia-msi-geforce-rtx-5090-gaming-trio-oc-32gb-gddr7-dlss4.html
2026-08-14,Karta graficzna,PowerColor Radeon RX 7600 Fighter 8GB V2 GDDR6,1249.0,Zobacz produkty,https://www.x-kom.pl/p/1368326-karta-graficzna-amd-powercolor-radeon-rx-7600-fighter-8gb-v2-gddr6.html
2026-08-14,Pamięć RAM,Corsair 16GB (2x8GB) 5600 CL40 Vengeance RGB,1299.0,,https://www.x-kom.pl/p/1486220-pamiec-ram-ddr5-corsair-16gb-2x8gb-5600-cl40-vengeance-rgb.html
2026-08-14,Pamięć RAM,G.SKILL 32GB (2x16GB) 3200MHz CL16 Aegis,989.0,,https://www.x-kom.pl/p/539275-pamiec-ram-ddr4-gskill-32gb-2x16gb-3200mhz-cl16-aegis.html
2026-08-14,Pamięć RAM,GOODRAM 8GB (1x8GB) 1600MHz CL11,209.0,,https://www.x-kom.pl/p/420909-pamiec-ram-sodimm-ddr3-goodram-8gb-1x8gb-1600mhz-cl11.html
2026-08-14,Pamięć RAM,Kingston FURY 16GB (2x8GB) 3200MHz CL16 Beast Black,749.0,,https://www.x-kom.pl/p/667295-pamiec-ram-ddr4-kingston-fury-16gb-2x8gb-3200mhz-cl16-beast-black.html
2026-08-14,Pamięć RAM,Patriot 32GB (2x16GB) 6000MT/s CL30 Venom,1909.0,,https://www.x-kom.pl/p/1258925-pamiec-ram-ddr5-patriot-32gb-2x16gb-6000mt-s-cl30-venom.html
2026-08-14,Procesor,AMD Ryzen 7 5800X,959.0,,https://www.x-kom.pl/p/597430-procesor-amd-ryzen-7-amd-ryzen-7-5800x.html
2026-08-14,Procesor,AMD Ryzen 7 9800X3D,1829.0,Zobacz produkty,https://www.x-kom.pl/p/1292320-procesor-amd-ryzen-7-amd-ryzen-7-9800x3d.html
2026-08-14,Procesor,AMD Ryzen Threadripper PRO 9995WX,51399.0,,https://www.x-kom.pl/p/1352192-procesor-amd-threadripper-amd-ryzen-threadripper-pro-9995wx.html
2026-08-14,Procesor,Intel Core i5-12400F,579.0,,https://www.x-kom.pl/p/702238-procesory-intel-core-i5-intel-core-i5-12400f.html
2026-08-14,Procesor,Intel Core i7-12700KF,979.0,,https://www.x-kom.pl/p/689604-procesor-intel-core-i7-intel-core-i7-12700kf.html
2026-08-14,Płyta główna,ASRock A520M-ITX/AC,429.0,,https://www.x-kom.pl/p/613677-plyta-glowna-socket-am4-asrock-a520m-itx-ac.html
2026-08-14,Płyta główna,ASUS TUF GAMING B850-PLUS WIFI,909.0,,https://www.x-kom.pl/p/1306481-plyta-glowna-socket-am5-asus-tuf-gaming-b850-plus-wifi.html
2026-08-14,Płyta główna,Gigabyte B650 EAGLE AX,569.0,,https://www.x-kom.pl/p/1226980-plyta-glowna-socket-am5-gigabyte-b650-eagle-ax.html
2026-08-14,Płyta główna,Gigabyte X870 AORUS ELITE WIFI7 ICE,1189.0,,https://www.x-kom.pl/p/1282691-plyta-glowna-socket-am5-gigabyte-x870-aorus-elite-wifi7-ice.html
2026-08-14,Płyta główna,MSI B550 GAMING WIFI,559.0,,https://www.x-kom.pl/p/1480681-plyta-glowna-socket-am4-msi-b550-gaming-wifi.html
2026-08-15,Dysk,ADATA Dysk SSD External SD810 2TB USB3.2C 20Gb/s Srebrny,1499.0,,https://www.x-kom.pl/p/1211896-dysk-zewnetrzny-ssd-adata-dysk-ssd-external-sd810-2tb-usb32c-20gb-s-srebrny.html
2026-08-15,Dysk,Lexar 1TB M.2 PCIe Gen4 NVMe NM790,769.0,,https://www.x-kom.pl/p/1146134-dysk-ssd-lexar-1tb-m2-pcie-gen4-nvme-nm790.html
2026-08-15,Dysk,Samsung 2TB M.2 PCIe Gen5 NVMe 9100 PRO,2699.0,,https://www.x-kom.pl/p/1322624-dysk-ssd-samsung-2tb-m2-pcie-gen5-nvme-9100-pro.html
2026-08-15,Dysk,Seagate BARRACUDA 2TB 7200obr. 256MB,569.0,,https://www.x-kom.pl/p/461759-dysk-hdd-seagate-barracuda-2tb-7200obr-256mb.html
2026-08-15,Dysk,Synology HAT3320-8T 8TB Plus,2199.0,,https://www.x-kom.pl/p/1418298-dysk-hdd-synology-hat3320-8t-8tb-plus.html
2026-08-15,Karta graficzna,Gigabyte GeForce RTX 5070 Windforce OC 12GB GDDR7 DLSS4,3499.0,Zobacz produkty,https://www.x-kom.pl/p/1318534-karta-graficzna-nvidia-gigabyte-geforce-rtx-5070-windforce-oc-12gb-gddr7-dlss4.html
2026-08-15,Karta graficzna,Gigabyte GeForce RTX 5080 Windforce OC 16GB GDDR7 DLSS4,6199.0,Zobacz produkty,https://www.x-kom.pl/p/1309189-karta-graficzna-nvidia-gigabyte-geforce-rtx-5080-windforce-oc-16gb-gddr7-dlss4.html
2026-08-15,Karta graficzna,Gigabyte Radeon RX 9060 XT Gaming OC 16GB GDDR6,2299.0,Zobacz produkty,https://www.x-kom.pl/p/1339802-karta-graficzna-amd-gigabyte-radeon-rx-9060-xt-gaming-oc-16gb-gddr6.html
2026-08-15,Karta graficzna,MSI GeForce RTX 5090 Gaming Trio OC 32GB GDDR7 DLSS4,21499.0,Zobacz produkty,https://www.x-kom.pl/p/1314559-karta-graficzna-nvidia-msi-geforce-rtx-5090-gaming-trio-oc-32gb-gddr7-dlss4.html
2026-08-15,Karta graficzna,PowerColor Radeon RX 7600 Fighter 8GB V2 GDDR6,1249.0,Zobacz produkty,https://www.x-kom.pl/p/1368326-karta-graficzna-amd-powercolor-radeon-rx-7600-fighter-8gb-v2-gddr6.html
2026-08-15,Pamięć RAM,Corsair 16GB (2x8GB) 5600 CL40 Vengeance RGB,1299.0,,https://www.x-kom.pl/p/1486220-pamiec-ram-ddr5-corsair-16gb-2x8gb-5600-cl40-vengeance-rgb.html
2026-08-15,Pamięć RAM,G.SKILL 32GB (2x16GB) 3200MHz CL16 Aegis,1169.0,,https://www.x-kom.pl/p/539275-pamiec-ram-ddr4-gskill-32gb-2x16gb-3200mhz-cl16-aegis.html
2026-08-15,Pamięć RAM,GOODRAM 8GB (1x8GB) 1600MHz CL11,209.0,,https://www.x-kom.pl/p/420909-pamiec-ram-sodimm-ddr3-goodram-8gb-1x8gb-1600mhz-cl11.html
2026-08-15,Pamięć RAM,Kingston FURY 16GB (2x8GB) 3200MHz CL16 Beast Black,749.0,,https://www.x-kom.pl/p/667295-pamiec-ram-ddr4-kingston-fury-16gb-2x8gb-3200mhz-cl16-beast-black.html
2026-08-15,Pamięć RAM,Patriot 32GB (2x16GB) 6000MT/s CL30 Venom,1909.0,,https://www.x-kom.pl/p/1258925-pamiec-ram-ddr5-patriot-32gb-2x16gb-6000mt-s-cl30-venom.html
2026-08-15,Procesor,AMD Ryzen 7 5800X,959.0,,https://www.x-kom.pl/p/597430-procesor-amd-ryzen-7-amd-ryzen-7-5800x.html
2026-08-15,Procesor,AMD Ryzen 7 9800X3D,1829.0,Zobacz produkty,https://www.x-kom.pl/p/1292320-procesor-amd-ryzen-7-amd-ryzen-7-9800x3d.html
2026-08-15,Procesor,AMD Ryzen Threadripper PRO 9995WX,51399.0,,https://www.x-kom.pl/p/1352192-procesor-amd-threadripper-amd-ryzen-threadripper-pro-9995wx.html
2026-08-15,Procesor,Intel Core i5-12400F,579.0,,https://www.x-kom.pl/p/702238-procesory-intel-core-i5-intel-core-i5-12400f.html
2026-08-15,Procesor,Intel Core i7-12700KF,979.0,,https://www.x-kom.pl/p/689604-procesor-intel-core-i7-intel-core-i7-12700kf.html
2026-08-15,Płyta główna,ASRock A520M-ITX/AC,429.0,,https://www.x-kom.pl/p/613677-plyta-glowna-socket-am4-asrock-a520m-itx-ac.html
2026-08-15,Płyta główna,ASUS TUF GAMING B850-PLUS WIFI,909.0,,https://www.x-kom.pl/p/1306481-plyta-glowna-socket-am5-asus-tuf-gaming-b850-plus-wifi.html
2026-08-15,Płyta główna,Gigabyte B650 EAGLE AX,569.0,,https://www.x-kom.pl/p/1226980-plyta-glowna-socket-am5-gigabyte-b650-eagle-ax.html
2026-08-15,Płyta główna,Gigabyte X870 AORUS ELITE WIFI7 ICE,1189.0,,https://www.x-kom.pl/p/1282691-plyta-glowna-socket-am5-gigabyte-x870-aorus-elite-wifi7-ice.html
2026-08-15,Płyta główna,MSI B550 GAMING WIFI,559.0,,https://www.x-kom.pl/p/1480681-plyta-glowna-socket-am4-msi-b550-gaming-wifi.html
2026-08-16,Dysk,ADATA Dysk SSD External SD810 2TB USB3.2C 20Gb/s Srebrny,1499.0,,https://www.x-kom.pl/p/1211896-dysk-zewnetrzny-ssd-adata-dysk-ssd-external-sd810-2tb-usb32c-20gb-s-srebrny.html
2026-08-16,Dysk,Lexar 1TB M.2 PCIe Gen4 NVMe NM790,769.0,,https://www.x-kom.pl/p/1146134-dysk-ssd-lexar-1tb-m2-pcie-gen4-nvme-nm790.html
2026-08-16,Dysk,Samsung 2TB M.2 PCIe Gen5 NVMe 9100 PRO,2699.0,,https://www.x-kom.pl/p/1322624-dysk-ssd-samsung-2tb-m2-pcie-gen5-nvme-9100-pro.html
2026-08-16,Dysk,Seagate BARRACUDA 2TB 7200obr. 256MB,569.0,,https://www.x-kom.pl/p/461759-dysk-hdd-seagate-barracuda-2tb-7200obr-256mb.html
2026-08-16,Dysk,Synology HAT3320-8T 8TB Plus,2199.0,,https://www.x-kom.pl/p/1418298-dysk-hdd-synology-hat3320-8t-8tb-plus.html
2026-08-16,Karta graficzna,Gigabyte GeForce RTX 5070 Windforce OC 12GB GDDR7 DLSS4,3499.0,Zobacz produkty,https://www.x-kom.pl/p/1318534-karta-graficzna-nvidia-gigabyte-geforce-rtx-5070-windforce-oc-12gb-gddr7-dlss4.html
2026-08-16,Karta graficzna,Gigabyte GeForce RTX 5080 Windforce OC 16GB GDDR7 DLSS4,6199.0,Zobacz produkty,https://www.x-kom.pl/p/1309189-karta-graficzna-nvidia-gigabyte-geforce-rtx-5080-windforce-oc-16gb-gddr7-dlss4.html
2026-08-16,Karta graficzna,Gigabyte Radeon RX 9060 XT Gaming OC 16GB GDDR6,2299.0,Zobacz produkty,https://www.x-kom.pl/p/1339802-karta-graficzna-amd-gigabyte-radeon-rx-9060-xt-gaming-oc-16gb-gddr6.html
2026-08-16,Karta graficzna,MSI GeForce RTX 5090 Gaming Trio OC 32GB GDDR7 DLSS4,21499.0,Zobacz produkty,https://www.x-kom.pl/p/1314559-karta-graficzna-nvidia-msi-geforce-rtx-5090-gaming-trio-oc-32gb-gddr7-dlss4.html
2026-08-16,Karta graficzna,PowerColor Radeon RX 7600 Fighter 8GB V2 GDDR6,1249.0,Zobacz produkty,https://www.x-kom.pl/p/1368326-karta-graficzna-amd-powercolor-radeon-rx-7600-fighter-8gb-v2-gddr6.html
2026-08-16,Pamięć RAM,Corsair 16GB (2x8GB) 5600 CL40 Vengeance RGB,1299.0,,https://www.x-kom.pl/p/1486220-pamiec-ram-ddr5-corsair-16gb-2x8gb-5600-cl40-vengeance-rgb.html
2026-08-16,Pamięć RAM,G.SKILL 32GB (2x16GB) 3200MHz CL16 Aegis,1169.0,,https://www.x-kom.pl/p/539275-pamiec-ram-ddr4-gskill-32gb-2x16gb-3200mhz-cl16-aegis.html
2026-08-16,Pamięć RAM,GOODRAM 8GB (1x8GB) 1600MHz CL11,209.0,,https://www.x-kom.pl/p/420909-pamiec-ram-sodimm-ddr3-goodram-8gb-1x8gb-1600mhz-cl11.html
2026-08-16,Pamięć RAM,Kingston FURY 16GB (2x8GB) 3200MHz CL16 Beast Black,749.0,,https://www.x-kom.pl/p/667295-pamiec-ram-ddr4-kingston-fury-16gb-2x8gb-3200mhz-cl16-beast-black.html
2026-08-16,Pamięć RAM,Patriot 32GB (2x16GB) 6000MT/s CL30 Venom,1909.0,,https://www.x-kom.pl/p/1258925-pamiec-ram-ddr5-patriot-32gb-2x16gb-6000mt-s-cl30-venom.html
2026-08-16,Procesor,AMD Ryzen 7 5800X,959.0,,https://www.x-kom.pl/p/597430-procesor-amd-ryzen-7-amd-ryzen-7-5800x.html
2026-08-16,Procesor,AMD Ryzen 7 9800X3D,1829.0,,https://www.x-kom.pl/p/1292320-procesor-amd-ryzen-7-amd-ryzen-7-9800x3d.html
2026-08-16,Procesor,AMD Ryzen Threadripper PRO 9995WX,51399.0,,https://www.x-kom.pl/p/1352192-procesor-amd-threadripper-amd-ryzen-threadripper-pro-9995wx.html
2026-08-16,Procesor,Intel Core i5-12400F,579.0,,https://www.x-kom.pl/p/702238-procesory-intel-core-i5-intel-core-i5-12400f.html
2026-08-16,Procesor,Intel Core i7-12700KF,979.0,,https://www.x-kom.pl/p/689604-procesor-intel-core-i7-intel-core-i7-12700kf.html
2026-08-16,Płyta główna,ASRock A520M-ITX/AC,429.0,,https://www.x-kom.pl/p/613677-plyta-glowna-socket-am4-asrock-a520m-itx-ac.html
2026-08-16,Płyta główna,ASUS TUF GAMING B850-PLUS WIFI,909.0,,https://www.x-kom.pl/p/1306481-plyta-glowna-socket-am5-asus-tuf-gaming-b850-plus-wifi.html
2026-08-16,Płyta główna,Gigabyte B650 EAGLE AX,569.0,,https://www.x-kom.pl/p/1226980-plyta-glowna-socket-am5-gigabyte-b650-eagle-ax.html
2026-08-16,Płyta główna,Gigabyte X870 AORUS ELITE WIFI7 ICE,1189.0,,https://www.x-kom.pl/p/1282691-plyta-glowna-socket-am5-gigabyte-x870-aorus-elite-wifi7-ice.html
2026-08-16,Płyta główna,MSI B550 GAMING WIFI,559.0,,https://www.x-kom.pl/p/1480681-plyta-glowna-socket-am4-msi-b550-gaming-wifi.html
2026-08-17,Dysk,ADATA Dysk SSD External SD810 2TB USB3.2C 20Gb/s Srebrny,1499.0,,https://www.x-kom.pl/p/1211896-dysk-zewnetrzny-ssd-adata-dysk-ssd-external-sd810-2tb-usb32c-20gb-s-srebrny.html
2026-08-17,Dysk,Lexar 1TB M.2 PCIe Gen4 NVMe NM790,769.0,,https://www.x-kom.pl/p/1146134-dysk-ssd-lexar-1tb-m2-pcie-gen4-nvme-nm790.html
2026-08-17,Dysk,Samsung 2TB M.2 PCIe Gen5 NVMe 9100 PRO,2699.0,,https://www.x-kom.pl/p/1322624-dysk-ssd-samsung-2tb-m2-pcie-gen5-nvme-9100-pro.html
2026-08-17,Dysk,Seagate BARRACUDA 2TB 7200obr. 256MB,9.99,,https://www.x-kom.pl/p/461759-dysk-hdd-seagate-barracuda-2tb-7200obr-256mb.html
2026-08-17,Dysk,Synology HAT3320-8T 8TB Plus,2199.0,,https://www.x-kom.pl/p/1418298-dysk-hdd-synology-hat3320-8t-8tb-plus.html
2026-08-17,Karta graficzna,Gigabyte GeForce RTX 5070 Windforce OC 12GB GDDR7 DLSS4,3499.0,Zobacz produkty,https://www.x-kom.pl/p/1318534-karta-graficzna-nvidia-gigabyte-geforce-rtx-5070-windforce-oc-12gb-gddr7-dlss4.html
2026-08-17,Karta graficzna,Gigabyte GeForce RTX 5080 Windforce OC 16GB GDDR7 DLSS4,6199.0,,https://www.x-kom.pl/p/1309189-karta-graficzna-nvidia-gigabyte-geforce-rtx-5080-windforce-oc-16gb-gddr7-dlss4.html
2026-08-17,Karta graficzna,Gigabyte Radeon RX 9060 XT Gaming OC 16GB GDDR6,2299.0,Zobacz produkty,https://www.x-kom.pl/p/1339802-karta-graficzna-amd-gigabyte-radeon-rx-9060-xt-gaming-oc-16gb-gddr6.html
2026-08-17,Karta graficzna,MSI GeForce RTX 5090 Gaming Trio OC 32GB GDDR7 DLSS4,21499.0,Zobacz produkty,https://www.x-kom.pl/p/1314559-karta-graficzna-nvidia-msi-geforce-rtx-5090-gaming-trio-oc-32gb-gddr7-dlss4.html
2026-08-17,Karta graficzna,PowerColor Radeon RX 7600 Fighter 8GB V2 GDDR6,1249.0,,https://www.x-kom.pl/p/1368326-karta-graficzna-amd-powercolor-radeon-rx-7600-fighter-8gb-v2-gddr6.html
2026-08-17,Pamięć RAM,Corsair 16GB (2x8GB) 5600 CL40 Vengeance RGB,1299.0,,https://www.x-kom.pl/p/1486220-pamiec-ram-ddr5-corsair-16gb-2x8gb-5600-cl40-vengeance-rgb.html
2026-08-17,Pamięć RAM,G.SKILL 32GB (2x16GB) 3200MHz CL16 Aegis,1169.0,,https://www.x-kom.pl/p/539275-pamiec-ram-ddr4-gskill-32gb-2x16gb-3200mhz-cl16-aegis.html
2026-08-17,Pamięć RAM,GOODRAM 8GB (1x8GB) 1600MHz CL11,209.0,,https://www.x-kom.pl/p/420909-pamiec-ram-sodimm-ddr3-goodram-8gb-1x8gb-1600mhz-cl11.html
2026-08-17,Pamięć RAM,Kingston FURY 16GB (2x8GB) 3200MHz CL16 Beast Black,749.0,,https://www.x-kom.pl/p/667295-pamiec-ram-ddr4-kingston-fury-16gb-2x8gb-3200mhz-cl16-beast-black.html
2026-08-17,Pamięć RAM,Patriot 32GB (2x16GB) 6000MT/s CL30 Venom,1909.0,,https://www.x-kom.pl/p/1258925-pamiec-ram-ddr5-patriot-32gb-2x16gb-6000mt-s-cl30-venom.html
2026-08-17,Procesor,AMD Ryzen 7 5800X,959.0,,https://www.x-kom.pl/p/597430-procesor-amd-ryzen-7-amd-ryzen-7-5800x.html
2026-08-17,Procesor,AMD Ryzen 7 9800X3D,1829.0,,https://www.x-kom.pl/p/1292320-procesor-amd-ryzen-7-amd-ryzen-7-9800x3d.html
2026-08-17,Procesor,AMD Ryzen Threadripper PRO 9995WX,51399.0,,https://www.x-kom.pl/p/1352192-procesor-amd-threadripper-amd-ryzen-threadripper-pro-9995wx.html
2026-08-17,Procesor,Intel Core i5-12400F,579.0,,https://www.x-kom.pl/p/702238-procesory-intel-core-i5-intel-core-i5-12400f.html
2026-08-17,Procesor,Intel Core i7-12700KF,1039.0,,https://www.x-kom.pl/p/689604-procesor-intel-core-i7-intel-core-i7-12700kf.html
2026-08-17,Płyta główna,ASRock A520M-ITX/AC,429.0,,https://www.x-kom.pl/p/613677-plyta-glowna-socket-am4-asrock-a520m-itx-ac.html
2026-08-17,Płyta główna,ASUS TUF GAMING B850-PLUS WIFI,909.0,,https://www.x-kom.pl/p/1306481-plyta-glowna-socket-am5-asus-tuf-gaming-b850-plus-wifi.html
2026-08-17,Płyta główna,Gigabyte B650 EAGLE AX,569.0,,https://www.x-kom.pl/p/1226980-plyta-glowna-socket-am5-gigabyte-b650-eagle-ax.html
2026-08-17,Płyta główna,Gigabyte X870 AORUS ELITE WIFI7 ICE,1189.0,,https://www.x-kom.pl/p/1282691-plyta-glowna-socket-am5-gigabyte-x870-aorus-elite-wifi7-ice.html
2026-08-17,Płyta główna,MSI B550 GAMING WIFI,559.0,,https://www.x-kom.pl/p/1480681-plyta-glowna-socket-am4-msi-b550-gaming-wifi.html
2026-09-04,Dysk,www.x-kom.pl,,,https://www.x-kom.pl/p/1322624-dysk-ssd-samsung-2tb-m2-pcie-gen5-nvme-9100-pro.html
2026-09-04,Dysk,www.x-kom.pl,,,https://www.x-kom.pl/p/1146134-dysk-ssd-lexar-1tb-m2-pcie-gen4-nvme-nm790.html
2026-09-04,Dysk,www.x-kom.pl,,,https://www.x-kom.pl/p/1418298-dysk-hdd-synology-hat3320-8t-8tb-plus.html
2026-09-04,Dysk,www.x-kom.pl,,,https://www.x-kom.pl/p/461759-dysk-hdd-seagate-barracuda-2tb-7200obr-256mb.html
2026-09-04,Dysk,www.x-kom.pl,,,https://www.x-kom.pl/p/1211896-dysk-zewnetrzny-ssd-adata-dysk-ssd-external-sd810-2tb-usb32c-20gb-s-srebrny.html
2026-09-04,Karta graficzna,www.x-kom.pl,,,https://www.x-kom.pl/p/1339802-karta-graficzna-amd-gigabyte-radeon-rx-9060-xt-gaming-oc-16gb-gddr6.html
2026-09-04,Karta graficzna,www.x-kom.pl,,,https://www.x-kom.pl/p/1318534-karta-graficzna-nvidia-gigabyte-geforce-rtx-5070-windforce-oc-12gb-gddr7-dlss4.html
2026-09-04,Karta graficzna,www.x-kom.pl,,,https://www.x-kom.pl/p/1314559-karta-graficzna-nvidia-msi-geforce-rtx-5090-gaming-trio-oc-32gb-gddr7-dlss4.html
2026-09-04,Karta graficzna,www.x-kom.pl,,,https://www.x-kom.pl/p/1309189-karta-graficzna-nvidia-gigabyte-geforce-rtx-5080-windforce-oc-16gb-gddr7-dlss4.html
2026-09-04,Karta graficzna,www.x-kom.pl,,,https://www.x-kom.pl/p/1368326-karta-graficzna-amd-powercolor-radeon-rx-7600-fighter-8gb-v2-gddr6.html
2026-09-04,Pamięć RAM,www.x-kom.pl,,,https://www.x-kom.pl/p/1486220-pamiec-ram-ddr5-corsair-16gb-2x8gb-5600-cl40-vengeance-rgb.html
2026-09-04,Pamięć RAM,www.x-kom.pl,,,https://www.x-kom.pl/p/1258925-pamiec-ram-ddr5-patriot-32gb-2x16gb-6000mt-s-cl30-venom.html
2026-09-04,Pamięć RAM,www.x-kom.pl,,,https://www.x-kom.pl/p/667295-pamiec-ram-ddr4-kingston-fury-16gb-2x8gb-3200mhz-cl16-beast-black.html
2026-09-04,Pamięć RAM,www.x-kom.pl,,,https://www.x-kom.pl/p/539275-pamiec-ram-ddr4-gskill-32gb-2x16gb-3200mhz-cl16-aegis.html
2026-09-04,Pamięć RAM,www.x-kom.pl,,,https://www.x-kom.pl/p/420909-pamiec-ram-sodimm-ddr3-goodram-8gb-1x8gb-1600mhz-cl11.html
2026-09-04,Procesor,www.x-kom.pl,,,https://www.x-kom.pl/p/1292320-procesor-amd-ryzen-7-amd-ryzen-7-9800x3d.html
2026-09-04,Procesor,www.x-kom.pl,,,https://www.x-kom.pl/p/597430-procesor-amd-ryzen-7-amd-ryzen-7-5800x.html
2026-09-04,Procesor,www.x-kom.pl,,,https://www.x-kom.pl/p/702238-procesory-intel-core-i5-intel-core-i5-12400f.html
2026-09-04,Procesor,www.x-kom.pl,,,https://www.x-kom.pl/p/689604-procesor-intel-core-i7-intel-core-i7-12700kf.html
2026-09-04,Procesor,www.x-kom.pl,,,https://www.x-kom.pl/p/1352192-procesor-amd-threadripper-amd-ryzen-threadripper-pro-9995wx.html
2026-09-04,Płyta główna,www.x-kom.pl,,,https://www.x-kom.pl/p/1226980-plyta-glowna-socket-am5-gigabyte-b650-eagle-ax.html
2026-09-04,Płyta główna,www.x-kom.pl,,,https://www.x-kom.pl/p/1306481-plyta-glowna-socket-am5-asus-tuf-gaming-b850-plus-wifi.html
2026-09-04,Płyta główna,www.x-kom.pl,,,https://www.x-kom.pl/p/1282691-plyta-glowna-socket-am5-gigabyte-x870-aorus-elite-wifi7-ice.html
2026-09-04,Płyta główna,www.x-kom.pl,,,https://www.x-kom.pl/p/1480681-plyta-glowna-socket-am4-msi-b550-gaming-wifi.html
2026-09-04,Płyta główna,www.x-kom.pl,,,https://www.x-kom.pl/p/613677-plyta-glowna-socket-am4-asrock-a520m-itx-ac.html
2026-09-05,Dysk,www.x-kom.pl,N/A,N/A,https://www.x-kom.pl/p/1322624-dysk-ssd-samsung-2tb-m2-pcie-gen5-nvme-9100-pro.html
2026-09-05,Dysk,www.x-kom.pl,N/A,N/A,https://www.x-kom.pl/p/1146134-dysk-ssd-lexar-1tb-m2-pcie-gen4-nvme-nm790.html
2026-09-05,Dysk,www.x-kom.pl,N/A,N/A,https://www.x-kom.pl/p/1418298-dysk-hdd-synology-hat3320-8t-8tb-plus.html
2026-09-05,Dysk,www.x-kom.pl,N/A,N/A,https://www.x-kom.pl/p/461759-dysk-hdd-seagate-barracuda-2tb-7200obr-256mb.html
2026-09-05,Dysk,www.x-kom.pl,N/A,N/A,https://www.x-kom.pl/p/1211896-dysk-zewnetrzny-ssd-adata-dysk-ssd-external-sd810-2tb-usb32c-20gb-s-srebrny.html
2026-09-05,Karta graficzna,www.x-kom.pl,N/A,N/A,https://www.x-kom.pl/p/1339802-karta-graficzna-amd-gigabyte-radeon-rx-9060-xt-gaming-oc-16gb-gddr6.html
2026-09-05,Karta graficzna,www.x-kom.pl,N/A,N/A,https://www.x-kom.pl/p/1318534-karta-graficzna-nvidia-gigabyte-geforce-rtx-5070-windforce-oc-12gb-gddr7-dlss4.html
2026-09-05,Karta graficzna,www.x-kom.pl,N/A,N/A,https://www.x-kom.pl/p/1314559-karta-graficzna-nvidia-msi-geforce-rtx-5090-gaming-trio-oc-32gb-gddr7-dlss4.html
2026-09-05,Karta graficzna,www.x-kom.pl,N/A,N/A,https://www.x-kom.pl/p/1309189-karta-graficzna-nvidia-gigabyte-geforce-rtx-5080-windforce-oc-16gb-gddr7-dlss4.html
2026-09-05,Karta graficzna,www.x-kom.pl,N/A,N/A,https://www.x-kom.pl/p/1368326-karta-graficzna-amd-powercolor-radeon-rx-7600-fighter-8gb-v2-gddr6.html
2026-09-05,Pamięć RAM,www.x-kom.pl,N/A,N/A,https://www.x-kom.pl/p/1486220-pamiec-ram-ddr5-corsair-16gb-2x8gb-5600-cl40-vengeance-rgb.html
2026-09-05,Pamięć RAM,www.x-kom.pl,N/A,N/A,https://www.x-kom.pl/p/1258925-pamiec-ram-ddr5-patriot-32gb-2x16gb-6000mt-s-cl30-venom.html
2026-09-05,Pamięć RAM,www.x-kom.pl,N/A,N/A,https://www.x-kom.pl/p/667295-pamiec-ram-ddr4-kingston-fury-16gb-2x8gb-3200mhz-cl16-beast-black.html
2026-09-05,Pamięć RAM,www.x-kom.pl,N/A,N/A,https://www.x-kom.pl/p/539275-pamiec-ram-ddr4-gskill-32gb-2x16gb-3200mhz-cl16-aegis.html
2026-09-05,Pamięć RAM,www.x-kom.pl,N/A,N/A,https://www.x-kom.pl/p/420909-pamiec-ram-sodimm-ddr3-goodram-8gb-1x8gb-1600mhz-cl11.html
2026-09-05,Procesor,www.x-kom.pl,N/A,N/A,https://www.x-kom.pl/p/1292320-procesor-amd-ryzen-7-amd-ryzen-7-9800x3d.html
2026-09-05,Procesor,www.x-kom.pl,N/A,N/A,https://www.x-kom.pl/p/597430-procesor-amd-ryzen-7-amd-ryzen-7-5800x.html
2026-09-05,Procesor,www.x-kom.pl,N/A,N/A,https://www.x-kom.pl/p/702238-procesory-intel-core-i5-intel-core-i5-12400f.html
2026-09-05,Procesor,www.x-kom.pl,N/A,N/A,https://www.x-kom.pl/p/689604-procesor-intel-core-i7-intel-core-i7-12700kf.html
2026-09-05,Procesor,www.x-kom.pl,N/A,N/A,https://www.x-kom.pl/p/1352192-procesor-amd-threadripper-amd-ryzen-threadripper-pro-9995wx.html
2026-09-05,Płyta główna,www.x-kom.pl,N/A,N/A,https://www.x-kom.pl/p/1226980-plyta-glowna-socket-am5-gigabyte-b650-eagle-ax.html
2026-09-05,Płyta główna,www.x-kom.pl,N/A,N/A,https://www.x-kom.pl/p/1306481-plyta-glowna-socket-am5-asus-tuf-gaming-b850-plus-wifi.html
2026-09-05,Płyta główna,www.x-kom.pl,N/A,N/A,https://www.x-kom.pl/p/1282691-plyta-glowna-socket-am5-gigabyte-x870-aorus-elite-wifi7-ice.html
2026-09-05,Płyta główna,www.x-kom.pl,N/A,N/A,https://www.x-kom.pl/p/1480681-plyta-glowna-socket-am4-msi-b550-gaming-wifi.html
2026-09-05,Płyta główna,www.x-kom.pl,N/A,N/A,https://www.x-kom.pl/p/613677-plyta-glowna-socket-am4-asrock-a520m-itx-ac.html
